#
# There is insufficient memory for the Java Runtime Environment to continue.
# Native memory allocation (mmap) failed to map 298844160 bytes. Error detail: G1 virtual space
# Possible reasons:
#   The system is out of physical RAM or swap space
#   This process is running with CompressedOops enabled, and the Java Heap may be blocking the growth of the native heap
# Possible solutions:
#   Reduce memory load on the system
#   Increase physical memory or swap space
#   Check if swap backing store is full
#   Decrease Java heap size (-Xmx/-Xms)
#   Decrease number of Java threads
#   Decrease Java thread stack sizes (-Xss)
#   Set larger code cache with -XX:ReservedCodeCacheSize=
#   JVM is running with Unscaled Compressed Oops mode in which the Java heap is
#     placed in the first 4GB address space. The Java Heap base address is the
#     maximum limit for the native heap growth. Please use -XX:HeapBaseMinAddress
#     to set the Java Heap base and to place the Java Heap above 4GB virtual address.
# This output file may be truncated or incomplete.
#
#  Out of Memory Error (os_windows.cpp:3714), pid=9264, tid=22008
#
# JRE version: OpenJDK Runtime Environment Temurin-21.0.10+7 (21.0.10+7) (build 21.0.10+7-LTS)
# Java VM: OpenJDK 64-Bit Server VM Temurin-21.0.10+7 (21.0.10+7-LTS, mixed mode, sharing, tiered, compressed oops, compressed class ptrs, g1 gc, windows-amd64)
# No core dump will be written. Minidumps are not enabled by default on client versions of Windows
#

---------------  S U M M A R Y ------------

Command Line: -XX:MaxMetaspaceSize=512m --add-opens=java.base/java.util=ALL-UNNAMED --add-opens=java.base/java.lang=ALL-UNNAMED --add-opens=java.base/java.lang.invoke=ALL-UNNAMED --add-opens=java.prefs/java.util.prefs=ALL-UNNAMED --add-opens=java.base/java.nio.charset=ALL-UNNAMED --add-opens=java.base/java.net=ALL-UNNAMED --add-opens=java.base/java.util.concurrent.atomic=ALL-UNNAMED -Xmx2048m -Dfile.encoding=utf8 -Duser.country=US -Duser.language=en -Duser.variant -javaagent:D:\gradle_cache\wrapper\dists\gradle-8.7-bin\bhs2wmbdwecv87pi65oeuq5iu\gradle-8.7\lib\agents\gradle-instrumentation-agent-8.7.jar org.gradle.launcher.daemon.bootstrap.GradleDaemon 8.7

Host: Intel(R) Core(TM) i3-10105 CPU @ 3.70GHz, 8 cores, 15G,  Windows 11 , 64 bit Build 26100 (10.0.26100.8328)
Time: Tue Sep 22 10:33:08 2026 India Standard Time elapsed time: 155.323861 seconds (0d 0h 2m 35s)

---------------  T H R E A D  ---------------

Current thread (0x00000289ba33d3d0):  VMThread "VM Thread"          [id=22008, stack(0x0000009c25700000,0x0000009c25800000) (1024K)]

Stack: [0x0000009c25700000,0x0000009c25800000]
Native frames: (J=compiled Java code, j=interpreted, Vv=VM code, C=native code)
V  [jvm.dll+0x6d7a39]
V  [jvm.dll+0x8b4b26]
V  [jvm.dll+0x8b70de]
V  [jvm.dll+0x8b77c3]
V  [jvm.dll+0x284346]
V  [jvm.dll+0x6d4355]
V  [jvm.dll+0x6c808a]
V  [jvm.dll+0x35edb8]
V  [jvm.dll+0x3669f6]
V  [jvm.dll+0x3b7afe]
V  [jvm.dll+0x3b7da8]
V  [jvm.dll+0x332fbc]
V  [jvm.dll+0x333047]
V  [jvm.dll+0x376e1c]
V  [jvm.dll+0x3755be]
V  [jvm.dll+0x332701]
V  [jvm.dll+0x374fe8]
V  [jvm.dll+0x8bd4b0]
V  [jvm.dll+0x8be824]
V  [jvm.dll+0x8bed50]
V  [jvm.dll+0x8beff3]
V  [jvm.dll+0x85f59d]
V  [jvm.dll+0x6d626d]
C  [ucrtbase.dll+0x37b0]
C  [KERNEL32.DLL+0x2e957]
C  [ntdll.dll+0x427c]

VM_Operation (0x0000009c2b3fb870): G1TryInitiateConcMark, mode: safepoint, requested by thread 0x00000289dfaaaa90


---------------  P R O C E S S  ---------------

Threads class SMR info:
_java_thread_list=0x00000289dfafe060, length=131, elements={
0x00000289a07e7fa0, 0x00000289ba35c690, 0x00000289ba35fe20, 0x00000289ba3635b0,
0x00000289ba364010, 0x00000289ba364a70, 0x00000289ba3654d0, 0x00000289ba366260,
0x00000289ba36ece0, 0x00000289ba6445e0, 0x00000289ba606c70, 0x00000289da97d3b0,
0x00000289daefb8b0, 0x00000289da584f70, 0x00000289da3df740, 0x00000289da914150,
0x00000289da216010, 0x00000289db0deb10, 0x00000289db155500, 0x00000289db153ac0,
0x00000289db152080, 0x00000289db1547e0, 0x00000289db154150, 0x00000289db152710,
0x00000289dd087820, 0x00000289dd088540, 0x00000289dd089260, 0x00000289dd086470,
0x00000289dd0898f0, 0x00000289dd089f80, 0x00000289dd086b00, 0x00000289dd087190,
0x00000289ddbf14b0, 0x00000289ddbf0100, 0x00000289ddbefa70, 0x00000289ddbef3e0,
0x00000289ddbf1b40, 0x00000289ddbf2860, 0x00000289ddbf2ef0, 0x00000289ddbf0e20,
0x00000289ddbf3580, 0x00000289ddbf3c10, 0x00000289ddbf0790, 0x00000289ddbf42a0,
0x00000289ddbf4930, 0x00000289ddbf5ce0, 0x00000289ddbf4fc0, 0x00000289ddbf5650,
0x00000289ddbf6370, 0x00000289debcc530, 0x00000289debcd8e0, 0x00000289debce600,
0x00000289debcf9b0, 0x00000289debcf320, 0x00000289debd06d0, 0x00000289debd0d60,
0x00000289debd13f0, 0x00000289debd0040, 0x00000289debd1a80, 0x00000289debd2110,
0x00000289debcec90, 0x00000289debd2e30, 0x00000289debd34c0, 0x00000289debd27a0,
0x00000289debd3b50, 0x00000289db152da0, 0x00000289ddbf6a00, 0x00000289dfaa6260,
0x00000289dfaa89c0, 0x00000289dfaa8330, 0x00000289dfaa5540, 0x00000289dfaa6f80,
0x00000289dfaa68f0, 0x00000289dfaa9050, 0x00000289dfaa7610, 0x00000289dfaa7ca0,
0x00000289dfaa5bd0, 0x00000289dfaa9d70, 0x00000289dfaab120, 0x00000289dfaac4d0,
0x00000289dfaacb60, 0x00000289dfaa96e0, 0x00000289dfaaaa90, 0x00000289dfaaa400,
0x00000289dfaab7b0, 0x00000289dfaabe40, 0x00000289db8ae810, 0x00000289db8b0f70,
0x00000289db8aeea0, 0x00000289db8af530, 0x00000289db8adaf0, 0x00000289db8b08e0,
0x00000289db8b2320, 0x00000289db8b29b0, 0x00000289db8afbc0, 0x00000289db8b4a80,
0x00000289db8b5110, 0x00000289db8b43f0, 0x00000289db8b36d0, 0x00000289db8b1600,
0x00000289dd37a930, 0x00000289dd378ef0, 0x00000289dd379c10, 0x00000289dd37afc0,
0x00000289dd37b650, 0x00000289dd378860, 0x00000289dd37bce0, 0x00000289dd37ca00,
0x00000289dd37ddb0, 0x00000289dd37ead0, 0x00000289dd37fe80, 0x00000289dd37d090,
0x00000289dd37e440, 0x00000289dd37f160, 0x00000289dd37d720, 0x00000289dc972ce0,
0x00000289dc970c10, 0x00000289dc972650, 0x00000289dc96f860, 0x00000289dc973370,
0x00000289dc96fef0, 0x00000289dc973a00, 0x00000289dc970580, 0x00000289dc971930,
0x00000289dc974090, 0x00000289dc974720, 0x00000289dc9712a0, 0x00000289dc9767f0,
0x00000289dc974db0, 0x00000289dc975440, 0x00000289dd35bee0
}

Java Threads: ( => current thread )
  0x00000289a07e7fa0 JavaThread "main"                              [_thread_blocked, id=21540, stack(0x0000009c25000000,0x0000009c25100000) (1024K)]
  0x00000289ba35c690 JavaThread "Reference Handler"          daemon [_thread_blocked, id=6236, stack(0x0000009c25800000,0x0000009c25900000) (1024K)]
  0x00000289ba35fe20 JavaThread "Finalizer"                  daemon [_thread_blocked, id=19344, stack(0x0000009c25900000,0x0000009c25a00000) (1024K)]
  0x00000289ba3635b0 JavaThread "Signal Dispatcher"          daemon [_thread_blocked, id=18484, stack(0x0000009c25a00000,0x0000009c25b00000) (1024K)]
  0x00000289ba364010 JavaThread "Attach Listener"            daemon [_thread_blocked, id=13660, stack(0x0000009c25b00000,0x0000009c25c00000) (1024K)]
  0x00000289ba364a70 JavaThread "Service Thread"             daemon [_thread_blocked, id=8580, stack(0x0000009c25c00000,0x0000009c25d00000) (1024K)]
  0x00000289ba3654d0 JavaThread "Monitor Deflation Thread"   daemon [_thread_blocked, id=15804, stack(0x0000009c25d00000,0x0000009c25e00000) (1024K)]
  0x00000289ba366260 JavaThread "C2 CompilerThread0"         daemon [_thread_blocked, id=17236, stack(0x0000009c25e00000,0x0000009c25f00000) (1024K)]
  0x00000289ba36ece0 JavaThread "C1 CompilerThread0"         daemon [_thread_blocked, id=23000, stack(0x0000009c25f00000,0x0000009c26000000) (1024K)]
  0x00000289ba6445e0 JavaThread "Common-Cleaner"             daemon [_thread_blocked, id=23044, stack(0x0000009c26000000,0x0000009c26100000) (1024K)]
  0x00000289ba606c70 JavaThread "Notification Thread"        daemon [_thread_blocked, id=12204, stack(0x0000009c26100000,0x0000009c26200000) (1024K)]
  0x00000289da97d3b0 JavaThread "Daemon health stats"               [_thread_blocked, id=15740, stack(0x0000009c26800000,0x0000009c26900000) (1024K)]
  0x00000289daefb8b0 JavaThread "Incoming local TCP Connector on port 64019"        [_thread_in_native, id=10016, stack(0x0000009c26900000,0x0000009c26a00000) (1024K)]
  0x00000289da584f70 JavaThread "Daemon periodic checks"            [_thread_blocked, id=19164, stack(0x0000009c26a00000,0x0000009c26b00000) (1024K)]
  0x00000289da3df740 JavaThread "Daemon"                            [_thread_blocked, id=23228, stack(0x0000009c26b00000,0x0000009c26c00000) (1024K)]
  0x00000289da914150 JavaThread "Handler for socket connection from /127.0.0.1:64019 to /127.0.0.1:64020"        [_thread_in_native, id=9436, stack(0x0000009c26c00000,0x0000009c26d00000) (1024K)]
  0x00000289da216010 JavaThread "Cancel handler"                    [_thread_blocked, id=1556, stack(0x0000009c26d00000,0x0000009c26e00000) (1024K)]
  0x00000289db0deb10 JavaThread "Daemon worker"                     [_thread_blocked, id=20820, stack(0x0000009c26e00000,0x0000009c26f00000) (1024K)]
  0x00000289db155500 JavaThread "Asynchronous log dispatcher for DefaultDaemonConnection: socket connection from /127.0.0.1:64019 to /127.0.0.1:64020"        [_thread_blocked, id=23128, stack(0x0000009c26f00000,0x0000009c27000000) (1024K)]
  0x00000289db153ac0 JavaThread "Daemon client event forwarder"        [_thread_blocked, id=22716, stack(0x0000009c27100000,0x0000009c27200000) (1024K)]
  0x00000289db152080 JavaThread "Cache worker for journal cache (D:\gradle_cache\caches\journal-1)"        [_thread_blocked, id=19176, stack(0x0000009c26200000,0x0000009c26300000) (1024K)]
  0x00000289db1547e0 JavaThread "File lock request listener"        [_thread_in_native, id=17188, stack(0x0000009c27200000,0x0000009c27300000) (1024K)]
  0x00000289db154150 JavaThread "Cache worker for file hash cache (D:\gradle_cache\caches\8.7\fileHashes)"        [_thread_blocked, id=22908, stack(0x0000009c27300000,0x0000009c27400000) (1024K)]
  0x00000289db152710 JavaThread "File lock release action executor"        [_thread_blocked, id=15424, stack(0x0000009c27500000,0x0000009c27600000) (1024K)]
  0x00000289dd087820 JavaThread "Cache worker for file hash cache (D:\trackboxstudent\android\.gradle\8.7\fileHashes)"        [_thread_blocked, id=23548, stack(0x0000009c27400000,0x0000009c27500000) (1024K)]
  0x00000289dd088540 JavaThread "File watcher server"        daemon [_thread_in_native, id=20508, stack(0x0000009c27a00000,0x0000009c27b00000) (1024K)]
  0x00000289dd089260 JavaThread "File watcher consumer"      daemon [_thread_blocked, id=424, stack(0x0000009c27b00000,0x0000009c27c00000) (1024K)]
  0x00000289dd086470 JavaThread "Cache worker for checksums cache (D:\trackboxstudent\android\.gradle\8.7\checksums)"        [_thread_blocked, id=20260, stack(0x0000009c27c00000,0x0000009c27d00000) (1024K)]
  0x00000289dd0898f0 JavaThread "Cache worker for cache directory md-supplier (D:\gradle_cache\caches\8.7\md-supplier)"        [_thread_blocked, id=15088, stack(0x0000009c27600000,0x0000009c27700000) (1024K)]
  0x00000289dd089f80 JavaThread "Cache worker for cache directory md-rule (D:\gradle_cache\caches\8.7\md-rule)"        [_thread_blocked, id=20076, stack(0x0000009c27d00000,0x0000009c27e00000) (1024K)]
  0x00000289dd086b00 JavaThread "Cache worker for file content cache (D:\gradle_cache\caches\8.7\fileContent)"        [_thread_blocked, id=15772, stack(0x0000009c27e00000,0x0000009c27f00000) (1024K)]
  0x00000289dd087190 JavaThread "jar transforms"                    [_thread_blocked, id=7888, stack(0x0000009c27f00000,0x0000009c28000000) (1024K)]
  0x00000289ddbf14b0 JavaThread "Cache worker for Build Output Cleanup Cache (D:\flutter\packages\flutter_tools\gradle\.gradle\buildOutputCleanup)"        [_thread_blocked, id=9996, stack(0x0000009c28000000,0x0000009c28100000) (1024K)]
  0x00000289ddbf0100 JavaThread "Unconstrained build operations"        [_thread_blocked, id=22408, stack(0x0000009c28300000,0x0000009c28400000) (1024K)]
  0x00000289ddbefa70 JavaThread "Unconstrained build operations Thread 2"        [_thread_blocked, id=16036, stack(0x0000009c28400000,0x0000009c28500000) (1024K)]
  0x00000289ddbef3e0 JavaThread "Unconstrained build operations Thread 3"        [_thread_blocked, id=21324, stack(0x0000009c28500000,0x0000009c28600000) (1024K)]
  0x00000289ddbf1b40 JavaThread "Unconstrained build operations Thread 4"        [_thread_blocked, id=12064, stack(0x0000009c28600000,0x0000009c28700000) (1024K)]
  0x00000289ddbf2860 JavaThread "Unconstrained build operations Thread 5"        [_thread_blocked, id=23216, stack(0x0000009c28700000,0x0000009c28800000) (1024K)]
  0x00000289ddbf2ef0 JavaThread "Unconstrained build operations Thread 6"        [_thread_blocked, id=6380, stack(0x0000009c28800000,0x0000009c28900000) (1024K)]
  0x00000289ddbf0e20 JavaThread "Unconstrained build operations Thread 7"        [_thread_blocked, id=4948, stack(0x0000009c28900000,0x0000009c28a00000) (1024K)]
  0x00000289ddbf3580 JavaThread "Unconstrained build operations Thread 8"        [_thread_blocked, id=11136, stack(0x0000009c28a00000,0x0000009c28b00000) (1024K)]
  0x00000289ddbf3c10 JavaThread "Unconstrained build operations Thread 9"        [_thread_blocked, id=18460, stack(0x0000009c28200000,0x0000009c28300000) (1024K)]
  0x00000289ddbf0790 JavaThread "Unconstrained build operations Thread 10"        [_thread_blocked, id=23164, stack(0x0000009c28b00000,0x0000009c28c00000) (1024K)]
  0x00000289ddbf42a0 JavaThread "Unconstrained build operations Thread 11"        [_thread_blocked, id=19720, stack(0x0000009c28c00000,0x0000009c28d00000) (1024K)]
  0x00000289ddbf4930 JavaThread "Unconstrained build operations Thread 12"        [_thread_blocked, id=9928, stack(0x0000009c28d00000,0x0000009c28e00000) (1024K)]
  0x00000289ddbf5ce0 JavaThread "Unconstrained build operations Thread 13"        [_thread_blocked, id=22636, stack(0x0000009c28e00000,0x0000009c28f00000) (1024K)]
  0x00000289ddbf4fc0 JavaThread "Unconstrained build operations Thread 14"        [_thread_blocked, id=20104, stack(0x0000009c28f00000,0x0000009c29000000) (1024K)]
  0x00000289ddbf5650 JavaThread "Memory manager"                    [_thread_blocked, id=19916, stack(0x0000009c29000000,0x0000009c29100000) (1024K)]
  0x00000289ddbf6370 JavaThread "build event listener"              [_thread_blocked, id=3868, stack(0x0000009c29100000,0x0000009c29200000) (1024K)]
  0x00000289debcc530 JavaThread "included builds"                   [_thread_blocked, id=19216, stack(0x0000009c29300000,0x0000009c29400000) (1024K)]
  0x00000289debcd8e0 JavaThread "Execution worker"                  [_thread_blocked, id=18072, stack(0x0000009c29400000,0x0000009c29500000) (1024K)]
  0x00000289debce600 JavaThread "Execution worker Thread 2"         [_thread_blocked, id=7520, stack(0x0000009c29500000,0x0000009c29600000) (1024K)]
  0x00000289debcf9b0 JavaThread "Execution worker Thread 3"         [_thread_blocked, id=23240, stack(0x0000009c29600000,0x0000009c29700000) (1024K)]
  0x00000289debcf320 JavaThread "Execution worker Thread 4"         [_thread_blocked, id=20128, stack(0x0000009c29700000,0x0000009c29800000) (1024K)]
  0x00000289debd06d0 JavaThread "Execution worker Thread 5"         [_thread_blocked, id=20360, stack(0x0000009c29800000,0x0000009c29900000) (1024K)]
  0x00000289debd0d60 JavaThread "Execution worker Thread 6"         [_thread_blocked, id=20152, stack(0x0000009c29900000,0x0000009c29a00000) (1024K)]
  0x00000289debd13f0 JavaThread "Execution worker Thread 7"         [_thread_blocked, id=15816, stack(0x0000009c29a00000,0x0000009c29b00000) (1024K)]
  0x00000289debd0040 JavaThread "Cache worker for execution history cache (D:\flutter\packages\flutter_tools\gradle\.gradle\8.7\executionHistory)"        [_thread_blocked, id=16380, stack(0x0000009c29b00000,0x0000009c29c00000) (1024K)]
  0x00000289debd1a80 JavaThread "Unconstrained build operations Thread 15"        [_thread_blocked, id=20840, stack(0x0000009c29c00000,0x0000009c29d00000) (1024K)]
  0x00000289debd2110 JavaThread "Unconstrained build operations Thread 16"        [_thread_blocked, id=18128, stack(0x0000009c29d00000,0x0000009c29e00000) (1024K)]
  0x00000289debcec90 JavaThread "Unconstrained build operations Thread 17"        [_thread_blocked, id=15220, stack(0x0000009c29e00000,0x0000009c29f00000) (1024K)]
  0x00000289debd2e30 JavaThread "Unconstrained build operations Thread 18"        [_thread_blocked, id=15328, stack(0x0000009c29f00000,0x0000009c2a000000) (1024K)]
  0x00000289debd34c0 JavaThread "Unconstrained build operations Thread 19"        [_thread_blocked, id=11624, stack(0x0000009c2a000000,0x0000009c2a100000) (1024K)]
  0x00000289debd27a0 JavaThread "Unconstrained build operations Thread 20"        [_thread_blocked, id=8372, stack(0x0000009c2a100000,0x0000009c2a200000) (1024K)]
  0x00000289debd3b50 JavaThread "Unconstrained build operations Thread 21"        [_thread_blocked, id=15128, stack(0x0000009c2a200000,0x0000009c2a300000) (1024K)]
  0x00000289db152da0 JavaThread "Unconstrained build operations Thread 22"        [_thread_blocked, id=21776, stack(0x0000009c2a300000,0x0000009c2a400000) (1024K)]
  0x00000289ddbf6a00 JavaThread "Unconstrained build operations Thread 23"        [_thread_blocked, id=15172, stack(0x0000009c2a400000,0x0000009c2a500000) (1024K)]
  0x00000289dfaa6260 JavaThread "Unconstrained build operations Thread 24"        [_thread_blocked, id=6588, stack(0x0000009c2a500000,0x0000009c2a600000) (1024K)]
  0x00000289dfaa89c0 JavaThread "Unconstrained build operations Thread 25"        [_thread_blocked, id=13668, stack(0x0000009c2a600000,0x0000009c2a700000) (1024K)]
  0x00000289dfaa8330 JavaThread "Unconstrained build operations Thread 26"        [_thread_blocked, id=7812, stack(0x0000009c2a700000,0x0000009c2a800000) (1024K)]
  0x00000289dfaa5540 JavaThread "Unconstrained build operations Thread 27"        [_thread_blocked, id=14972, stack(0x0000009c2a800000,0x0000009c2a900000) (1024K)]
  0x00000289dfaa6f80 JavaThread "Unconstrained build operations Thread 28"        [_thread_blocked, id=13564, stack(0x0000009c2a900000,0x0000009c2aa00000) (1024K)]
  0x00000289dfaa68f0 JavaThread "Unconstrained build operations Thread 29"        [_thread_blocked, id=17192, stack(0x0000009c24e00000,0x0000009c24f00000) (1024K)]
  0x00000289dfaa9050 JavaThread "Unconstrained build operations Thread 30"        [_thread_blocked, id=4004, stack(0x0000009c2aa00000,0x0000009c2ab00000) (1024K)]
  0x00000289dfaa7610 JavaThread "Unconstrained build operations Thread 31"        [_thread_blocked, id=15356, stack(0x0000009c2ab00000,0x0000009c2ac00000) (1024K)]
  0x00000289dfaa7ca0 JavaThread "Unconstrained build operations Thread 32"        [_thread_blocked, id=16116, stack(0x0000009c2ac00000,0x0000009c2ad00000) (1024K)]
  0x00000289dfaa5bd0 JavaThread "Unconstrained build operations Thread 33"        [_thread_blocked, id=21988, stack(0x0000009c2ad00000,0x0000009c2ae00000) (1024K)]
  0x00000289dfaa9d70 JavaThread "Unconstrained build operations Thread 34"        [_thread_blocked, id=20072, stack(0x0000009c2ae00000,0x0000009c2af00000) (1024K)]
  0x00000289dfaab120 JavaThread "Unconstrained build operations Thread 35"        [_thread_blocked, id=9652, stack(0x0000009c29200000,0x0000009c29300000) (1024K)]
  0x00000289dfaac4d0 JavaThread "Unconstrained build operations Thread 36"        [_thread_blocked, id=9872, stack(0x0000009c2b000000,0x0000009c2b100000) (1024K)]
  0x00000289dfaacb60 JavaThread "Unconstrained build operations Thread 37"        [_thread_blocked, id=17796, stack(0x0000009c2b100000,0x0000009c2b200000) (1024K)]
  0x00000289dfaa96e0 JavaThread "Unconstrained build operations Thread 38"        [_thread_blocked, id=5684, stack(0x0000009c2b200000,0x0000009c2b300000) (1024K)]
  0x00000289dfaaaa90 JavaThread "Unconstrained build operations Thread 39"        [_thread_blocked, id=6644, stack(0x0000009c2b300000,0x0000009c2b400000) (1024K)]
  0x00000289dfaaa400 JavaThread "Unconstrained build operations Thread 40"        [_thread_blocked, id=13436, stack(0x0000009c2b400000,0x0000009c2b500000) (1024K)]
  0x00000289dfaab7b0 JavaThread "Unconstrained build operations Thread 41"        [_thread_blocked, id=15852, stack(0x0000009c2b500000,0x0000009c2b600000) (1024K)]
  0x00000289dfaabe40 JavaThread "Unconstrained build operations Thread 42"        [_thread_blocked, id=18824, stack(0x0000009c2b600000,0x0000009c2b700000) (1024K)]
  0x00000289db8ae810 JavaThread "WorkerExecutor Queue"              [_thread_blocked, id=21280, stack(0x0000009c28100000,0x0000009c28200000) (1024K)]
  0x00000289db8b0f70 JavaThread "RMI Scheduler(0)"           daemon [_thread_blocked, id=18344, stack(0x0000009c2b700000,0x0000009c2b800000) (1024K)]
  0x00000289db8aeea0 JavaThread "RMI RenewClean-[127.0.0.1:17953,org.jetbrains.kotlin.daemon.common.LoopbackNetworkInterface$ClientLoopbackSocketFactory@1749f85f]" daemon [_thread_blocked, id=18536, stack(0x0000009c2b800000,0x0000009c2b900000) (1024K)]
  0x00000289db8af530 JavaThread "RMI GC Daemon"              daemon [_thread_blocked, id=21140, stack(0x0000009c2b900000,0x0000009c2ba00000) (1024K)]
  0x00000289db8adaf0 JavaThread "RMI TCP Accept-0"           daemon [_thread_in_native, id=23180, stack(0x0000009c2ba00000,0x0000009c2bb00000) (1024K)]
  0x00000289db8b08e0 JavaThread "RMI Reaper"                        [_thread_blocked, id=23500, stack(0x0000009c2bb00000,0x0000009c2bc00000) (1024K)]
  0x00000289db8b2320 JavaThread "Unconstrained build operations Thread 43"        [_thread_blocked, id=8736, stack(0x0000009c24f00000,0x0000009c25000000) (1024K)]
  0x00000289db8b29b0 JavaThread "Unconstrained build operations Thread 44"        [_thread_blocked, id=4160, stack(0x0000009c27000000,0x0000009c27100000) (1024K)]
  0x00000289db8afbc0 JavaThread "Unconstrained build operations Thread 45"        [_thread_blocked, id=16120, stack(0x0000009c2bf00000,0x0000009c2c000000) (1024K)]
  0x00000289db8b4a80 JavaThread "Unconstrained build operations Thread 46"        [_thread_blocked, id=19424, stack(0x0000009c2c000000,0x0000009c2c100000) (1024K)]
  0x00000289db8b5110 JavaThread "Unconstrained build operations Thread 47"        [_thread_blocked, id=23196, stack(0x0000009c2c100000,0x0000009c2c200000) (1024K)]
  0x00000289db8b43f0 JavaThread "Unconstrained build operations Thread 48"        [_thread_blocked, id=7064, stack(0x0000009c2c200000,0x0000009c2c300000) (1024K)]
  0x00000289db8b36d0 JavaThread "Unconstrained build operations Thread 49"        [_thread_blocked, id=17740, stack(0x0000009c2c300000,0x0000009c2c400000) (1024K)]
  0x00000289db8b1600 JavaThread "Unconstrained build operations Thread 50"        [_thread_blocked, id=22432, stack(0x0000009c24d00000,0x0000009c24e00000) (1024K)]
  0x00000289dd37a930 JavaThread "Unconstrained build operations Thread 51"        [_thread_blocked, id=18140, stack(0x0000009c2bd00000,0x0000009c2be00000) (1024K)]
  0x00000289dd378ef0 JavaThread "Unconstrained build operations Thread 52"        [_thread_blocked, id=23988, stack(0x0000009c2c400000,0x0000009c2c500000) (1024K)]
  0x00000289dd379c10 JavaThread "Unconstrained build operations Thread 53"        [_thread_blocked, id=8760, stack(0x0000009c2c500000,0x0000009c2c600000) (1024K)]
  0x00000289dd37afc0 JavaThread "Unconstrained build operations Thread 54"        [_thread_blocked, id=22824, stack(0x0000009c2c600000,0x0000009c2c700000) (1024K)]
  0x00000289dd37b650 JavaThread "Unconstrained build operations Thread 55"        [_thread_blocked, id=22816, stack(0x0000009c2c700000,0x0000009c2c800000) (1024K)]
  0x00000289dd378860 JavaThread "Unconstrained build operations Thread 56"        [_thread_blocked, id=20196, stack(0x0000009c2c800000,0x0000009c2c900000) (1024K)]
  0x00000289dd37bce0 JavaThread "Unconstrained build operations Thread 57"        [_thread_blocked, id=11828, stack(0x0000009c2c900000,0x0000009c2ca00000) (1024K)]
  0x00000289dd37ca00 JavaThread "Unconstrained build operations Thread 58"        [_thread_blocked, id=19704, stack(0x0000009c2ca00000,0x0000009c2cb00000) (1024K)]
  0x00000289dd37ddb0 JavaThread "Unconstrained build operations Thread 59"        [_thread_blocked, id=15296, stack(0x0000009c2cb00000,0x0000009c2cc00000) (1024K)]
  0x00000289dd37ead0 JavaThread "Unconstrained build operations Thread 60"        [_thread_blocked, id=23876, stack(0x0000009c2cc00000,0x0000009c2cd00000) (1024K)]
  0x00000289dd37fe80 JavaThread "Unconstrained build operations Thread 61"        [_thread_blocked, id=22820, stack(0x0000009c2cd00000,0x0000009c2ce00000) (1024K)]
  0x00000289dd37d090 JavaThread "Unconstrained build operations Thread 62"        [_thread_blocked, id=24540, stack(0x0000009c2ce00000,0x0000009c2cf00000) (1024K)]
  0x00000289dd37e440 JavaThread "Unconstrained build operations Thread 63"        [_thread_blocked, id=23604, stack(0x0000009c2cf00000,0x0000009c2d000000) (1024K)]
  0x00000289dd37f160 JavaThread "Unconstrained build operations Thread 64"        [_thread_blocked, id=19640, stack(0x0000009c2d000000,0x0000009c2d100000) (1024K)]
  0x00000289dd37d720 JavaThread "Unconstrained build operations Thread 65"        [_thread_blocked, id=23624, stack(0x0000009c2d100000,0x0000009c2d200000) (1024K)]
  0x00000289dc972ce0 JavaThread "Unconstrained build operations Thread 66"        [_thread_blocked, id=22520, stack(0x0000009c2d200000,0x0000009c2d300000) (1024K)]
  0x00000289dc970c10 JavaThread "Unconstrained build operations Thread 67"        [_thread_blocked, id=22704, stack(0x0000009c2d300000,0x0000009c2d400000) (1024K)]
  0x00000289dc972650 JavaThread "Unconstrained build operations Thread 68"        [_thread_blocked, id=6984, stack(0x0000009c2d400000,0x0000009c2d500000) (1024K)]
  0x00000289dc96f860 JavaThread "Unconstrained build operations Thread 69"        [_thread_blocked, id=22872, stack(0x0000009c2d500000,0x0000009c2d600000) (1024K)]
  0x00000289dc973370 JavaThread "Unconstrained build operations Thread 70"        [_thread_blocked, id=24488, stack(0x0000009c2d600000,0x0000009c2d700000) (1024K)]
  0x00000289dc96fef0 JavaThread "Unconstrained build operations Thread 71"        [_thread_blocked, id=24464, stack(0x0000009c2d800000,0x0000009c2d900000) (1024K)]
  0x00000289dc973a00 JavaThread "Unconstrained build operations Thread 72"        [_thread_blocked, id=22624, stack(0x0000009c2d700000,0x0000009c2d800000) (1024K)]
  0x00000289dc970580 JavaThread "Unconstrained build operations Thread 73"        [_thread_blocked, id=20036, stack(0x0000009c2d900000,0x0000009c2da00000) (1024K)]
  0x00000289dc971930 JavaThread "Unconstrained build operations Thread 74"        [_thread_blocked, id=13640, stack(0x0000009c2da00000,0x0000009c2db00000) (1024K)]
  0x00000289dc974090 JavaThread "Unconstrained build operations Thread 75"        [_thread_blocked, id=13164, stack(0x0000009c2db00000,0x0000009c2dc00000) (1024K)]
  0x00000289dc974720 JavaThread "Unconstrained build operations Thread 76"        [_thread_blocked, id=23176, stack(0x0000009c2dc00000,0x0000009c2dd00000) (1024K)]
  0x00000289dc9712a0 JavaThread "Unconstrained build operations Thread 77"        [_thread_blocked, id=15512, stack(0x0000009c2dd00000,0x0000009c2de00000) (1024K)]
  0x00000289dc9767f0 JavaThread "Unconstrained build operations Thread 78"        [_thread_blocked, id=24340, stack(0x0000009c2df00000,0x0000009c2e000000) (1024K)]
  0x00000289dc974db0 JavaThread "Unconstrained build operations Thread 79"        [_thread_blocked, id=10280, stack(0x0000009c2e000000,0x0000009c2e100000) (1024K)]
  0x00000289dc975440 JavaThread "Unconstrained build operations Thread 80"        [_thread_blocked, id=19956, stack(0x0000009c2e100000,0x0000009c2e200000) (1024K)]
  0x00000289dd35bee0 JavaThread "C2 CompilerThread1"         daemon [_thread_blocked, id=16156, stack(0x0000009c2bc00000,0x0000009c2bd00000) (1024K)]
Total: 131

Other Threads:
=>0x00000289ba33d3d0 VMThread "VM Thread"                           [id=22008, stack(0x0000009c25700000,0x0000009c25800000) (1024K)]
  0x00000289ba32e780 WatcherThread "VM Periodic Task Thread"        [id=3684, stack(0x0000009c25600000,0x0000009c25700000) (1024K)]
  0x00000289a2c57fc0 WorkerThread "GC Thread#0"                     [id=21780, stack(0x0000009c25100000,0x0000009c25200000) (1024K)]
  0x00000289baf9ce00 WorkerThread "GC Thread#1"                     [id=6228, stack(0x0000009c26300000,0x0000009c26400000) (1024K)]
  0x00000289da062e80 WorkerThread "GC Thread#2"                     [id=22852, stack(0x0000009c26400000,0x0000009c26500000) (1024K)]
  0x00000289da063230 WorkerThread "GC Thread#3"                     [id=7188, stack(0x0000009c26500000,0x0000009c26600000) (1024K)]
  0x00000289ba912270 WorkerThread "GC Thread#4"                     [id=12088, stack(0x0000009c26600000,0x0000009c26700000) (1024K)]
  0x00000289ba912620 WorkerThread "GC Thread#5"                     [id=2168, stack(0x0000009c26700000,0x0000009c26800000) (1024K)]
  0x00000289dcf22050 WorkerThread "GC Thread#6"                     [id=5184, stack(0x0000009c27700000,0x0000009c27800000) (1024K)]
  0x00000289dcf22400 WorkerThread "GC Thread#7"                     [id=9656, stack(0x0000009c27800000,0x0000009c27900000) (1024K)]
  0x00000289a2c68ec0 ConcurrentGCThread "G1 Main Marker"            [id=19476, stack(0x0000009c25200000,0x0000009c25300000) (1024K)]
  0x00000289a2c698e0 WorkerThread "G1 Conc#0"                       [id=2900, stack(0x0000009c25300000,0x0000009c25400000) (1024K)]
  0x00000289dcf227b0 WorkerThread "G1 Conc#1"                       [id=9036, stack(0x0000009c27900000,0x0000009c27a00000) (1024K)]
  0x00000289ba27f710 ConcurrentGCThread "G1 Refine#0"               [id=21708, stack(0x0000009c25400000,0x0000009c25500000) (1024K)]
  0x00000289ba2800a0 ConcurrentGCThread "G1 Service"                [id=21844, stack(0x0000009c25500000,0x0000009c25600000) (1024K)]
Total: 15

Threads with active compile tasks:
C2 CompilerThread0  155361 15574   !   4       java.lang.String::<init> (880 bytes)
C2 CompilerThread1  155361 15577       4       org.gradle.internal.snapshot.ChildMap$Entry::handlePath (135 bytes)
Total: 2

VM state: at safepoint (normal execution)

VM Mutex/Monitor currently owned by a thread:  ([mutex/lock_event])
[0x00007ffccc14e560] Threads_lock - owner thread: 0x00000289ba33d3d0
[0x00007ffccc14e660] Heap_lock - owner thread: 0x00000289dfaaaa90

Heap address: 0x0000000080000000, size: 2048 MB, Compressed Oops mode: 32-bit

CDS archive(s) mapped at: [0x00000289bb000000-0x00000289bbba0000-0x00000289bbba0000), size 12189696, SharedBaseAddress: 0x00000289bb000000, ArchiveRelocationMode: 1.
Compressed class space mapped at: 0x00000289bc000000-0x00000289d6000000, reserved size: 436207616
Narrow klass base: 0x00000289bb000000, Narrow klass shift: 0, Narrow klass range: 0x100000000

GC Precious Log:
 CardTable entry size: 512
 Card Set container configuration: InlinePtr #cards 5 size 8 Array Of Cards #cards 12 size 40 Howl #buckets 4 coarsen threshold 1843 Howl Bitmap #cards 512 size 80 coarsen threshold 460 Card regions per heap region 1 cards per card region 2048
 CPUs: 8 total, 8 available
 Memory: 16165M
 Large Page Support: Disabled
 NUMA Support: Disabled
 Compressed Oops: Enabled (32-bit)
 Heap Region Size: 1M
 Heap Min Capacity: 8M
 Heap Initial Capacity: 254M
 Heap Max Capacity: 2G
 Pre-touch: Disabled
 Parallel Workers: 8
 Concurrent Workers: 2
 Concurrent Refinement Workers: 8
 Periodic GC: Disabled

Heap:
 garbage-first heap   total 284672K, used 100569K [0x0000000080000000, 0x0000000100000000)
  region size 1024K, 8 young (8192K), 8 survivors (8192K)
 Metaspace       used 86851K, committed 88960K, reserved 557056K
  class space    used 12103K, committed 13120K, reserved 425984K

Heap Regions: E=young(eden), S=young(survivor), O=old, HS=humongous(starts), HC=humongous(continues), CS=collection set, F=free, TAMS=top-at-mark-start, PB=parsable bottom
|   0|0x0000000080000000, 0x0000000080100000, 0x0000000080100000|100%|HS|  |TAMS 0x0000000080100000| PB 0x0000000080000000| Complete 
|   1|0x0000000080100000, 0x0000000080200000, 0x0000000080200000|100%|HC|  |TAMS 0x0000000080200000| PB 0x0000000080100000| Complete 
|   2|0x0000000080200000, 0x0000000080300000, 0x0000000080300000|100%|HC|  |TAMS 0x0000000080300000| PB 0x0000000080200000| Complete 
|   3|0x0000000080300000, 0x0000000080400000, 0x0000000080400000|100%|HC|  |TAMS 0x0000000080400000| PB 0x0000000080300000| Complete 
|   4|0x0000000080400000, 0x0000000080500000, 0x0000000080500000|100%| O|  |TAMS 0x0000000080500000| PB 0x0000000080400000| Untracked 
|   5|0x0000000080500000, 0x0000000080600000, 0x0000000080600000|100%| O|  |TAMS 0x0000000080600000| PB 0x0000000080500000| Untracked 
|   6|0x0000000080600000, 0x0000000080700000, 0x0000000080700000|100%| O|  |TAMS 0x0000000080700000| PB 0x0000000080600000| Untracked 
|   7|0x0000000080700000, 0x0000000080800000, 0x0000000080800000|100%| O|  |TAMS 0x0000000080800000| PB 0x0000000080700000| Untracked 
|   8|0x0000000080800000, 0x0000000080900000, 0x0000000080900000|100%| O|  |TAMS 0x0000000080900000| PB 0x0000000080800000| Untracked 
|   9|0x0000000080900000, 0x0000000080a00000, 0x0000000080a00000|100%| O|  |TAMS 0x0000000080a00000| PB 0x0000000080900000| Untracked 
|  10|0x0000000080a00000, 0x0000000080b00000, 0x0000000080b00000|100%| O|  |TAMS 0x0000000080b00000| PB 0x0000000080a00000| Untracked 
|  11|0x0000000080b00000, 0x0000000080c00000, 0x0000000080c00000|100%| O|  |TAMS 0x0000000080c00000| PB 0x0000000080b00000| Untracked 
|  12|0x0000000080c00000, 0x0000000080d00000, 0x0000000080d00000|100%| O|  |TAMS 0x0000000080d00000| PB 0x0000000080c00000| Untracked 
|  13|0x0000000080d00000, 0x0000000080e00000, 0x0000000080e00000|100%| O|  |TAMS 0x0000000080e00000| PB 0x0000000080d00000| Untracked 
|  14|0x0000000080e00000, 0x0000000080f00000, 0x0000000080f00000|100%| O|  |TAMS 0x0000000080f00000| PB 0x0000000080e00000| Untracked 
|  15|0x0000000080f00000, 0x0000000081000000, 0x0000000081000000|100%| O|  |TAMS 0x0000000081000000| PB 0x0000000080f00000| Untracked 
|  16|0x0000000081000000, 0x0000000081100000, 0x0000000081100000|100%| O|  |TAMS 0x0000000081100000| PB 0x0000000081000000| Untracked 
|  17|0x0000000081100000, 0x0000000081200000, 0x0000000081200000|100%| O|  |TAMS 0x0000000081200000| PB 0x0000000081100000| Untracked 
|  18|0x0000000081200000, 0x0000000081300000, 0x0000000081300000|100%| O|  |TAMS 0x0000000081300000| PB 0x0000000081200000| Untracked 
|  19|0x0000000081300000, 0x0000000081400000, 0x0000000081400000|100%| O|  |TAMS 0x0000000081400000| PB 0x0000000081300000| Untracked 
|  20|0x0000000081400000, 0x0000000081500000, 0x0000000081500000|100%| O|  |TAMS 0x0000000081500000| PB 0x0000000081400000| Untracked 
|  21|0x0000000081500000, 0x0000000081600000, 0x0000000081600000|100%| O|  |TAMS 0x0000000081600000| PB 0x0000000081500000| Untracked 
|  22|0x0000000081600000, 0x0000000081700000, 0x0000000081700000|100%| O|  |TAMS 0x0000000081700000| PB 0x0000000081600000| Untracked 
|  23|0x0000000081700000, 0x0000000081800000, 0x0000000081800000|100%| O|  |TAMS 0x0000000081800000| PB 0x0000000081700000| Untracked 
|  24|0x0000000081800000, 0x0000000081900000, 0x0000000081900000|100%| O|  |TAMS 0x0000000081900000| PB 0x0000000081800000| Untracked 
|  25|0x0000000081900000, 0x0000000081a00000, 0x0000000081a00000|100%| O|  |TAMS 0x0000000081a00000| PB 0x0000000081900000| Untracked 
|  26|0x0000000081a00000, 0x0000000081b00000, 0x0000000081b00000|100%| O|  |TAMS 0x0000000081b00000| PB 0x0000000081a00000| Untracked 
|  27|0x0000000081b00000, 0x0000000081c00000, 0x0000000081c00000|100%| O|  |TAMS 0x0000000081c00000| PB 0x0000000081b00000| Untracked 
|  28|0x0000000081c00000, 0x0000000081d00000, 0x0000000081d00000|100%| O|  |TAMS 0x0000000081d00000| PB 0x0000000081c00000| Untracked 
|  29|0x0000000081d00000, 0x0000000081e00000, 0x0000000081e00000|100%| O|  |TAMS 0x0000000081e00000| PB 0x0000000081d00000| Untracked 
|  30|0x0000000081e00000, 0x0000000081f00000, 0x0000000081f00000|100%| O|  |TAMS 0x0000000081f00000| PB 0x0000000081e00000| Untracked 
|  31|0x0000000081f00000, 0x0000000082000000, 0x0000000082000000|100%| O|  |TAMS 0x0000000082000000| PB 0x0000000081f00000| Untracked 
|  32|0x0000000082000000, 0x0000000082100000, 0x0000000082100000|100%| O|  |TAMS 0x0000000082100000| PB 0x0000000082000000| Untracked 
|  33|0x0000000082100000, 0x0000000082200000, 0x0000000082200000|100%| O|  |TAMS 0x0000000082200000| PB 0x0000000082100000| Untracked 
|  34|0x0000000082200000, 0x0000000082300000, 0x0000000082300000|100%| O|  |TAMS 0x0000000082300000| PB 0x0000000082200000| Untracked 
|  35|0x0000000082300000, 0x0000000082400000, 0x0000000082400000|100%| O|  |TAMS 0x0000000082400000| PB 0x0000000082300000| Untracked 
|  36|0x0000000082400000, 0x0000000082500000, 0x0000000082500000|100%| O|  |TAMS 0x0000000082500000| PB 0x0000000082400000| Untracked 
|  37|0x0000000082500000, 0x0000000082600000, 0x0000000082600000|100%|HS|  |TAMS 0x0000000082600000| PB 0x0000000082500000| Complete 
|  38|0x0000000082600000, 0x0000000082700000, 0x0000000082700000|100%|HC|  |TAMS 0x0000000082700000| PB 0x0000000082600000| Complete 
|  39|0x0000000082700000, 0x0000000082800000, 0x0000000082800000|100%|HS|  |TAMS 0x0000000082800000| PB 0x0000000082700000| Complete 
|  40|0x0000000082800000, 0x0000000082900000, 0x0000000082900000|100%|HC|  |TAMS 0x0000000082900000| PB 0x0000000082800000| Complete 
|  41|0x0000000082900000, 0x0000000082a00000, 0x0000000082a00000|100%| O|  |TAMS 0x0000000082a00000| PB 0x0000000082900000| Untracked 
|  42|0x0000000082a00000, 0x0000000082b00000, 0x0000000082b00000|100%|HS|  |TAMS 0x0000000082b00000| PB 0x0000000082a00000| Complete 
|  43|0x0000000082b00000, 0x0000000082c00000, 0x0000000082c00000|100%|HC|  |TAMS 0x0000000082c00000| PB 0x0000000082b00000| Complete 
|  44|0x0000000082c00000, 0x0000000082d00000, 0x0000000082d00000|100%|HC|  |TAMS 0x0000000082d00000| PB 0x0000000082c00000| Complete 
|  45|0x0000000082d00000, 0x0000000082e00000, 0x0000000082e00000|100%|HC|  |TAMS 0x0000000082e00000| PB 0x0000000082d00000| Complete 
|  46|0x0000000082e00000, 0x0000000082f00000, 0x0000000082f00000|100%| O|  |TAMS 0x0000000082f00000| PB 0x0000000082e00000| Untracked 
|  47|0x0000000082f00000, 0x0000000083000000, 0x0000000083000000|100%| O|  |TAMS 0x0000000083000000| PB 0x0000000082f00000| Untracked 
|  48|0x0000000083000000, 0x0000000083100000, 0x0000000083100000|100%| O|  |TAMS 0x0000000083100000| PB 0x0000000083000000| Untracked 
|  49|0x0000000083100000, 0x0000000083200000, 0x0000000083200000|100%| O|  |TAMS 0x0000000083200000| PB 0x0000000083100000| Untracked 
|  50|0x0000000083200000, 0x0000000083300000, 0x0000000083300000|100%| O|  |TAMS 0x0000000083300000| PB 0x0000000083200000| Untracked 
|  51|0x0000000083300000, 0x0000000083400000, 0x0000000083400000|100%| O|  |TAMS 0x0000000083400000| PB 0x0000000083300000| Untracked 
|  52|0x0000000083400000, 0x0000000083500000, 0x0000000083500000|100%| O|  |TAMS 0x0000000083500000| PB 0x0000000083400000| Untracked 
|  53|0x0000000083500000, 0x0000000083600000, 0x0000000083600000|100%| O|  |TAMS 0x0000000083600000| PB 0x0000000083500000| Untracked 
|  54|0x0000000083600000, 0x0000000083700000, 0x0000000083700000|100%| O|  |TAMS 0x0000000083700000| PB 0x0000000083600000| Untracked 
|  55|0x0000000083700000, 0x0000000083800000, 0x0000000083800000|100%| O|  |TAMS 0x0000000083800000| PB 0x0000000083700000| Untracked 
|  56|0x0000000083800000, 0x0000000083900000, 0x0000000083900000|100%| O|  |TAMS 0x0000000083900000| PB 0x0000000083800000| Untracked 
|  57|0x0000000083900000, 0x0000000083a00000, 0x0000000083a00000|100%| O|  |TAMS 0x0000000083a00000| PB 0x0000000083900000| Untracked 
|  58|0x0000000083a00000, 0x0000000083b00000, 0x0000000083b00000|100%| O|  |TAMS 0x0000000083b00000| PB 0x0000000083a00000| Untracked 
|  59|0x0000000083b00000, 0x0000000083c00000, 0x0000000083c00000|100%| O|  |TAMS 0x0000000083c00000| PB 0x0000000083b00000| Untracked 
|  60|0x0000000083c00000, 0x0000000083d00000, 0x0000000083d00000|100%| O|  |TAMS 0x0000000083d00000| PB 0x0000000083c00000| Untracked 
|  61|0x0000000083d00000, 0x0000000083e00000, 0x0000000083e00000|100%| O|  |TAMS 0x0000000083e00000| PB 0x0000000083d00000| Untracked 
|  62|0x0000000083e00000, 0x0000000083f00000, 0x0000000083f00000|100%| O|  |TAMS 0x0000000083f00000| PB 0x0000000083e00000| Untracked 
|  63|0x0000000083f00000, 0x0000000084000000, 0x0000000084000000|100%| O|  |TAMS 0x0000000084000000| PB 0x0000000083f00000| Untracked 
|  64|0x0000000084000000, 0x0000000084100000, 0x0000000084100000|100%| O|  |TAMS 0x0000000084100000| PB 0x0000000084000000| Untracked 
|  65|0x0000000084100000, 0x0000000084200000, 0x0000000084200000|100%| O|  |TAMS 0x0000000084200000| PB 0x0000000084100000| Untracked 
|  66|0x0000000084200000, 0x0000000084200000, 0x0000000084300000|  0%| F|  |TAMS 0x0000000084200000| PB 0x0000000084200000| Untracked 
|  67|0x0000000084300000, 0x0000000084400000, 0x0000000084400000|100%|HS|  |TAMS 0x0000000084400000| PB 0x0000000084300000| Complete 
|  68|0x0000000084400000, 0x0000000084500000, 0x0000000084500000|100%|HC|  |TAMS 0x0000000084500000| PB 0x0000000084400000| Complete 
|  69|0x0000000084500000, 0x0000000084600000, 0x0000000084600000|100%|HC|  |TAMS 0x0000000084600000| PB 0x0000000084500000| Complete 
|  70|0x0000000084600000, 0x0000000084700000, 0x0000000084700000|100%|HC|  |TAMS 0x0000000084700000| PB 0x0000000084600000| Complete 
|  71|0x0000000084700000, 0x0000000084800000, 0x0000000084800000|100%| O|  |TAMS 0x0000000084800000| PB 0x0000000084700000| Untracked 
|  72|0x0000000084800000, 0x0000000084800000, 0x0000000084900000|  0%| F|  |TAMS 0x0000000084800000| PB 0x0000000084800000| Untracked 
|  73|0x0000000084900000, 0x0000000084a00000, 0x0000000084a00000|100%| O|  |TAMS 0x0000000084a00000| PB 0x0000000084900000| Untracked 
|  74|0x0000000084a00000, 0x0000000084b00000, 0x0000000084b00000|100%| O|  |TAMS 0x0000000084b00000| PB 0x0000000084a00000| Untracked 
|  75|0x0000000084b00000, 0x0000000084c00000, 0x0000000084c00000|100%| O|  |TAMS 0x0000000084c00000| PB 0x0000000084b00000| Untracked 
|  76|0x0000000084c00000, 0x0000000084cbdfb0, 0x0000000084d00000| 74%| O|  |TAMS 0x0000000084c98570| PB 0x0000000084c00000| Untracked 
|  77|0x0000000084d00000, 0x0000000084d00000, 0x0000000084e00000|  0%| F|  |TAMS 0x0000000084d00000| PB 0x0000000084d00000| Untracked 
|  78|0x0000000084e00000, 0x0000000084f00000, 0x0000000084f00000|100%| O|  |TAMS 0x0000000084f00000| PB 0x0000000084e00000| Untracked 
|  79|0x0000000084f00000, 0x0000000085000000, 0x0000000085000000|100%| O|  |TAMS 0x0000000085000000| PB 0x0000000084f00000| Untracked 
|  80|0x0000000085000000, 0x0000000085100000, 0x0000000085100000|100%| O|  |TAMS 0x0000000085100000| PB 0x0000000085000000| Untracked 
|  81|0x0000000085100000, 0x0000000085200000, 0x0000000085200000|100%| O|  |TAMS 0x0000000085200000| PB 0x0000000085100000| Untracked 
|  82|0x0000000085200000, 0x0000000085300000, 0x0000000085300000|100%| O|  |TAMS 0x0000000085300000| PB 0x0000000085200000| Untracked 
|  83|0x0000000085300000, 0x0000000085400000, 0x0000000085400000|100%|HS|  |TAMS 0x0000000085400000| PB 0x0000000085300000| Complete 
|  84|0x0000000085400000, 0x0000000085500000, 0x0000000085500000|100%|HC|  |TAMS 0x0000000085500000| PB 0x0000000085400000| Complete 
|  85|0x0000000085500000, 0x0000000085600000, 0x0000000085600000|100%|HC|  |TAMS 0x0000000085600000| PB 0x0000000085500000| Complete 
|  86|0x0000000085600000, 0x0000000085700000, 0x0000000085700000|100%| O|  |TAMS 0x0000000085700000| PB 0x0000000085600000| Untracked 
|  87|0x0000000085700000, 0x0000000085800000, 0x0000000085800000|100%| O|  |TAMS 0x0000000085800000| PB 0x0000000085700000| Untracked 
|  88|0x0000000085800000, 0x0000000085900000, 0x0000000085900000|100%| O|  |TAMS 0x0000000085900000| PB 0x0000000085800000| Untracked 
|  89|0x0000000085900000, 0x0000000085a00000, 0x0000000085a00000|100%| O|  |TAMS 0x0000000085a00000| PB 0x0000000085900000| Untracked 
|  90|0x0000000085a00000, 0x0000000085b00000, 0x0000000085b00000|100%| O|  |TAMS 0x0000000085b00000| PB 0x0000000085a00000| Untracked 
|  91|0x0000000085b00000, 0x0000000085b00000, 0x0000000085c00000|  0%| F|  |TAMS 0x0000000085b00000| PB 0x0000000085b00000| Untracked 
|  92|0x0000000085c00000, 0x0000000085d00000, 0x0000000085d00000|100%| O|  |TAMS 0x0000000085d00000| PB 0x0000000085c00000| Untracked 
|  93|0x0000000085d00000, 0x0000000085d00000, 0x0000000085e00000|  0%| F|  |TAMS 0x0000000085d00000| PB 0x0000000085d00000| Untracked 
|  94|0x0000000085e00000, 0x0000000085e00000, 0x0000000085f00000|  0%| F|  |TAMS 0x0000000085e00000| PB 0x0000000085e00000| Untracked 
|  95|0x0000000085f00000, 0x0000000085f00000, 0x0000000086000000|  0%| F|  |TAMS 0x0000000085f00000| PB 0x0000000085f00000| Untracked 
|  96|0x0000000086000000, 0x0000000086000000, 0x0000000086100000|  0%| F|  |TAMS 0x0000000086000000| PB 0x0000000086000000| Untracked 
|  97|0x0000000086100000, 0x0000000086100000, 0x0000000086200000|  0%| F|  |TAMS 0x0000000086100000| PB 0x0000000086100000| Untracked 
|  98|0x0000000086200000, 0x0000000086200000, 0x0000000086300000|  0%| F|  |TAMS 0x0000000086200000| PB 0x0000000086200000| Untracked 
|  99|0x0000000086300000, 0x0000000086300000, 0x0000000086400000|  0%| F|  |TAMS 0x0000000086300000| PB 0x0000000086300000| Untracked 
| 100|0x0000000086400000, 0x0000000086400000, 0x0000000086500000|  0%| F|  |TAMS 0x0000000086400000| PB 0x0000000086400000| Untracked 
| 101|0x0000000086500000, 0x0000000086500000, 0x0000000086600000|  0%| F|  |TAMS 0x0000000086500000| PB 0x0000000086500000| Untracked 
| 102|0x0000000086600000, 0x0000000086600000, 0x0000000086700000|  0%| F|  |TAMS 0x0000000086600000| PB 0x0000000086600000| Untracked 
| 103|0x0000000086700000, 0x0000000086700000, 0x0000000086800000|  0%| F|  |TAMS 0x0000000086700000| PB 0x0000000086700000| Untracked 
| 104|0x0000000086800000, 0x0000000086800000, 0x0000000086900000|  0%| F|  |TAMS 0x0000000086800000| PB 0x0000000086800000| Untracked 
| 105|0x0000000086900000, 0x0000000086900000, 0x0000000086a00000|  0%| F|  |TAMS 0x0000000086900000| PB 0x0000000086900000| Untracked 
| 106|0x0000000086a00000, 0x0000000086a00000, 0x0000000086b00000|  0%| F|  |TAMS 0x0000000086a00000| PB 0x0000000086a00000| Untracked 
| 107|0x0000000086b00000, 0x0000000086b00000, 0x0000000086c00000|  0%| F|  |TAMS 0x0000000086b00000| PB 0x0000000086b00000| Untracked 
| 108|0x0000000086c00000, 0x0000000086c00000, 0x0000000086d00000|  0%| F|  |TAMS 0x0000000086c00000| PB 0x0000000086c00000| Untracked 
| 109|0x0000000086d00000, 0x0000000086d00000, 0x0000000086e00000|  0%| F|  |TAMS 0x0000000086d00000| PB 0x0000000086d00000| Untracked 
| 110|0x0000000086e00000, 0x0000000086e00000, 0x0000000086f00000|  0%| F|  |TAMS 0x0000000086e00000| PB 0x0000000086e00000| Untracked 
| 111|0x0000000086f00000, 0x0000000086f00000, 0x0000000087000000|  0%| F|  |TAMS 0x0000000086f00000| PB 0x0000000086f00000| Untracked 
| 112|0x0000000087000000, 0x0000000087000000, 0x0000000087100000|  0%| F|  |TAMS 0x0000000087000000| PB 0x0000000087000000| Untracked 
| 113|0x0000000087100000, 0x0000000087100000, 0x0000000087200000|  0%| F|  |TAMS 0x0000000087100000| PB 0x0000000087100000| Untracked 
| 114|0x0000000087200000, 0x0000000087200000, 0x0000000087300000|  0%| F|  |TAMS 0x0000000087200000| PB 0x0000000087200000| Untracked 
| 115|0x0000000087300000, 0x0000000087300000, 0x0000000087400000|  0%| F|  |TAMS 0x0000000087300000| PB 0x0000000087300000| Untracked 
| 116|0x0000000087400000, 0x0000000087400000, 0x0000000087500000|  0%| F|  |TAMS 0x0000000087400000| PB 0x0000000087400000| Untracked 
| 117|0x0000000087500000, 0x0000000087500000, 0x0000000087600000|  0%| F|  |TAMS 0x0000000087500000| PB 0x0000000087500000| Untracked 
| 118|0x0000000087600000, 0x0000000087600000, 0x0000000087700000|  0%| F|  |TAMS 0x0000000087600000| PB 0x0000000087600000| Untracked 
| 119|0x0000000087700000, 0x0000000087700000, 0x0000000087800000|  0%| F|  |TAMS 0x0000000087700000| PB 0x0000000087700000| Untracked 
| 120|0x0000000087800000, 0x0000000087800000, 0x0000000087900000|  0%| F|  |TAMS 0x0000000087800000| PB 0x0000000087800000| Untracked 
| 121|0x0000000087900000, 0x0000000087900000, 0x0000000087a00000|  0%| F|  |TAMS 0x0000000087900000| PB 0x0000000087900000| Untracked 
| 122|0x0000000087a00000, 0x0000000087a00000, 0x0000000087b00000|  0%| F|  |TAMS 0x0000000087a00000| PB 0x0000000087a00000| Untracked 
| 123|0x0000000087b00000, 0x0000000087b00000, 0x0000000087c00000|  0%| F|  |TAMS 0x0000000087b00000| PB 0x0000000087b00000| Untracked 
| 124|0x0000000087c00000, 0x0000000087c00000, 0x0000000087d00000|  0%| F|  |TAMS 0x0000000087c00000| PB 0x0000000087c00000| Untracked 
| 125|0x0000000087d00000, 0x0000000087d00000, 0x0000000087e00000|  0%| F|  |TAMS 0x0000000087d00000| PB 0x0000000087d00000| Untracked 
| 126|0x0000000087e00000, 0x0000000087e00000, 0x0000000087f00000|  0%| F|  |TAMS 0x0000000087e00000| PB 0x0000000087e00000| Untracked 
| 127|0x0000000087f00000, 0x0000000087f00000, 0x0000000088000000|  0%| F|  |TAMS 0x0000000087f00000| PB 0x0000000087f00000| Untracked 
| 128|0x0000000088000000, 0x0000000088000000, 0x0000000088100000|  0%| F|  |TAMS 0x0000000088000000| PB 0x0000000088000000| Untracked 
| 129|0x0000000088100000, 0x0000000088100000, 0x0000000088200000|  0%| F|  |TAMS 0x0000000088100000| PB 0x0000000088100000| Untracked 
| 130|0x0000000088200000, 0x0000000088200000, 0x0000000088300000|  0%| F|  |TAMS 0x0000000088200000| PB 0x0000000088200000| Untracked 
| 131|0x0000000088300000, 0x0000000088300000, 0x0000000088400000|  0%| F|  |TAMS 0x0000000088300000| PB 0x0000000088300000| Untracked 
| 132|0x0000000088400000, 0x0000000088400000, 0x0000000088500000|  0%| F|  |TAMS 0x0000000088400000| PB 0x0000000088400000| Untracked 
| 133|0x0000000088500000, 0x0000000088500000, 0x0000000088600000|  0%| F|  |TAMS 0x0000000088500000| PB 0x0000000088500000| Untracked 
| 134|0x0000000088600000, 0x0000000088600000, 0x0000000088700000|  0%| F|  |TAMS 0x0000000088600000| PB 0x0000000088600000| Untracked 
| 135|0x0000000088700000, 0x0000000088700000, 0x0000000088800000|  0%| F|  |TAMS 0x0000000088700000| PB 0x0000000088700000| Untracked 
| 136|0x0000000088800000, 0x0000000088800000, 0x0000000088900000|  0%| F|  |TAMS 0x0000000088800000| PB 0x0000000088800000| Untracked 
| 137|0x0000000088900000, 0x0000000088900000, 0x0000000088a00000|  0%| F|  |TAMS 0x0000000088900000| PB 0x0000000088900000| Untracked 
| 138|0x0000000088a00000, 0x0000000088a00000, 0x0000000088b00000|  0%| F|  |TAMS 0x0000000088a00000| PB 0x0000000088a00000| Untracked 
| 139|0x0000000088b00000, 0x0000000088b00000, 0x0000000088c00000|  0%| F|  |TAMS 0x0000000088b00000| PB 0x0000000088b00000| Untracked 
| 140|0x0000000088c00000, 0x0000000088c00000, 0x0000000088d00000|  0%| F|  |TAMS 0x0000000088c00000| PB 0x0000000088c00000| Untracked 
| 141|0x0000000088d00000, 0x0000000088d00000, 0x0000000088e00000|  0%| F|  |TAMS 0x0000000088d00000| PB 0x0000000088d00000| Untracked 
| 142|0x0000000088e00000, 0x0000000088e00000, 0x0000000088f00000|  0%| F|  |TAMS 0x0000000088e00000| PB 0x0000000088e00000| Untracked 
| 143|0x0000000088f00000, 0x0000000088f00000, 0x0000000089000000|  0%| F|  |TAMS 0x0000000088f00000| PB 0x0000000088f00000| Untracked 
| 144|0x0000000089000000, 0x0000000089000000, 0x0000000089100000|  0%| F|  |TAMS 0x0000000089000000| PB 0x0000000089000000| Untracked 
| 145|0x0000000089100000, 0x0000000089100000, 0x0000000089200000|  0%| F|  |TAMS 0x0000000089100000| PB 0x0000000089100000| Untracked 
| 146|0x0000000089200000, 0x0000000089200000, 0x0000000089300000|  0%| F|  |TAMS 0x0000000089200000| PB 0x0000000089200000| Untracked 
| 147|0x0000000089300000, 0x0000000089300000, 0x0000000089400000|  0%| F|  |TAMS 0x0000000089300000| PB 0x0000000089300000| Untracked 
| 148|0x0000000089400000, 0x0000000089400000, 0x0000000089500000|  0%| F|  |TAMS 0x0000000089400000| PB 0x0000000089400000| Untracked 
| 149|0x0000000089500000, 0x0000000089500000, 0x0000000089600000|  0%| F|  |TAMS 0x0000000089500000| PB 0x0000000089500000| Untracked 
| 150|0x0000000089600000, 0x0000000089600000, 0x0000000089700000|  0%| F|  |TAMS 0x0000000089600000| PB 0x0000000089600000| Untracked 
| 151|0x0000000089700000, 0x0000000089700000, 0x0000000089800000|  0%| F|  |TAMS 0x0000000089700000| PB 0x0000000089700000| Untracked 
| 152|0x0000000089800000, 0x0000000089800000, 0x0000000089900000|  0%| F|  |TAMS 0x0000000089800000| PB 0x0000000089800000| Untracked 
| 153|0x0000000089900000, 0x0000000089900000, 0x0000000089a00000|  0%| F|  |TAMS 0x0000000089900000| PB 0x0000000089900000| Untracked 
| 154|0x0000000089a00000, 0x0000000089a00000, 0x0000000089b00000|  0%| F|  |TAMS 0x0000000089a00000| PB 0x0000000089a00000| Untracked 
| 155|0x0000000089b00000, 0x0000000089b00000, 0x0000000089c00000|  0%| F|  |TAMS 0x0000000089b00000| PB 0x0000000089b00000| Untracked 
| 156|0x0000000089c00000, 0x0000000089c00000, 0x0000000089d00000|  0%| F|  |TAMS 0x0000000089c00000| PB 0x0000000089c00000| Untracked 
| 157|0x0000000089d00000, 0x0000000089d00000, 0x0000000089e00000|  0%| F|  |TAMS 0x0000000089d00000| PB 0x0000000089d00000| Untracked 
| 158|0x0000000089e00000, 0x0000000089e00000, 0x0000000089f00000|  0%| F|  |TAMS 0x0000000089e00000| PB 0x0000000089e00000| Untracked 
| 159|0x0000000089f00000, 0x0000000089f00000, 0x000000008a000000|  0%| F|  |TAMS 0x0000000089f00000| PB 0x0000000089f00000| Untracked 
| 160|0x000000008a000000, 0x000000008a000000, 0x000000008a100000|  0%| F|  |TAMS 0x000000008a000000| PB 0x000000008a000000| Untracked 
| 161|0x000000008a100000, 0x000000008a100000, 0x000000008a200000|  0%| F|  |TAMS 0x000000008a100000| PB 0x000000008a100000| Untracked 
| 162|0x000000008a200000, 0x000000008a200000, 0x000000008a300000|  0%| F|  |TAMS 0x000000008a200000| PB 0x000000008a200000| Untracked 
| 163|0x000000008a300000, 0x000000008a300000, 0x000000008a400000|  0%| F|  |TAMS 0x000000008a300000| PB 0x000000008a300000| Untracked 
| 164|0x000000008a400000, 0x000000008a400000, 0x000000008a500000|  0%| F|  |TAMS 0x000000008a400000| PB 0x000000008a400000| Untracked 
| 165|0x000000008a500000, 0x000000008a500000, 0x000000008a600000|  0%| F|  |TAMS 0x000000008a500000| PB 0x000000008a500000| Untracked 
| 166|0x000000008a600000, 0x000000008a600000, 0x000000008a700000|  0%| F|  |TAMS 0x000000008a600000| PB 0x000000008a600000| Untracked 
| 167|0x000000008a700000, 0x000000008a700000, 0x000000008a800000|  0%| F|  |TAMS 0x000000008a700000| PB 0x000000008a700000| Untracked 
| 168|0x000000008a800000, 0x000000008a800000, 0x000000008a900000|  0%| F|  |TAMS 0x000000008a800000| PB 0x000000008a800000| Untracked 
| 169|0x000000008a900000, 0x000000008a900000, 0x000000008aa00000|  0%| F|  |TAMS 0x000000008a900000| PB 0x000000008a900000| Untracked 
| 170|0x000000008aa00000, 0x000000008aa00000, 0x000000008ab00000|  0%| F|  |TAMS 0x000000008aa00000| PB 0x000000008aa00000| Untracked 
| 171|0x000000008ab00000, 0x000000008ab00000, 0x000000008ac00000|  0%| F|  |TAMS 0x000000008ab00000| PB 0x000000008ab00000| Untracked 
| 172|0x000000008ac00000, 0x000000008ac00000, 0x000000008ad00000|  0%| F|  |TAMS 0x000000008ac00000| PB 0x000000008ac00000| Untracked 
| 173|0x000000008ad00000, 0x000000008ad00000, 0x000000008ae00000|  0%| F|  |TAMS 0x000000008ad00000| PB 0x000000008ad00000| Untracked 
| 174|0x000000008ae00000, 0x000000008ae00000, 0x000000008af00000|  0%| F|  |TAMS 0x000000008ae00000| PB 0x000000008ae00000| Untracked 
| 175|0x000000008af00000, 0x000000008af00000, 0x000000008b000000|  0%| F|  |TAMS 0x000000008af00000| PB 0x000000008af00000| Untracked 
| 176|0x000000008b000000, 0x000000008b000000, 0x000000008b100000|  0%| F|  |TAMS 0x000000008b000000| PB 0x000000008b000000| Untracked 
| 177|0x000000008b100000, 0x000000008b100000, 0x000000008b200000|  0%| F|  |TAMS 0x000000008b100000| PB 0x000000008b100000| Untracked 
| 178|0x000000008b200000, 0x000000008b200000, 0x000000008b300000|  0%| F|  |TAMS 0x000000008b200000| PB 0x000000008b200000| Untracked 
| 179|0x000000008b300000, 0x000000008b300000, 0x000000008b400000|  0%| F|  |TAMS 0x000000008b300000| PB 0x000000008b300000| Untracked 
| 180|0x000000008b400000, 0x000000008b400000, 0x000000008b500000|  0%| F|  |TAMS 0x000000008b400000| PB 0x000000008b400000| Untracked 
| 181|0x000000008b500000, 0x000000008b500000, 0x000000008b600000|  0%| F|  |TAMS 0x000000008b500000| PB 0x000000008b500000| Untracked 
| 182|0x000000008b600000, 0x000000008b600000, 0x000000008b700000|  0%| F|  |TAMS 0x000000008b600000| PB 0x000000008b600000| Untracked 
| 183|0x000000008b700000, 0x000000008b700000, 0x000000008b800000|  0%| F|  |TAMS 0x000000008b700000| PB 0x000000008b700000| Untracked 
| 184|0x000000008b800000, 0x000000008b800000, 0x000000008b900000|  0%| F|  |TAMS 0x000000008b800000| PB 0x000000008b800000| Untracked 
| 185|0x000000008b900000, 0x000000008b900000, 0x000000008ba00000|  0%| F|  |TAMS 0x000000008b900000| PB 0x000000008b900000| Untracked 
| 186|0x000000008ba00000, 0x000000008ba00000, 0x000000008bb00000|  0%| F|  |TAMS 0x000000008ba00000| PB 0x000000008ba00000| Untracked 
| 187|0x000000008bb00000, 0x000000008bb00000, 0x000000008bc00000|  0%| F|  |TAMS 0x000000008bb00000| PB 0x000000008bb00000| Untracked 
| 188|0x000000008bc00000, 0x000000008bc00000, 0x000000008bd00000|  0%| F|  |TAMS 0x000000008bc00000| PB 0x000000008bc00000| Untracked 
| 189|0x000000008bd00000, 0x000000008bd00000, 0x000000008be00000|  0%| F|  |TAMS 0x000000008bd00000| PB 0x000000008bd00000| Untracked 
| 190|0x000000008be00000, 0x000000008be00000, 0x000000008bf00000|  0%| F|  |TAMS 0x000000008be00000| PB 0x000000008be00000| Untracked 
| 191|0x000000008bf00000, 0x000000008bf00000, 0x000000008c000000|  0%| F|  |TAMS 0x000000008bf00000| PB 0x000000008bf00000| Untracked 
| 192|0x000000008c000000, 0x000000008c000000, 0x000000008c100000|  0%| F|  |TAMS 0x000000008c000000| PB 0x000000008c000000| Untracked 
| 193|0x000000008c100000, 0x000000008c100000, 0x000000008c200000|  0%| F|  |TAMS 0x000000008c100000| PB 0x000000008c100000| Untracked 
| 194|0x000000008c200000, 0x000000008c200000, 0x000000008c300000|  0%| F|  |TAMS 0x000000008c200000| PB 0x000000008c200000| Untracked 
| 195|0x000000008c300000, 0x000000008c300000, 0x000000008c400000|  0%| F|  |TAMS 0x000000008c300000| PB 0x000000008c300000| Untracked 
| 196|0x000000008c400000, 0x000000008c400000, 0x000000008c500000|  0%| F|  |TAMS 0x000000008c400000| PB 0x000000008c400000| Untracked 
| 197|0x000000008c500000, 0x000000008c500000, 0x000000008c600000|  0%| F|  |TAMS 0x000000008c500000| PB 0x000000008c500000| Untracked 
| 198|0x000000008c600000, 0x000000008c600000, 0x000000008c700000|  0%| F|  |TAMS 0x000000008c600000| PB 0x000000008c600000| Untracked 
| 199|0x000000008c700000, 0x000000008c700000, 0x000000008c800000|  0%| F|  |TAMS 0x000000008c700000| PB 0x000000008c700000| Untracked 
| 200|0x000000008c800000, 0x000000008c800000, 0x000000008c900000|  0%| F|  |TAMS 0x000000008c800000| PB 0x000000008c800000| Untracked 
| 201|0x000000008c900000, 0x000000008c900000, 0x000000008ca00000|  0%| F|  |TAMS 0x000000008c900000| PB 0x000000008c900000| Untracked 
| 202|0x000000008ca00000, 0x000000008ca00000, 0x000000008cb00000|  0%| F|  |TAMS 0x000000008ca00000| PB 0x000000008ca00000| Untracked 
| 203|0x000000008cb00000, 0x000000008cb00000, 0x000000008cc00000|  0%| F|  |TAMS 0x000000008cb00000| PB 0x000000008cb00000| Untracked 
| 204|0x000000008cc00000, 0x000000008cc00000, 0x000000008cd00000|  0%| F|  |TAMS 0x000000008cc00000| PB 0x000000008cc00000| Untracked 
| 205|0x000000008cd00000, 0x000000008cd00000, 0x000000008ce00000|  0%| F|  |TAMS 0x000000008cd00000| PB 0x000000008cd00000| Untracked 
| 206|0x000000008ce00000, 0x000000008ce00000, 0x000000008cf00000|  0%| F|  |TAMS 0x000000008ce00000| PB 0x000000008ce00000| Untracked 
| 207|0x000000008cf00000, 0x000000008cf00000, 0x000000008d000000|  0%| F|  |TAMS 0x000000008cf00000| PB 0x000000008cf00000| Untracked 
| 208|0x000000008d000000, 0x000000008d000000, 0x000000008d100000|  0%| F|  |TAMS 0x000000008d000000| PB 0x000000008d000000| Untracked 
| 209|0x000000008d100000, 0x000000008d100000, 0x000000008d200000|  0%| F|  |TAMS 0x000000008d100000| PB 0x000000008d100000| Untracked 
| 210|0x000000008d200000, 0x000000008d200000, 0x000000008d300000|  0%| F|  |TAMS 0x000000008d200000| PB 0x000000008d200000| Untracked 
| 211|0x000000008d300000, 0x000000008d300000, 0x000000008d400000|  0%| F|  |TAMS 0x000000008d300000| PB 0x000000008d300000| Untracked 
| 212|0x000000008d400000, 0x000000008d400000, 0x000000008d500000|  0%| F|  |TAMS 0x000000008d400000| PB 0x000000008d400000| Untracked 
| 213|0x000000008d500000, 0x000000008d500000, 0x000000008d600000|  0%| F|  |TAMS 0x000000008d500000| PB 0x000000008d500000| Untracked 
| 214|0x000000008d600000, 0x000000008d600000, 0x000000008d700000|  0%| F|  |TAMS 0x000000008d600000| PB 0x000000008d600000| Untracked 
| 215|0x000000008d700000, 0x000000008d700000, 0x000000008d800000|  0%| F|  |TAMS 0x000000008d700000| PB 0x000000008d700000| Untracked 
| 216|0x000000008d800000, 0x000000008d800000, 0x000000008d900000|  0%| F|  |TAMS 0x000000008d800000| PB 0x000000008d800000| Untracked 
| 217|0x000000008d900000, 0x000000008d9784c8, 0x000000008da00000| 46%| S|CS|TAMS 0x000000008d900000| PB 0x000000008d900000| Complete 
| 218|0x000000008da00000, 0x000000008db00000, 0x000000008db00000|100%| S|CS|TAMS 0x000000008da00000| PB 0x000000008da00000| Complete 
| 219|0x000000008db00000, 0x000000008dc00000, 0x000000008dc00000|100%| S|CS|TAMS 0x000000008db00000| PB 0x000000008db00000| Complete 
| 220|0x000000008dc00000, 0x000000008dd00000, 0x000000008dd00000|100%| S|CS|TAMS 0x000000008dc00000| PB 0x000000008dc00000| Complete 
| 221|0x000000008dd00000, 0x000000008de00000, 0x000000008de00000|100%| S|CS|TAMS 0x000000008dd00000| PB 0x000000008dd00000| Complete 
| 222|0x000000008de00000, 0x000000008df00000, 0x000000008df00000|100%| S|CS|TAMS 0x000000008de00000| PB 0x000000008de00000| Complete 
| 223|0x000000008df00000, 0x000000008e000000, 0x000000008e000000|100%| S|CS|TAMS 0x000000008df00000| PB 0x000000008df00000| Complete 
| 224|0x000000008e000000, 0x000000008e100000, 0x000000008e100000|100%| S|CS|TAMS 0x000000008e000000| PB 0x000000008e000000| Complete 
| 225|0x000000008e100000, 0x000000008e100000, 0x000000008e200000|  0%| F|  |TAMS 0x000000008e100000| PB 0x000000008e100000| Untracked 
| 226|0x000000008e200000, 0x000000008e200000, 0x000000008e300000|  0%| F|  |TAMS 0x000000008e200000| PB 0x000000008e200000| Untracked 
| 227|0x000000008e300000, 0x000000008e300000, 0x000000008e400000|  0%| F|  |TAMS 0x000000008e300000| PB 0x000000008e300000| Untracked 
| 228|0x000000008e400000, 0x000000008e400000, 0x000000008e500000|  0%| F|  |TAMS 0x000000008e400000| PB 0x000000008e400000| Untracked 
| 229|0x000000008e500000, 0x000000008e500000, 0x000000008e600000|  0%| F|  |TAMS 0x000000008e500000| PB 0x000000008e500000| Untracked 
| 230|0x000000008e600000, 0x000000008e600000, 0x000000008e700000|  0%| F|  |TAMS 0x000000008e600000| PB 0x000000008e600000| Untracked 
| 231|0x000000008e700000, 0x000000008e700000, 0x000000008e800000|  0%| F|  |TAMS 0x000000008e700000| PB 0x000000008e700000| Untracked 
| 232|0x000000008e800000, 0x000000008e800000, 0x000000008e900000|  0%| F|  |TAMS 0x000000008e800000| PB 0x000000008e800000| Untracked 
| 233|0x000000008e900000, 0x000000008e900000, 0x000000008ea00000|  0%| F|  |TAMS 0x000000008e900000| PB 0x000000008e900000| Untracked 
| 234|0x000000008ea00000, 0x000000008ea00000, 0x000000008eb00000|  0%| F|  |TAMS 0x000000008ea00000| PB 0x000000008ea00000| Untracked 
| 235|0x000000008eb00000, 0x000000008eb00000, 0x000000008ec00000|  0%| F|  |TAMS 0x000000008eb00000| PB 0x000000008eb00000| Untracked 
| 236|0x000000008ec00000, 0x000000008ec00000, 0x000000008ed00000|  0%| F|  |TAMS 0x000000008ec00000| PB 0x000000008ec00000| Untracked 
| 237|0x000000008ed00000, 0x000000008ed00000, 0x000000008ee00000|  0%| F|  |TAMS 0x000000008ed00000| PB 0x000000008ed00000| Untracked 
| 238|0x000000008ee00000, 0x000000008ee00000, 0x000000008ef00000|  0%| F|  |TAMS 0x000000008ee00000| PB 0x000000008ee00000| Untracked 
| 239|0x000000008ef00000, 0x000000008ef00000, 0x000000008f000000|  0%| F|  |TAMS 0x000000008ef00000| PB 0x000000008ef00000| Untracked 
| 240|0x000000008f000000, 0x000000008f000000, 0x000000008f100000|  0%| F|  |TAMS 0x000000008f000000| PB 0x000000008f000000| Untracked 
| 241|0x000000008f100000, 0x000000008f100000, 0x000000008f200000|  0%| F|  |TAMS 0x000000008f100000| PB 0x000000008f100000| Untracked 
| 242|0x000000008f200000, 0x000000008f200000, 0x000000008f300000|  0%| F|  |TAMS 0x000000008f200000| PB 0x000000008f200000| Untracked 
| 243|0x000000008f300000, 0x000000008f300000, 0x000000008f400000|  0%| F|  |TAMS 0x000000008f300000| PB 0x000000008f300000| Untracked 
| 244|0x000000008f400000, 0x000000008f400000, 0x000000008f500000|  0%| F|  |TAMS 0x000000008f400000| PB 0x000000008f400000| Untracked 
| 245|0x000000008f500000, 0x000000008f500000, 0x000000008f600000|  0%| F|  |TAMS 0x000000008f500000| PB 0x000000008f500000| Untracked 
| 246|0x000000008f600000, 0x000000008f600000, 0x000000008f700000|  0%| F|  |TAMS 0x000000008f600000| PB 0x000000008f600000| Untracked 
| 247|0x000000008f700000, 0x000000008f700000, 0x000000008f800000|  0%| F|  |TAMS 0x000000008f700000| PB 0x000000008f700000| Untracked 
| 248|0x000000008f800000, 0x000000008f800000, 0x000000008f900000|  0%| F|  |TAMS 0x000000008f800000| PB 0x000000008f800000| Untracked 
| 249|0x000000008f900000, 0x000000008f900000, 0x000000008fa00000|  0%| F|  |TAMS 0x000000008f900000| PB 0x000000008f900000| Untracked 
| 250|0x000000008fa00000, 0x000000008fa00000, 0x000000008fb00000|  0%| F|  |TAMS 0x000000008fa00000| PB 0x000000008fa00000| Untracked 
| 251|0x000000008fb00000, 0x000000008fb00000, 0x000000008fc00000|  0%| F|  |TAMS 0x000000008fb00000| PB 0x000000008fb00000| Untracked 
| 252|0x000000008fc00000, 0x000000008fc00000, 0x000000008fd00000|  0%| F|  |TAMS 0x000000008fc00000| PB 0x000000008fc00000| Untracked 
| 253|0x000000008fd00000, 0x000000008fd00000, 0x000000008fe00000|  0%| F|  |TAMS 0x000000008fd00000| PB 0x000000008fd00000| Untracked 
| 254|0x000000008fe00000, 0x000000008fe00000, 0x000000008ff00000|  0%| F|  |TAMS 0x000000008fe00000| PB 0x000000008fe00000| Untracked 
| 255|0x000000008ff00000, 0x000000008ff00000, 0x0000000090000000|  0%| F|  |TAMS 0x000000008ff00000| PB 0x000000008ff00000| Untracked 
| 256|0x0000000090000000, 0x0000000090000000, 0x0000000090100000|  0%| F|  |TAMS 0x0000000090000000| PB 0x0000000090000000| Untracked 
| 257|0x0000000090100000, 0x0000000090100000, 0x0000000090200000|  0%| F|  |TAMS 0x0000000090100000| PB 0x0000000090100000| Untracked 
| 258|0x0000000090200000, 0x0000000090200000, 0x0000000090300000|  0%| F|  |TAMS 0x0000000090200000| PB 0x0000000090200000| Untracked 
| 259|0x0000000090300000, 0x0000000090300000, 0x0000000090400000|  0%| F|  |TAMS 0x0000000090300000| PB 0x0000000090300000| Untracked 
| 260|0x0000000090400000, 0x0000000090400000, 0x0000000090500000|  0%| F|  |TAMS 0x0000000090400000| PB 0x0000000090400000| Untracked 
| 261|0x0000000090500000, 0x0000000090500000, 0x0000000090600000|  0%| F|  |TAMS 0x0000000090500000| PB 0x0000000090500000| Untracked 
| 262|0x0000000090600000, 0x0000000090600000, 0x0000000090700000|  0%| F|  |TAMS 0x0000000090600000| PB 0x0000000090600000| Untracked 
| 263|0x0000000090700000, 0x0000000090700000, 0x0000000090800000|  0%| F|  |TAMS 0x0000000090700000| PB 0x0000000090700000| Untracked 
| 264|0x0000000090800000, 0x0000000090800000, 0x0000000090900000|  0%| F|  |TAMS 0x0000000090800000| PB 0x0000000090800000| Untracked 
| 265|0x0000000090900000, 0x0000000090900000, 0x0000000090a00000|  0%| F|  |TAMS 0x0000000090900000| PB 0x0000000090900000| Untracked 
| 266|0x0000000090a00000, 0x0000000090a00000, 0x0000000090b00000|  0%| F|  |TAMS 0x0000000090a00000| PB 0x0000000090a00000| Untracked 
| 267|0x0000000090b00000, 0x0000000090b00000, 0x0000000090c00000|  0%| F|  |TAMS 0x0000000090b00000| PB 0x0000000090b00000| Untracked 
| 268|0x0000000090c00000, 0x0000000090c00000, 0x0000000090d00000|  0%| F|  |TAMS 0x0000000090c00000| PB 0x0000000090c00000| Untracked 
| 269|0x0000000090d00000, 0x0000000090d00000, 0x0000000090e00000|  0%| F|  |TAMS 0x0000000090d00000| PB 0x0000000090d00000| Untracked 
| 270|0x0000000090e00000, 0x0000000090e00000, 0x0000000090f00000|  0%| F|  |TAMS 0x0000000090e00000| PB 0x0000000090e00000| Untracked 
| 271|0x0000000090f00000, 0x0000000090f00000, 0x0000000091000000|  0%| F|  |TAMS 0x0000000090f00000| PB 0x0000000090f00000| Untracked 
| 272|0x0000000091000000, 0x0000000091000000, 0x0000000091100000|  0%| F|  |TAMS 0x0000000091000000| PB 0x0000000091000000| Untracked 
| 273|0x0000000091100000, 0x0000000091100000, 0x0000000091200000|  0%| F|  |TAMS 0x0000000091100000| PB 0x0000000091100000| Untracked 
|2044|0x00000000ffc00000, 0x00000000ffc00000, 0x00000000ffd00000|  0%| F|  |TAMS 0x00000000ffc00000| PB 0x00000000ffc00000| Untracked 
|2045|0x00000000ffd00000, 0x00000000ffd00000, 0x00000000ffe00000|  0%| F|  |TAMS 0x00000000ffd00000| PB 0x00000000ffd00000| Untracked 
|2046|0x00000000ffe00000, 0x00000000fff00000, 0x00000000fff00000|100%| O|  |TAMS 0x00000000fff00000| PB 0x00000000ffe00000| Untracked 
|2047|0x00000000fff00000, 0x0000000100000000, 0x0000000100000000|100%| O|  |TAMS 0x0000000100000000| PB 0x00000000fff00000| Untracked 

Card table byte_map: [0x00000289b5530000,0x00000289b5930000] _byte_map_base: 0x00000289b5130000

Marking Bits: (CMBitMap*) 0x00000289a2c585e0
 Bits: [0x00000289b5930000, 0x00000289b7930000)

Polling page: 0x00000289a0a60000

Metaspace:

Usage:
  Non-class:     73.00 MB used.
      Class:     11.82 MB used.
       Both:     84.82 MB used.

Virtual space:
  Non-class space:      128.00 MB reserved,      74.06 MB ( 58%) committed,  2 nodes.
      Class space:      416.00 MB reserved,      12.81 MB (  3%) committed,  1 nodes.
             Both:      544.00 MB reserved,      86.88 MB ( 16%) committed. 

Chunk freelists:
   Non-Class:  5.28 MB
       Class:  3.23 MB
        Both:  8.51 MB

MaxMetaspaceSize: 512.00 MB
CompressedClassSpaceSize: 416.00 MB
Initial GC threshold: 21.00 MB
Current GC threshold: 144.50 MB
CDS: on
 - commit_granule_bytes: 65536.
 - commit_granule_words: 8192.
 - virtual_space_node_default_size: 8388608.
 - enlarge_chunks_in_place: 1.
 - use_allocation_guard: 0.


Internal statistics:

num_allocs_failed_limit: 6.
num_arena_births: 3732.
num_arena_deaths: 0.
num_vsnodes_births: 3.
num_vsnodes_deaths: 0.
num_space_committed: 1390.
num_space_uncommitted: 0.
num_chunks_returned_to_freelist: 6.
num_chunks_taken_from_freelist: 7560.
num_chunk_merges: 6.
num_chunk_splits: 4842.
num_chunks_enlarged: 2909.
num_inconsistent_stats: 0.

CodeHeap 'non-profiled nmethods': size=120000Kb used=9326Kb max_used=9330Kb free=110673Kb
 bounds [0x00000289ad8d0000, 0x00000289ae1f0000, 0x00000289b4e00000]
CodeHeap 'profiled nmethods': size=120000Kb used=21352Kb max_used=24137Kb free=98647Kb
 bounds [0x00000289a5e00000, 0x00000289a7630000, 0x00000289ad330000]
CodeHeap 'non-nmethods': size=5760Kb used=2757Kb max_used=2906Kb free=3002Kb
 bounds [0x00000289ad330000, 0x00000289ad630000, 0x00000289ad8d0000]
CodeCache: size=245760Kb, used=33435Kb, max_used=36373Kb, free=212322Kb
 total_blobs=12251, nmethods=11241, adapters=914, full_count=0
Compilation: enabled, stopped_count=0, restarted_count=0

Compilation events (20 events):
Event: 153.876 Thread 0x00000289ba36ece0 nmethod 15570 0x00000289a744e510 code [0x00000289a744eb60, 0x00000289a7452690]
Event: 153.877 Thread 0x00000289dd35bee0 15571       4       org.objectweb.asm.SymbolTable::addConstantLong (7 bytes)
Event: 153.877 Thread 0x00000289ba366260 nmethod 15565 0x00000289ae156510 code [0x00000289ae1566e0, 0x00000289ae156b10]
Event: 153.878 Thread 0x00000289dd35bee0 nmethod 15571 0x00000289ae19c310 code [0x00000289ae19c4a0, 0x00000289ae19c558]
Event: 153.896 Thread 0x00000289ba366260 15572   !   4       org.gradle.cache.internal.ExclusiveCacheAccessingWorker::addToQueue (37 bytes)
Event: 153.920 Thread 0x00000289dd35bee0 15573 %     4       java.util.LinkedList::clear @ 5 (60 bytes)
Event: 153.923 Thread 0x00000289ba366260 nmethod 15572 0x00000289ae06c310 code [0x00000289ae06c580, 0x00000289ae06d138]
Event: 153.923 Thread 0x00000289ba366260 15574   !   4       java.lang.String::<init> (880 bytes)
Event: 153.924 Thread 0x00000289ba36ece0 15575       3       org.objectweb.asm.ClassReader::readPackage (7 bytes)
Event: 153.925 Thread 0x00000289dd35bee0 nmethod 15573% 0x00000289ae155f10 code [0x00000289ae1560a0, 0x00000289ae1563e0]
Event: 153.925 Thread 0x00000289ba36ece0 nmethod 15575 0x00000289a60b5110 code [0x00000289a60b5300, 0x00000289a60b5650]
Event: 153.925 Thread 0x00000289ba36ece0 15576       3       org.objectweb.asm.SymbolTable::addConstantPackage (8 bytes)
Event: 153.926 Thread 0x00000289ba36ece0 nmethod 15576 0x00000289a669f290 code [0x00000289a669f440, 0x00000289a669f588]
Event: 153.929 Thread 0x00000289dd35bee0 15577       4       org.gradle.internal.snapshot.ChildMap$Entry::handlePath (135 bytes)
Event: 153.934 Thread 0x00000289ba36ece0 15578       3       org.gradle.internal.snapshot.DirectorySnapshot::relocateDirectAccess (100 bytes)
Event: 153.936 Thread 0x00000289ba36ece0 nmethod 15578 0x00000289a705b390 code [0x00000289a705b740, 0x00000289a705d378]
Event: 153.936 Thread 0x00000289ba36ece0 15579       3       org.gradle.internal.snapshot.DirectorySnapshot$$Lambda/0x00000289bccb8970::<init> (15 bytes)
Event: 153.937 Thread 0x00000289ba36ece0 nmethod 15579 0x00000289a66c5890 code [0x00000289a66c5a40, 0x00000289a66c5c60]
Event: 153.937 Thread 0x00000289ba36ece0 15580       3       org.gradle.internal.snapshot.DirectorySnapshot$$Lambda/0x00000289bccb8bb8::<init> (15 bytes)
Event: 153.937 Thread 0x00000289ba36ece0 nmethod 15580 0x00000289a66c8110 code [0x00000289a66c82c0, 0x00000289a66c84e0]

GC Heap History (20 events):
Event: 152.305 GC heap after
{Heap after GC invocations=71 (full 0):
 garbage-first heap   total 236544K, used 98017K [0x0000000080000000, 0x0000000100000000)
  region size 1024K, 7 young (7168K), 7 survivors (7168K)
 Metaspace       used 86763K, committed 88832K, reserved 557056K
  class space    used 12103K, committed 13120K, reserved 425984K
}
Event: 152.570 GC heap before
{Heap before GC invocations=71 (full 0):
 garbage-first heap   total 236544K, used 220897K [0x0000000080000000, 0x0000000100000000)
  region size 1024K, 128 young (131072K), 7 survivors (7168K)
 Metaspace       used 86781K, committed 88832K, reserved 557056K
  class space    used 12103K, committed 13120K, reserved 425984K
}
Event: 152.574 GC heap after
{Heap after GC invocations=72 (full 0):
 garbage-first heap   total 236544K, used 97479K [0x0000000080000000, 0x0000000100000000)
  region size 1024K, 6 young (6144K), 6 survivors (6144K)
 Metaspace       used 86781K, committed 88832K, reserved 557056K
  class space    used 12103K, committed 13120K, reserved 425984K
}
Event: 152.860 GC heap before
{Heap before GC invocations=73 (full 0):
 garbage-first heap   total 236544K, used 224455K [0x0000000080000000, 0x0000000100000000)
  region size 1024K, 128 young (131072K), 6 survivors (6144K)
 Metaspace       used 86796K, committed 88832K, reserved 557056K
  class space    used 12103K, committed 13120K, reserved 425984K
}
Event: 152.862 GC heap after
{Heap after GC invocations=74 (full 0):
 garbage-first heap   total 236544K, used 98340K [0x0000000080000000, 0x0000000100000000)
  region size 1024K, 7 young (7168K), 7 survivors (7168K)
 Metaspace       used 86796K, committed 88832K, reserved 557056K
  class space    used 12103K, committed 13120K, reserved 425984K
}
Event: 152.945 GC heap before
{Heap before GC invocations=74 (full 0):
 garbage-first heap   total 236544K, used 222244K [0x0000000080000000, 0x0000000100000000)
  region size 1024K, 128 young (131072K), 7 survivors (7168K)
 Metaspace       used 86797K, committed 88832K, reserved 557056K
  class space    used 12103K, committed 13120K, reserved 425984K
}
Event: 152.949 GC heap after
{Heap after GC invocations=75 (full 0):
 garbage-first heap   total 236544K, used 98993K [0x0000000080000000, 0x0000000100000000)
  region size 1024K, 7 young (7168K), 7 survivors (7168K)
 Metaspace       used 86797K, committed 88832K, reserved 557056K
  class space    used 12103K, committed 13120K, reserved 425984K
}
Event: 153.016 GC heap before
{Heap before GC invocations=75 (full 0):
 garbage-first heap   total 236544K, used 221873K [0x0000000080000000, 0x0000000100000000)
  region size 1024K, 128 young (131072K), 7 survivors (7168K)
 Metaspace       used 86798K, committed 88832K, reserved 557056K
  class space    used 12103K, committed 13120K, reserved 425984K
}
Event: 153.020 GC heap after
{Heap after GC invocations=76 (full 0):
 garbage-first heap   total 284672K, used 99793K [0x0000000080000000, 0x0000000100000000)
  region size 1024K, 8 young (8192K), 8 survivors (8192K)
 Metaspace       used 86798K, committed 88832K, reserved 557056K
  class space    used 12103K, committed 13120K, reserved 425984K
}
Event: 153.197 GC heap before
{Heap before GC invocations=77 (full 0):
 garbage-first heap   total 284672K, used 260561K [0x0000000080000000, 0x0000000100000000)
  region size 1024K, 166 young (169984K), 8 survivors (8192K)
 Metaspace       used 86802K, committed 88832K, reserved 557056K
  class space    used 12103K, committed 13120K, reserved 425984K
}
Event: 153.201 GC heap after
{Heap after GC invocations=78 (full 0):
 garbage-first heap   total 284672K, used 98713K [0x0000000080000000, 0x0000000100000000)
  region size 1024K, 8 young (8192K), 8 survivors (8192K)
 Metaspace       used 86802K, committed 88832K, reserved 557056K
  class space    used 12103K, committed 13120K, reserved 425984K
}
Event: 153.373 GC heap before
{Heap before GC invocations=78 (full 0):
 garbage-first heap   total 284672K, used 259481K [0x0000000080000000, 0x0000000100000000)
  region size 1024K, 166 young (169984K), 8 survivors (8192K)
 Metaspace       used 86803K, committed 88832K, reserved 557056K
  class space    used 12103K, committed 13120K, reserved 425984K
}
Event: 153.378 GC heap after
{Heap after GC invocations=79 (full 0):
 garbage-first heap   total 284672K, used 96049K [0x0000000080000000, 0x0000000100000000)
  region size 1024K, 5 young (5120K), 5 survivors (5120K)
 Metaspace       used 86803K, committed 88832K, reserved 557056K
  class space    used 12103K, committed 13120K, reserved 425984K
}
Event: 153.597 GC heap before
{Heap before GC invocations=79 (full 0):
 garbage-first heap   total 284672K, used 259889K [0x0000000080000000, 0x0000000100000000)
  region size 1024K, 166 young (169984K), 5 survivors (5120K)
 Metaspace       used 86823K, committed 88832K, reserved 557056K
  class space    used 12103K, committed 13120K, reserved 425984K
}
Event: 153.600 GC heap after
{Heap after GC invocations=80 (full 0):
 garbage-first heap   total 284672K, used 98417K [0x0000000080000000, 0x0000000100000000)
  region size 1024K, 8 young (8192K), 8 survivors (8192K)
 Metaspace       used 86823K, committed 88832K, reserved 557056K
  class space    used 12103K, committed 13120K, reserved 425984K
}
Event: 153.769 GC heap before
{Heap before GC invocations=81 (full 0):
 garbage-first heap   total 284672K, used 262257K [0x0000000080000000, 0x0000000100000000)
  region size 1024K, 167 young (171008K), 8 survivors (8192K)
 Metaspace       used 86837K, committed 88832K, reserved 557056K
  class space    used 12103K, committed 13120K, reserved 425984K
}
Event: 153.774 GC heap after
{Heap after GC invocations=82 (full 0):
 garbage-first heap   total 284672K, used 102967K [0x0000000080000000, 0x0000000100000000)
  region size 1024K, 9 young (9216K), 9 survivors (9216K)
 Metaspace       used 86837K, committed 88832K, reserved 557056K
  class space    used 12103K, committed 13120K, reserved 425984K
}
Event: 153.898 GC heap before
{Heap before GC invocations=82 (full 0):
 garbage-first heap   total 284672K, used 262711K [0x0000000080000000, 0x0000000100000000)
  region size 1024K, 166 young (169984K), 9 survivors (9216K)
 Metaspace       used 86848K, committed 88960K, reserved 557056K
  class space    used 12103K, committed 13120K, reserved 425984K
}
Event: 153.906 GC heap after
{Heap after GC invocations=83 (full 0):
 garbage-first heap   total 284672K, used 102392K [0x0000000080000000, 0x0000000100000000)
  region size 1024K, 10 young (10240K), 10 survivors (10240K)
 Metaspace       used 86848K, committed 88960K, reserved 557056K
  class space    used 12103K, committed 13120K, reserved 425984K
}
Event: 153.950 GC heap before
{Heap before GC invocations=83 (full 0):
 garbage-first heap   total 284672K, used 153592K [0x0000000080000000, 0x0000000100000000)
  region size 1024K, 61 young (62464K), 10 survivors (10240K)
 Metaspace       used 86851K, committed 88960K, reserved 557056K
  class space    used 12103K, committed 13120K, reserved 425984K
}

Dll operation events (16 events):
Event: 0.022 Loaded shared library C:\Users\USER\.vscode\extensions\redhat.java-1.54.0-win32-x64\jre\21.0.10-win32-x86_64\bin\java.dll
Event: 0.658 Loaded shared library C:\Users\USER\.vscode\extensions\redhat.java-1.54.0-win32-x64\jre\21.0.10-win32-x86_64\bin\zip.dll
Event: 0.688 Loaded shared library C:\Users\USER\.vscode\extensions\redhat.java-1.54.0-win32-x64\jre\21.0.10-win32-x86_64\bin\instrument.dll
Event: 0.692 Loaded shared library C:\Users\USER\.vscode\extensions\redhat.java-1.54.0-win32-x64\jre\21.0.10-win32-x86_64\bin\net.dll
Event: 0.694 Loaded shared library C:\Users\USER\.vscode\extensions\redhat.java-1.54.0-win32-x64\jre\21.0.10-win32-x86_64\bin\nio.dll
Event: 0.705 Loaded shared library C:\Users\USER\.vscode\extensions\redhat.java-1.54.0-win32-x64\jre\21.0.10-win32-x86_64\bin\zip.dll
Event: 0.924 Loaded shared library C:\Users\USER\.vscode\extensions\redhat.java-1.54.0-win32-x64\jre\21.0.10-win32-x86_64\bin\jimage.dll
Event: 1.003 Loaded shared library C:\Users\USER\.vscode\extensions\redhat.java-1.54.0-win32-x64\jre\21.0.10-win32-x86_64\bin\verify.dll
Event: 1.297 Loaded shared library D:\gradle_cache\native\c067742578af261105cb4f569cf0c3c89f3d7b1fecec35dd04571415982c5e48\windows-amd64\native-platform.dll
Event: 1.303 Loaded shared library D:\gradle_cache\native\38dada09dfb8b06ba9b0570ebf7e218e3eb74d4ef43ca46872605cf95ebc2f47\windows-amd64\native-platform-file-events.dll
Event: 2.401 Loaded shared library C:\Users\USER\.vscode\extensions\redhat.java-1.54.0-win32-x64\jre\21.0.10-win32-x86_64\bin\management.dll
Event: 2.405 Loaded shared library C:\Users\USER\.vscode\extensions\redhat.java-1.54.0-win32-x64\jre\21.0.10-win32-x86_64\bin\management_ext.dll
Event: 2.611 Loaded shared library C:\Users\USER\.vscode\extensions\redhat.java-1.54.0-win32-x64\jre\21.0.10-win32-x86_64\bin\extnet.dll
Event: 2.785 Loaded shared library C:\Users\USER\.vscode\extensions\redhat.java-1.54.0-win32-x64\jre\21.0.10-win32-x86_64\bin\sunmscapi.dll
Event: 38.558 Loaded shared library C:\Users\USER\AppData\Local\Temp\native-platform15742737308498816622dir\native-platform.dll
Event: 39.451 Loaded shared library C:\Users\USER\.vscode\extensions\redhat.java-1.54.0-win32-x64\jre\21.0.10-win32-x86_64\bin\rmi.dll

Deoptimization events (20 events):
Event: 153.217 Thread 0x00000289db8b5110 Uncommon trap: trap_request=0xffffff45 fr.pc=0x00000289ae1940e0 relative=0x00000000000045a0
Event: 153.234 Thread 0x00000289db8b5110 Uncommon trap: reason=unstable_if action=reinterpret pc=0x00000289ae1940e0 method=org.objectweb.asm.ClassWriter.toByteArray()[B @ 730 c2
Event: 153.234 Thread 0x00000289db8b5110 DEOPT PACKING pc=0x00000289ae1940e0 sp=0x0000009c2c1fc220
Event: 153.234 Thread 0x00000289db8b5110 DEOPT UNPACKING pc=0x00000289ad384422 sp=0x0000009c2c1fc1b0 mode 2
Event: 153.234 Thread 0x00000289db8b5110 Uncommon trap: trap_request=0xffffff45 fr.pc=0x00000289ada6a378 relative=0x00000000000027b8
Event: 153.234 Thread 0x00000289db8b5110 Uncommon trap: reason=unstable_if action=reinterpret pc=0x00000289ada6a378 method=org.objectweb.asm.MethodWriter.putMethodInfo(Lorg/objectweb/asm/ByteVector;)V @ 9 c2
Event: 153.234 Thread 0x00000289db8b5110 DEOPT PACKING pc=0x00000289ada6a378 sp=0x0000009c2c1fc150
Event: 153.234 Thread 0x00000289db8b5110 DEOPT UNPACKING pc=0x00000289ad384422 sp=0x0000009c2c1fc110 mode 2
Event: 153.349 Thread 0x00000289db8b5110 Uncommon trap: trap_request=0xffffff45 fr.pc=0x00000289ae0a83c4 relative=0x0000000000003a24
Event: 153.349 Thread 0x00000289db8b5110 Uncommon trap: reason=unstable_if action=reinterpret pc=0x00000289ae0a83c4 method=org.gradle.internal.classpath.generated.InterceptorDeclaration_ConfigCacheJvmBytecode.visitMethodInsn(Ljava/lang/String;ILjava/lang/String;Ljava/lang/String;Ljava/lang/Strin
Event: 153.349 Thread 0x00000289db8b5110 DEOPT PACKING pc=0x00000289ae0a83c4 sp=0x0000009c2c1fbd90
Event: 153.349 Thread 0x00000289db8b5110 DEOPT UNPACKING pc=0x00000289ad384422 sp=0x0000009c2c1fbd08 mode 2
Event: 153.867 Thread 0x00000289db8b29b0 Uncommon trap: trap_request=0xffffffc6 fr.pc=0x00000289adcbe038 relative=0x0000000000000238
Event: 153.867 Thread 0x00000289db8b29b0 Uncommon trap: reason=bimorphic_or_optimized_type_check action=maybe_recompile pc=0x00000289adcbe038 method=org.objectweb.asm.ClassReader.readElementValues(Lorg/objectweb/asm/AnnotationVisitor;IZ[C)I @ 82 c2
Event: 153.867 Thread 0x00000289db8b29b0 DEOPT PACKING pc=0x00000289adcbe038 sp=0x0000009c270fb2d0
Event: 153.867 Thread 0x00000289db8b29b0 DEOPT UNPACKING pc=0x00000289ad384422 sp=0x0000009c270fb260 mode 2
Event: 153.867 Thread 0x00000289db8b29b0 Uncommon trap: trap_request=0xffffffc6 fr.pc=0x00000289adcbe038 relative=0x0000000000000238
Event: 153.867 Thread 0x00000289db8b29b0 Uncommon trap: reason=bimorphic_or_optimized_type_check action=maybe_recompile pc=0x00000289adcbe038 method=org.objectweb.asm.ClassReader.readElementValues(Lorg/objectweb/asm/AnnotationVisitor;IZ[C)I @ 82 c2
Event: 153.867 Thread 0x00000289db8b29b0 DEOPT PACKING pc=0x00000289adcbe038 sp=0x0000009c270fb2d0
Event: 153.867 Thread 0x00000289db8b29b0 DEOPT UNPACKING pc=0x00000289ad384422 sp=0x0000009c270fb260 mode 2

Classes loaded (20 events):
Event: 111.747 Loading class sun/security/ssl/NewSessionTicket$T12NewSessionTicketMessage
Event: 111.747 Loading class sun/security/ssl/NewSessionTicket$T12NewSessionTicketMessage done
Event: 111.747 Loading class sun/security/ssl/SSLCipher$T12GcmReadCipherGenerator$GcmReadCipher
Event: 111.747 Loading class sun/security/ssl/SSLCipher$T12GcmReadCipherGenerator$GcmReadCipher done
Event: 114.117 Loading class com/sun/org/apache/xerces/internal/util/EncodingMap
Event: 114.119 Loading class com/sun/org/apache/xerces/internal/util/EncodingMap done
Event: 114.122 Loading class sun/nio/cs/ISO_8859_1$Decoder
Event: 114.122 Loading class sun/nio/cs/ISO_8859_1$Decoder done
Event: 127.558 Loading class java/util/Collections$ReverseComparator
Event: 127.558 Loading class java/util/Collections$ReverseComparator done
Event: 127.558 Loading class java/util/Collections$ReverseComparator2
Event: 127.558 Loading class java/util/Collections$ReverseComparator2 done
Event: 142.723 Loading class java/util/zip/ZipFile$ZipEntryIterator
Event: 142.723 Loading class java/util/zip/ZipFile$ZipEntryIterator done
Event: 142.729 Loading class java/util/zip/ZipInputStream
Event: 142.730 Loading class java/util/zip/ZipInputStream done
Event: 142.954 Loading class java/nio/file/StandardCopyOption
Event: 142.956 Loading class java/nio/file/StandardCopyOption done
Event: 142.957 Loading class sun/nio/fs/WindowsFileCopy
Event: 142.958 Loading class sun/nio/fs/WindowsFileCopy done

Classes unloaded (0 events):
No events

Classes redefined (0 events):
No events

Internal exceptions (20 events):
Event: 153.283 Thread 0x00000289db8afbc0 Exception <a 'sun/nio/fs/WindowsException'{0x000000008cc70888}> (0x000000008cc70888) 
thrown [s\src\hotspot\share\prims\jni.cpp, line 520]
Event: 153.298 Thread 0x00000289db8b29b0 Exception <a 'sun/nio/fs/WindowsException'{0x0000000090837900}> (0x0000000090837900) 
thrown [s\src\hotspot\share\prims\jni.cpp, line 520]
Event: 153.322 Thread 0x00000289db8b5110 Exception <a 'sun/nio/fs/WindowsException'{0x000000008dff6ce0}> (0x000000008dff6ce0) 
thrown [s\src\hotspot\share\prims\jni.cpp, line 520]
Event: 153.415 Thread 0x00000289db0deb10 Exception <a 'sun/nio/fs/WindowsException'{0x0000000091097e78}> (0x0000000091097e78) 
thrown [s\src\hotspot\share\prims\jni.cpp, line 520]
Event: 153.416 Thread 0x00000289dfaaaa90 Exception <a 'sun/nio/fs/WindowsException'{0x00000000ffc18738}> (0x00000000ffc18738) 
thrown [s\src\hotspot\share\prims\jni.cpp, line 520]
Event: 153.423 Thread 0x00000289db8afbc0 Exception <a 'sun/nio/fs/WindowsException'{0x00000000ffce05c0}> (0x00000000ffce05c0) 
thrown [s\src\hotspot\share\prims\jni.cpp, line 520]
Event: 153.427 Thread 0x00000289db8b29b0 Exception <a 'sun/nio/fs/WindowsException'{0x0000000091193ac8}> (0x0000000091193ac8) 
thrown [s\src\hotspot\share\prims\jni.cpp, line 520]
Event: 153.455 Thread 0x00000289db8b5110 Exception <a 'sun/nio/fs/WindowsException'{0x0000000090090d40}> (0x0000000090090d40) 
thrown [s\src\hotspot\share\prims\jni.cpp, line 520]
Event: 153.475 Thread 0x00000289db8b36d0 Exception <a 'sun/nio/fs/WindowsException'{0x0000000090e1d6c8}> (0x0000000090e1d6c8) 
thrown [s\src\hotspot\share\prims\jni.cpp, line 520]
Event: 153.498 Thread 0x00000289dfaaaa90 Exception <a 'sun/nio/fs/WindowsException'{0x000000008db139f0}> (0x000000008db139f0) 
thrown [s\src\hotspot\share\prims\jni.cpp, line 520]
Event: 153.499 Thread 0x00000289db0deb10 Exception <a 'sun/nio/fs/WindowsException'{0x00000000906c87d0}> (0x00000000906c87d0) 
thrown [s\src\hotspot\share\prims\jni.cpp, line 520]
Event: 153.566 Thread 0x00000289db8afbc0 Exception <a 'sun/nio/fs/WindowsException'{0x0000000088e698c0}> (0x0000000088e698c0) 
thrown [s\src\hotspot\share\prims\jni.cpp, line 520]
Event: 153.610 Thread 0x00000289db0deb10 Exception <a 'sun/nio/fs/WindowsException'{0x00000000ffd71510}> (0x00000000ffd71510) 
thrown [s\src\hotspot\share\prims\jni.cpp, line 520]
Event: 153.656 Thread 0x00000289dfaaaa90 Exception <a 'sun/nio/fs/WindowsException'{0x000000009051afe8}> (0x000000009051afe8) 
thrown [s\src\hotspot\share\prims\jni.cpp, line 520]
Event: 153.683 Thread 0x00000289db8afbc0 Exception <a 'sun/nio/fs/WindowsException'{0x00000000910a50e8}> (0x00000000910a50e8) 
thrown [s\src\hotspot\share\prims\jni.cpp, line 520]
Event: 153.694 Thread 0x00000289db0deb10 Exception <a 'sun/nio/fs/WindowsException'{0x00000000909d9518}> (0x00000000909d9518) 
thrown [s\src\hotspot\share\prims\jni.cpp, line 520]
Event: 153.845 Thread 0x00000289dfaaaa90 Exception <a 'sun/nio/fs/WindowsException'{0x000000008ff9d690}> (0x000000008ff9d690) 
thrown [s\src\hotspot\share\prims\jni.cpp, line 520]
Event: 153.845 Thread 0x00000289db8afbc0 Exception <a 'sun/nio/fs/WindowsException'{0x000000008fe9d3e8}> (0x000000008fe9d3e8) 
thrown [s\src\hotspot\share\prims\jni.cpp, line 520]
Event: 153.918 Thread 0x00000289db8afbc0 Exception <a 'sun/nio/fs/WindowsException'{0x00000000906a1078}> (0x00000000906a1078) 
thrown [s\src\hotspot\share\prims\jni.cpp, line 520]
Event: 153.950 Thread 0x00000289dfaaaa90 Exception <a 'sun/nio/fs/WindowsException'{0x000000008fd1ad10}> (0x000000008fd1ad10) 
thrown [s\src\hotspot\share\prims\jni.cpp, line 520]

ZGC Phase Switch (0 events):
No events

VM Operations (20 events):
Event: 153.131 Executing safepoint VM operation: G1PauseRemark done
Event: 153.178 Executing safepoint VM operation: G1PauseCleanup
Event: 153.178 Executing safepoint VM operation: G1PauseCleanup done
Event: 153.197 Executing safepoint VM operation: G1CollectForAllocation (G1 Evacuation Pause)
Event: 153.201 Executing safepoint VM operation: G1CollectForAllocation (G1 Evacuation Pause) done
Event: 153.372 Executing safepoint VM operation: G1CollectForAllocation (G1 Evacuation Pause)
Event: 153.378 Executing safepoint VM operation: G1CollectForAllocation (G1 Evacuation Pause) done
Event: 153.596 Executing safepoint VM operation: G1CollectForAllocation (G1 Evacuation Pause)
Event: 153.600 Executing safepoint VM operation: G1CollectForAllocation (G1 Evacuation Pause) done
Event: 153.705 Executing safepoint VM operation: G1PauseRemark
Event: 153.712 Executing safepoint VM operation: G1PauseRemark done
Event: 153.757 Executing safepoint VM operation: G1PauseCleanup
Event: 153.757 Executing safepoint VM operation: G1PauseCleanup done
Event: 153.769 Executing safepoint VM operation: G1CollectForAllocation (G1 Evacuation Pause)
Event: 153.769 Executing safepoint VM operation: G1CollectForAllocation (G1 Evacuation Pause) done
Event: 153.769 Executing safepoint VM operation: G1CollectForAllocation (GCLocker Initiated GC)
Event: 153.775 Executing safepoint VM operation: G1CollectForAllocation (GCLocker Initiated GC) done
Event: 153.898 Executing safepoint VM operation: G1CollectForAllocation (G1 Evacuation Pause)
Event: 153.906 Executing safepoint VM operation: G1CollectForAllocation (G1 Evacuation Pause) done
Event: 153.950 Executing safepoint VM operation: G1TryInitiateConcMark (G1 Humongous Allocation)

Memory protections (0 events):
No events

Nmethod flushes (20 events):
Event: 153.130 Thread 0x00000289ba33d3d0 flushing  nmethod 0x00000289a6726310
Event: 153.130 Thread 0x00000289ba33d3d0 flushing  nmethod 0x00000289a672c810
Event: 153.130 Thread 0x00000289ba33d3d0 flushing  nmethod 0x00000289a67aa390
Event: 153.130 Thread 0x00000289ba33d3d0 flushing  nmethod 0x00000289a67ae290
Event: 153.130 Thread 0x00000289ba33d3d0 flushing  nmethod 0x00000289a6f61110
Event: 153.711 Thread 0x00000289ba33d3d0 flushing  nmethod 0x00000289a60b5110
Event: 153.711 Thread 0x00000289ba33d3d0 flushing  nmethod 0x00000289a62bb490
Event: 153.711 Thread 0x00000289ba33d3d0 flushing  nmethod 0x00000289a63bfd90
Event: 153.711 Thread 0x00000289ba33d3d0 flushing  nmethod 0x00000289a6633410
Event: 153.711 Thread 0x00000289ba33d3d0 flushing  nmethod 0x00000289a6731790
Event: 153.711 Thread 0x00000289ba33d3d0 flushing  nmethod 0x00000289a6731f10
Event: 153.711 Thread 0x00000289ba33d3d0 flushing  nmethod 0x00000289a6736610
Event: 153.711 Thread 0x00000289ba33d3d0 flushing  nmethod 0x00000289a640fa90
Event: 153.711 Thread 0x00000289ba33d3d0 flushing  nmethod 0x00000289a6995390
Event: 153.711 Thread 0x00000289ba33d3d0 flushing  nmethod 0x00000289a6f25090
Event: 153.711 Thread 0x00000289ba33d3d0 flushing  nmethod 0x00000289a5edc410
Event: 153.711 Thread 0x00000289ba33d3d0 flushing  nmethod 0x00000289a6594c10
Event: 153.711 Thread 0x00000289ba33d3d0 flushing  nmethod 0x00000289a6674010
Event: 153.711 Thread 0x00000289ba33d3d0 flushing  nmethod 0x00000289a6d78790
Event: 153.711 Thread 0x00000289ba33d3d0 flushing  nmethod 0x00000289a698ad90

Events (20 events):
Event: 124.704 Thread 0x00000289ba36ece0 Thread added: 0x00000289dd35fc30
Event: 124.895 Thread 0x00000289db0deb10 Thread added: 0x00000289dc9767f0
Event: 124.895 Thread 0x00000289db0deb10 Thread added: 0x00000289dc974db0
Event: 124.896 Thread 0x00000289db0deb10 Thread added: 0x00000289dc975440
Event: 125.515 Thread 0x00000289dd35fc30 Thread exited: 0x00000289dd35fc30
Event: 134.887 Thread 0x00000289ba36ece0 Thread added: 0x00000289dd35e7c0
Event: 135.500 Thread 0x00000289dd35e7c0 Thread added: 0x00000289dd35cc80
Event: 136.725 Thread 0x00000289dd35cc80 Thread exited: 0x00000289dd35cc80
Event: 136.918 Thread 0x00000289dd35e7c0 Thread exited: 0x00000289dd35e7c0
Event: 137.027 Thread 0x00000289ba366260 Thread added: 0x00000289dd358f30
Event: 137.256 Thread 0x00000289dd358f30 Thread exited: 0x00000289dd358f30
Event: 142.683 Thread 0x00000289ba36ece0 Thread added: 0x00000289dd358f30
Event: 142.687 Thread 0x00000289dd358f30 Thread added: 0x00000289dd35fc30
Event: 148.390 Thread 0x00000289dd35fc30 Thread exited: 0x00000289dd35fc30
Event: 149.034 Thread 0x00000289dd358f30 Thread exited: 0x00000289dd358f30
Event: 149.180 Thread 0x00000289ba36ece0 Thread added: 0x00000289dd358f30
Event: 149.435 Thread 0x00000289dd358f30 Thread exited: 0x00000289dd358f30
Event: 149.608 Thread 0x00000289ba36ece0 Thread added: 0x00000289dd358f30
Event: 153.043 Thread 0x00000289dd358f30 Thread exited: 0x00000289dd358f30
Event: 153.565 Thread 0x00000289ba36ece0 Thread added: 0x00000289dd35bee0


Dynamic libraries:
0x00007ff7385a0000 - 0x00007ff7385ae000 	C:\Users\USER\.vscode\extensions\redhat.java-1.54.0-win32-x64\jre\21.0.10-win32-x86_64\bin\java.exe
0x00007ffd3d100000 - 0x00007ffd3d367000 	C:\WINDOWS\SYSTEM32\ntdll.dll
0x00007ffd3bd00000 - 0x00007ffd3bdc9000 	C:\WINDOWS\System32\KERNEL32.DLL
0x00007ffd39ca0000 - 0x00007ffd3a097000 	C:\WINDOWS\System32\KERNELBASE.dll
0x00007ffd3aa70000 - 0x00007ffd3abbb000 	C:\WINDOWS\System32\ucrtbase.dll
0x00007ffd2bc10000 - 0x00007ffd2bc28000 	C:\Users\USER\.vscode\extensions\redhat.java-1.54.0-win32-x64\jre\21.0.10-win32-x86_64\bin\jli.dll
0x00007ffd35a80000 - 0x00007ffd35a9e000 	C:\Users\USER\.vscode\extensions\redhat.java-1.54.0-win32-x64\jre\21.0.10-win32-x86_64\bin\VCRUNTIME140.dll
0x00007ffd3c620000 - 0x00007ffd3c7e6000 	C:\WINDOWS\System32\USER32.dll
0x00007ffd3a1d0000 - 0x00007ffd3a1f7000 	C:\WINDOWS\System32\win32u.dll
0x00007ffd3ced0000 - 0x00007ffd3cefb000 	C:\WINDOWS\System32\GDI32.dll
0x00007ffd27da0000 - 0x00007ffd28032000 	C:\WINDOWS\WinSxS\amd64_microsoft.windows.common-controls_6595b64144ccf1df_6.0.26100.8457_none_3e0b2faee331e92d\COMCTL32.dll
0x00007ffd3a0a0000 - 0x00007ffd3a1cc000 	C:\WINDOWS\System32\gdi32full.dll
0x00007ffd3ae80000 - 0x00007ffd3af29000 	C:\WINDOWS\System32\msvcrt.dll
0x00007ffd3ad40000 - 0x00007ffd3ade3000 	C:\WINDOWS\System32\msvcp_win.dll
0x00007ffd3ce10000 - 0x00007ffd3ce42000 	C:\WINDOWS\System32\IMM32.DLL
0x00007ffd35990000 - 0x00007ffd3599c000 	C:\Users\USER\.vscode\extensions\redhat.java-1.54.0-win32-x64\jre\21.0.10-win32-x86_64\bin\vcruntime140_1.dll
0x00007ffd0cf90000 - 0x00007ffd0d01d000 	C:\Users\USER\.vscode\extensions\redhat.java-1.54.0-win32-x64\jre\21.0.10-win32-x86_64\bin\msvcp140.dll
0x00007ffccb490000 - 0x00007ffccc231000 	C:\Users\USER\.vscode\extensions\redhat.java-1.54.0-win32-x64\jre\21.0.10-win32-x86_64\bin\server\jvm.dll
0x00007ffd3b560000 - 0x00007ffd3b616000 	C:\WINDOWS\System32\ADVAPI32.dll
0x00007ffd3c570000 - 0x00007ffd3c617000 	C:\WINDOWS\System32\sechost.dll
0x00007ffd3cfa0000 - 0x00007ffd3d0b8000 	C:\WINDOWS\System32\RPCRT4.dll
0x00007ffd3c7f0000 - 0x00007ffd3c870000 	C:\WINDOWS\System32\WS2_32.dll
0x00007ffd39990000 - 0x00007ffd399ee000 	C:\WINDOWS\SYSTEM32\POWRPROF.dll
0x00007ffd1e9b0000 - 0x00007ffd1e9e6000 	C:\WINDOWS\SYSTEM32\WINMM.dll
0x00007ffd31cc0000 - 0x00007ffd31ccb000 	C:\WINDOWS\SYSTEM32\VERSION.dll
0x00007ffd39970000 - 0x00007ffd39984000 	C:\WINDOWS\SYSTEM32\UMPDC.dll
0x00007ffd38880000 - 0x00007ffd3889b000 	C:\WINDOWS\SYSTEM32\kernel.appcore.dll
0x00007ffd351e0000 - 0x00007ffd351ea000 	C:\Users\USER\.vscode\extensions\redhat.java-1.54.0-win32-x64\jre\21.0.10-win32-x86_64\bin\jimage.dll
0x00007ffd1ea00000 - 0x00007ffd1ec42000 	C:\WINDOWS\SYSTEM32\DBGHELP.DLL
0x00007ffd3b720000 - 0x00007ffd3baa3000 	C:\WINDOWS\System32\combase.dll
0x00007ffd3c880000 - 0x00007ffd3c959000 	C:\WINDOWS\System32\OLEAUT32.dll
0x00007ffd299b0000 - 0x00007ffd299eb000 	C:\WINDOWS\SYSTEM32\dbgcore.DLL
0x00007ffd39bf0000 - 0x00007ffd39c98000 	C:\WINDOWS\System32\bcryptPrimitives.dll
0x00007ffd2bee0000 - 0x00007ffd2beef000 	C:\Users\USER\.vscode\extensions\redhat.java-1.54.0-win32-x64\jre\21.0.10-win32-x86_64\bin\instrument.dll
0x00007ffd20860000 - 0x00007ffd20880000 	C:\Users\USER\.vscode\extensions\redhat.java-1.54.0-win32-x64\jre\21.0.10-win32-x86_64\bin\java.dll
0x00007ffd3bde0000 - 0x00007ffd3c54e000 	C:\WINDOWS\System32\SHELL32.dll
0x00007ffd3a200000 - 0x00007ffd3aa6c000 	C:\WINDOWS\System32\windows.storage.dll
0x00007ffd3b620000 - 0x00007ffd3b716000 	C:\WINDOWS\System32\SHCORE.dll
0x00007ffd3af30000 - 0x00007ffd3af96000 	C:\WINDOWS\System32\shlwapi.dll
0x00007ffd39a50000 - 0x00007ffd39a79000 	C:\WINDOWS\SYSTEM32\profapi.dll
0x00007ffd1e990000 - 0x00007ffd1e9a8000 	C:\Users\USER\.vscode\extensions\redhat.java-1.54.0-win32-x64\jre\21.0.10-win32-x86_64\bin\zip.dll
0x00007ffd2bfc0000 - 0x00007ffd2bfd0000 	C:\Users\USER\.vscode\extensions\redhat.java-1.54.0-win32-x64\jre\21.0.10-win32-x86_64\bin\net.dll
0x00007ffd34250000 - 0x00007ffd34379000 	C:\WINDOWS\SYSTEM32\WINHTTP.dll
0x00007ffd38dd0000 - 0x00007ffd38e3c000 	C:\WINDOWS\system32\mswsock.dll
0x00007ffd1d3a0000 - 0x00007ffd1d3b6000 	C:\Users\USER\.vscode\extensions\redhat.java-1.54.0-win32-x64\jre\21.0.10-win32-x86_64\bin\nio.dll
0x00007ffd2bc90000 - 0x00007ffd2bca0000 	C:\Users\USER\.vscode\extensions\redhat.java-1.54.0-win32-x64\jre\21.0.10-win32-x86_64\bin\verify.dll
0x00007ffd2bbe0000 - 0x00007ffd2bc07000 	D:\gradle_cache\native\c067742578af261105cb4f569cf0c3c89f3d7b1fecec35dd04571415982c5e48\windows-amd64\native-platform.dll
0x00007ffcdcf90000 - 0x00007ffcdd0d4000 	D:\gradle_cache\native\38dada09dfb8b06ba9b0570ebf7e218e3eb74d4ef43ca46872605cf95ebc2f47\windows-amd64\native-platform-file-events.dll
0x00007ffd2a090000 - 0x00007ffd2a09a000 	C:\Users\USER\.vscode\extensions\redhat.java-1.54.0-win32-x64\jre\21.0.10-win32-x86_64\bin\management.dll
0x00007ffd24df0000 - 0x00007ffd24dfc000 	C:\Users\USER\.vscode\extensions\redhat.java-1.54.0-win32-x64\jre\21.0.10-win32-x86_64\bin\management_ext.dll
0x00007ffd3ce00000 - 0x00007ffd3ce08000 	C:\WINDOWS\System32\PSAPI.DLL
0x00007ffd391d0000 - 0x00007ffd391eb000 	C:\WINDOWS\SYSTEM32\CRYPTSP.dll
0x00007ffd387e0000 - 0x00007ffd38819000 	C:\WINDOWS\system32\rsaenh.dll
0x00007ffd38e80000 - 0x00007ffd38eb3000 	C:\WINDOWS\SYSTEM32\USERENV.dll
0x00007ffd39a20000 - 0x00007ffd39a4a000 	C:\WINDOWS\SYSTEM32\bcrypt.dll
0x00007ffd39030000 - 0x00007ffd3903c000 	C:\WINDOWS\SYSTEM32\CRYPTBASE.dll
0x00007ffd38270000 - 0x00007ffd382a2000 	C:\WINDOWS\SYSTEM32\IPHLPAPI.DLL
0x00007ffd3c560000 - 0x00007ffd3c56a000 	C:\WINDOWS\System32\NSI.dll
0x00007ffd2bb40000 - 0x00007ffd2bb49000 	C:\Users\USER\.vscode\extensions\redhat.java-1.54.0-win32-x64\jre\21.0.10-win32-x86_64\bin\extnet.dll
0x00007ffd2bab0000 - 0x00007ffd2babe000 	C:\Users\USER\.vscode\extensions\redhat.java-1.54.0-win32-x64\jre\21.0.10-win32-x86_64\bin\sunmscapi.dll
0x00007ffd3abc0000 - 0x00007ffd3ad38000 	C:\WINDOWS\System32\CRYPT32.dll
0x00007ffd39330000 - 0x00007ffd39360000 	C:\WINDOWS\SYSTEM32\ncrypt.dll
0x00007ffd392e0000 - 0x00007ffd3931f000 	C:\WINDOWS\SYSTEM32\NTASN1.dll
0x00007ffcffa80000 - 0x00007ffcffa88000 	C:\WINDOWS\system32\wshunix.dll
0x00007ffcdd490000 - 0x00007ffcdd4a8000 	C:\WINDOWS\system32\napinsp.dll
0x00007ffd382b0000 - 0x00007ffd383e2000 	C:\WINDOWS\SYSTEM32\DNSAPI.dll
0x00007ffcdd4b0000 - 0x00007ffcdd4c3000 	C:\WINDOWS\System32\winrnr.dll
0x00007ffcdd4d0000 - 0x00007ffcdd4f2000 	C:\WINDOWS\system32\nlansp_c.dll
0x00007ffce7f70000 - 0x00007ffce7f86000 	C:\WINDOWS\system32\wshbth.dll
0x00007ffd2af10000 - 0x00007ffd2af1b000 	C:\Windows\System32\rasadhlp.dll
0x00007ffd31c00000 - 0x00007ffd31c86000 	C:\WINDOWS\System32\fwpuclnt.dll
0x00007ffd1b760000 - 0x00007ffd1b77e000 	C:\Users\USER\AppData\Local\Temp\native-platform15742737308498816622dir\native-platform.dll
0x00007ffd2bb90000 - 0x00007ffd2bb97000 	C:\Users\USER\.vscode\extensions\redhat.java-1.54.0-win32-x64\jre\21.0.10-win32-x86_64\bin\rmi.dll

JVMTI agents:
D:\gradle_cache\wrapper\dists\gradle-8.7-bin\bhs2wmbdwecv87pi65oeuq5iu\gradle-8.7\lib\agents\gradle-instrumentation-agent-8.7.jar path:C:\Users\USER\.vscode\extensions\redhat.java-1.54.0-win32-x64\jre\21.0.10-win32-x86_64\bin\instrument.dll, loaded, initialized, instrumentlib options:none

dbghelp: loaded successfully - version: 4.0.5 - missing functions: none
symbol engine: initialized successfully - sym options: 0x614 - pdb path: .;C:\Users\USER\.vscode\extensions\redhat.java-1.54.0-win32-x64\jre\21.0.10-win32-x86_64\bin;C:\WINDOWS\SYSTEM32;C:\WINDOWS\WinSxS\amd64_microsoft.windows.common-controls_6595b64144ccf1df_6.0.26100.8457_none_3e0b2faee331e92d;C:\Users\USER\.vscode\extensions\redhat.java-1.54.0-win32-x64\jre\21.0.10-win32-x86_64\bin\server;D:\gradle_cache\native\c067742578af261105cb4f569cf0c3c89f3d7b1fecec35dd04571415982c5e48\windows-amd64;D:\gradle_cache\native\38dada09dfb8b06ba9b0570ebf7e218e3eb74d4ef43ca46872605cf95ebc2f47\windows-amd64;C:\Users\USER\AppData\Local\Temp\native-platform15742737308498816622dir

VM Arguments:
jvm_args: -XX:MaxMetaspaceSize=512m --add-opens=java.base/java.util=ALL-UNNAMED --add-opens=java.base/java.lang=ALL-UNNAMED --add-opens=java.base/java.lang.invoke=ALL-UNNAMED --add-opens=java.prefs/java.util.prefs=ALL-UNNAMED --add-opens=java.base/java.nio.charset=ALL-UNNAMED --add-opens=java.base/java.net=ALL-UNNAMED --add-opens=java.base/java.util.concurrent.atomic=ALL-UNNAMED -Xmx2048m -Dfile.encoding=utf8 -Duser.country=US -Duser.language=en -Duser.variant -javaagent:D:\gradle_cache\wrapper\dists\gradle-8.7-bin\bhs2wmbdwecv87pi65oeuq5iu\gradle-8.7\lib\agents\gradle-instrumentation-agent-8.7.jar 
java_command: org.gradle.launcher.daemon.bootstrap.GradleDaemon 8.7
java_class_path (initial): D:\gradle_cache\wrapper\dists\gradle-8.7-bin\bhs2wmbdwecv87pi65oeuq5iu\gradle-8.7\lib\gradle-launcher-8.7.jar
Launcher Type: SUN_STANDARD

[Global flags]
     intx CICompilerCount                          = 4                                         {product} {ergonomic}
   size_t CompressedClassSpaceSize                 = 436207616                                 {product} {ergonomic}
     uint ConcGCThreads                            = 2                                         {product} {ergonomic}
     uint G1ConcRefinementThreads                  = 8                                         {product} {ergonomic}
   size_t G1HeapRegionSize                         = 1048576                                   {product} {ergonomic}
    uintx GCDrainStackTargetSize                   = 64                                        {product} {ergonomic}
   size_t InitialHeapSize                          = 266338304                                 {product} {ergonomic}
   size_t MarkStackSize                            = 4194304                                   {product} {ergonomic}
   size_t MaxHeapSize                              = 2147483648                                {product} {command line}
   size_t MaxMetaspaceSize                         = 536870912                                 {product} {command line}
   size_t MaxNewSize                               = 1287651328                                {product} {ergonomic}
   size_t MinHeapDeltaBytes                        = 1048576                                   {product} {ergonomic}
   size_t MinHeapSize                              = 8388608                                   {product} {ergonomic}
    uintx NonNMethodCodeHeapSize                   = 5839372                                {pd product} {ergonomic}
    uintx NonProfiledCodeHeapSize                  = 122909434                              {pd product} {ergonomic}
    uintx ProfiledCodeHeapSize                     = 122909434                              {pd product} {ergonomic}
    uintx ReservedCodeCacheSize                    = 251658240                              {pd product} {ergonomic}
     bool SegmentedCodeCache                       = true                                      {product} {ergonomic}
   size_t SoftMaxHeapSize                          = 2147483648                             {manageable} {ergonomic}
     bool UseCompressedOops                        = true                           {product lp64_product} {ergonomic}
     bool UseG1GC                                  = true                                      {product} {ergonomic}
     bool UseLargePagesIndividualAllocation        = false                                  {pd product} {ergonomic}

Logging:
Log output configuration:
 #0: stdout all=warning uptime,level,tags foldmultilines=false
 #1: stderr all=off uptime,level,tags foldmultilines=false

Release file:
JAVA_VERSION="21.0.10" 
MODULES="java.base java.compiler java.datatransfer java.xml java.prefs java.desktop java.instrument java.logging java.management java.security.sasl java.naming java.rmi java.management.rmi java.net.http java.scripting java.security.jgss java.transaction.xa java.sql java.sql.rowset java.xml.crypto java.se java.smartcardio jdk.accessibility jdk.internal.jvmstat jdk.attach jdk.charsets jdk.internal.opt jdk.zipfs jdk.compiler jdk.crypto.ec jdk.crypto.cryptoki jdk.crypto.mscapi jdk.dynalink jdk.internal.ed jdk.editpad jdk.hotspot.agent jdk.httpserver jdk.internal.le jdk.internal.vm.ci jdk.internal.vm.compiler jdk.internal.vm.compiler.management jdk.jartool jdk.javadoc jdk.jcmd jdk.management jdk.management.agent jdk.jconsole jdk.jdeps jdk.jdwp.agent jdk.jdi jdk.jfr jdk.jshell jdk.jsobject jdk.jstatd jdk.localedata jdk.management.jfr jdk.naming.dns jdk.naming.rmi jdk.net jdk.nio.mapmode jdk.random jdk.sctp jdk.security.auth jdk.security.jgss jdk.unsupported jdk.unsupported.desktop jdk.xml.dom" 

Environment Variables:
PATH=C:\Program Files\Common Files\Oracle\Java\javapath;C:\Program Files (x86)\Common Files\Intel\Shared Libraries\redist\intel64\compiler;C:\WINDOWS\system32;C:\WINDOWS;C:\WINDOWS\System32\Wbem;C:\WINDOWS\System32\WindowsPowerShell\v1.0\;C:\WINDOWS\System32\OpenSSH\;C:\ProgramData\chocolatey\bin;C:\Program Files\Git\cmd;C:\Users\USER\AppData\Roaming\nvm;C:\Program Files\nodejs;C:\Program Files\nodejs\;D:\flutter\bin;C:\Users\USER\AppData\Local\Android\Sdk\platform-tools;D:\Java;C:\Users\USER\AppData\Local\Android\Sdk\tools\bin;C:\Users\USER\AppData\Local\Microsoft\WindowsApps;C:\Users\USER\AppData\Local\Programs\Microsoft VS Code\bin;C:\Program Files\Git\bin;C:\Program Files\Git\cmd;C:\Users\USER\AppData\Roaming\nvm;C:\Program Files\nodejs;C:\Users\USER\AppData\Roaming\npm;C:\Users\USER\AppData\Local\Pub\Cache\bin;C:\Program Files\Android\Android Studio\bin;D:\flutter\bin;C:\Users\USER\AppData\Local\Android\Sdk\platform-tools;D:\cursor\resources\app\bin;C:\Users\USER\AppData\Local\PowerToys\;C:\Users\USER\AppData\Local\Programs\Antigravity IDE\bin
USERNAME=USER
OS=Windows_NT
PROCESSOR_IDENTIFIER=Intel64 Family 6 Model 165 Stepping 3, GenuineIntel
TMP=C:\Users\USER\AppData\Local\Temp
TEMP=C:\Users\USER\AppData\Local\Temp




Periodic native trim disabled

---------------  S Y S T E M  ---------------

OS:
 Windows 11 , 64 bit Build 26100 (10.0.26100.8328)
OS uptime: 0 days 1:11 hours
Hyper-V role detected

CPU: total 8 (initial active 8) (4 cores per cpu, 2 threads per core) family 6 model 165 stepping 3 microcode 0xea, cx8, cmov, fxsr, ht, mmx, 3dnowpref, sse, sse2, sse3, ssse3, sse4.1, sse4.2, popcnt, lzcnt, tsc, tscinvbit, avx, avx2, aes, erms, clmul, bmi1, bmi2, adx, fma, vzeroupper, clflush, clflushopt, hv, rdtscp, f16c
Processor Information for the first 8 processors :
  Max Mhz: 3696, Current Mhz: 3696, Mhz Limit: 3696

Memory: 4k page, system-wide physical 16165M (930M free)
TotalPageFile size 30872M (AvailPageFile size 265M)
current process WorkingSet (physical memory assigned to process): 564M, peak: 577M
current process commit charge ("private bytes"): 598M, peak: 883M

vm_info: OpenJDK 64-Bit Server VM (21.0.10+7-LTS) for windows-amd64 JRE (21.0.10+7-LTS), built on 2026-01-20T00:00:00Z by "admin" with MS VC++ 17.12 (VS2022)

END.
