#
# There is insufficient memory for the Java Runtime Environment to continue.
# Native memory allocation (mmap) failed to map 65536 bytes. Error detail: Failed to commit metaspace.
# Possible reasons:
#   The system is out of physical RAM or swap space
#   This process is running with CompressedOops enabled, and the Java Heap may be blocking the growth of the native heap
# Possible solutions:
#   Reduce memory load on the system
#   Increase physical memory or swap space
#   Check if swap backing store is full
#   Decrease Java heap size (-Xmx/-Xms)
#   Decrease number of Java threads
#   Decrease Java thread stack sizes (-Xss)
#   Set larger code cache with -XX:ReservedCodeCacheSize=
#   JVM is running with Unscaled Compressed Oops mode in which the Java heap is
#     placed in the first 4GB address space. The Java Heap base address is the
#     maximum limit for the native heap growth. Please use -XX:HeapBaseMinAddress
#     to set the Java Heap base and to place the Java Heap above 4GB virtual address.
# This output file may be truncated or incomplete.
#
#  Out of Memory Error (virtualSpaceNode.cpp:113), pid=16956, tid=13856
#
# JRE version: OpenJDK Runtime Environment Temurin-21.0.12.1+1 (21.0.12.1+1) (build 21.0.12.1+1-LTS)
# Java VM: OpenJDK 64-Bit Server VM Temurin-21.0.12.1+1 (21.0.12.1+1-LTS, mixed mode, sharing, tiered, compressed oops, compressed class ptrs, g1 gc, windows-amd64)
# No core dump will be written. Minidumps are not enabled by default on client versions of Windows
#

---------------  S U M M A R Y ------------

Command Line: -XX:MaxMetaspaceSize=512m --add-opens=java.base/java.util=ALL-UNNAMED --add-opens=java.base/java.lang=ALL-UNNAMED --add-opens=java.base/java.lang.invoke=ALL-UNNAMED --add-opens=java.prefs/java.util.prefs=ALL-UNNAMED --add-opens=java.base/java.nio.charset=ALL-UNNAMED --add-opens=java.base/java.net=ALL-UNNAMED --add-opens=java.base/java.util.concurrent.atomic=ALL-UNNAMED -Xmx2048m -Dfile.encoding=utf8 -Duser.country=US -Duser.language=en -Duser.variant -javaagent:D:\gradle_cache\wrapper\dists\gradle-8.7-bin\bhs2wmbdwecv87pi65oeuq5iu\gradle-8.7\lib\agents\gradle-instrumentation-agent-8.7.jar org.gradle.launcher.daemon.bootstrap.GradleDaemon 8.7

Host: Intel(R) Core(TM) i3-10105 CPU @ 3.70GHz, 8 cores, 15G,  Windows 11 , 64 bit Build 26100 (10.0.26100.8328)
Time: Tue Sep  8 15:19:16 2026 India Standard Time elapsed time: 55.403022 seconds (0d 0h 0m 55s)

---------------  T H R E A D  ---------------

Current thread (0x000001b8f8301900):  JavaThread "Daemon worker"        [_thread_in_vm, id=13856, stack(0x00000059add00000,0x00000059ade00000) (1024K)]

Stack: [0x00000059add00000,0x00000059ade00000]
Native frames: (J=compiled Java code, j=interpreted, Vv=VM code, C=native code)
V  [jvm.dll+0x6d83e9]
V  [jvm.dll+0x8b5736]
V  [jvm.dll+0x8b7cee]
V  [jvm.dll+0x8b83d3]
V  [jvm.dll+0x284596]
V  [jvm.dll+0x8b147e]
V  [jvm.dll+0x679ad4]
V  [jvm.dll+0x1e849b]
V  [jvm.dll+0x1e825e]
V  [jvm.dll+0x67c3d2]
V  [jvm.dll+0x67c202]
V  [jvm.dll+0x67a4ae]
V  [jvm.dll+0x26f864]
V  [jvm.dll+0x21a11f]
V  [jvm.dll+0x20f80e]
V  [jvm.dll+0x5b6a7f]
V  [jvm.dll+0x82f77d]
V  [jvm.dll+0x479a6e]
V  [jvm.dll+0x48cde6]
C  [java.dll+0x1657]

Java frames: (J=compiled Java code, j=interpreted, Vv=VM code)
J 1806  java.lang.ClassLoader.defineClass0(Ljava/lang/ClassLoader;Ljava/lang/Class;Ljava/lang/String;[BIILjava/security/ProtectionDomain;ZILjava/lang/Object;)Ljava/lang/Class; java.base@21.0.12.1 (0 bytes) @ 0x000001b887ba693c [0x000001b887ba6840+0x00000000000000fc]
J 2301 c1 java.lang.System$2.defineClass(Ljava/lang/ClassLoader;Ljava/lang/Class;Ljava/lang/String;[BLjava/security/ProtectionDomain;ZILjava/lang/Object;)Ljava/lang/Class; java.base@21.0.12.1 (21 bytes) @ 0x000001b88046a574 [0x000001b88046a4c0+0x00000000000000b4]
J 2300 c1 java.lang.invoke.MethodHandles$Lookup$ClassDefiner.defineClass(ZLjava/lang/Object;)Ljava/lang/Class; java.base@21.0.12.1 (213 bytes) @ 0x000001b88046987c [0x000001b880469320+0x000000000000055c]
J 3182 c1 java.lang.invoke.InnerClassLambdaMetafactory.generateInnerClass()Ljava/lang/Class; java.base@21.0.12.1 (506 bytes) @ 0x000001b88063536c [0x000001b8806339c0+0x00000000000019ac]
J 4198 c1 java.lang.invoke.InnerClassLambdaMetafactory.spinInnerClass()Ljava/lang/Class; java.base@21.0.12.1 (118 bytes) @ 0x000001b880822a1c [0x000001b880822860+0x00000000000001bc]
J 3525 c1 java.lang.invoke.InnerClassLambdaMetafactory.buildCallSite()Ljava/lang/invoke/CallSite; java.base@21.0.12.1 (150 bytes) @ 0x000001b8806f6fac [0x000001b8806f6f20+0x000000000000008c]
J 3529 c1 java.lang.invoke.LambdaMetafactory.metafactory(Ljava/lang/invoke/MethodHandles$Lookup;Ljava/lang/String;Ljava/lang/invoke/MethodType;Ljava/lang/invoke/MethodType;Ljava/lang/invoke/MethodHandle;Ljava/lang/invoke/MethodType;)Ljava/lang/invoke/CallSite; java.base@21.0.12.1 (71 bytes) @ 0x000001b8806faca4 [0x000001b8806fa820+0x0000000000000484]
J 3542 c1 java.lang.invoke.LambdaForm$DMH+0x000001b8901d5000.invokeStatic(Ljava/lang/Object;Ljava/lang/Object;Ljava/lang/Object;Ljava/lang/Object;Ljava/lang/Object;Ljava/lang/Object;Ljava/lang/Object;)Ljava/lang/Object; java.base@21.0.12.1 (31 bytes) @ 0x000001b8807034f4 [0x000001b8807031e0+0x0000000000000314]
J 3498 c1 java.lang.invoke.BootstrapMethodInvoker.invoke(Ljava/lang/Class;Ljava/lang/invoke/MethodHandle;Ljava/lang/String;Ljava/lang/Object;Ljava/lang/Object;Ljava/lang/Class;)Ljava/lang/Object; java.base@21.0.12.1 (974 bytes) @ 0x000001b8806db7fc [0x000001b8806d5640+0x00000000000061bc]
J 3497 c1 java.lang.invoke.CallSite.makeSite(Ljava/lang/invoke/MethodHandle;Ljava/lang/String;Ljava/lang/invoke/MethodType;Ljava/lang/Object;Ljava/lang/Class;)Ljava/lang/invoke/CallSite; java.base@21.0.12.1 (91 bytes) @ 0x000001b8806d2d34 [0x000001b8806d2ca0+0x0000000000000094]
J 3092 c1 java.lang.invoke.MethodHandleNatives.linkCallSiteImpl(Ljava/lang/Class;Ljava/lang/invoke/MethodHandle;Ljava/lang/String;Ljava/lang/invoke/MethodType;Ljava/lang/Object;[Ljava/lang/Object;)Ljava/lang/invoke/MemberName; java.base@21.0.12.1 (119 bytes) @ 0x000001b88060205c [0x000001b880601fe0+0x000000000000007c]
J 3091 c1 java.lang.invoke.MethodHandleNatives.linkCallSite(Ljava/lang/Object;Ljava/lang/Object;Ljava/lang/Object;Ljava/lang/Object;Ljava/lang/Object;[Ljava/lang/Object;)Ljava/lang/invoke/MemberName; java.base@21.0.12.1 (65 bytes) @ 0x000001b880601abc [0x000001b880601680+0x000000000000043c]
v  ~StubRoutines::call_stub 0x000001b88753100d
j  org.gradle.api.plugins.jvm.internal.DefaultJvmFeature.registerOrGetJarTask(Lorg/gradle/api/tasks/SourceSet;Lorg/gradle/api/tasks/TaskContainer;)Lorg/gradle/api/tasks/TaskProvider;+28
j  org.gradle.api.plugins.jvm.internal.DefaultJvmFeature.<init>(Ljava/lang/String;Lorg/gradle/api/tasks/SourceSet;Ljava/util/Set;Lorg/gradle/api/internal/project/ProjectInternal;ZZ)V+137
j  org.gradle.api.plugins.JavaPlugin.createMainFeature(Lorg/gradle/api/internal/project/ProjectInternal;Lorg/gradle/api/tasks/SourceSetContainer;)Lorg/gradle/api/plugins/jvm/internal/JvmFeatureInternal;+25
j  org.gradle.api.plugins.JavaPlugin.createJavaComponent(Lorg/gradle/api/internal/project/ProjectInternal;Lorg/gradle/api/tasks/SourceSetContainer;)Lorg/gradle/jvm/component/internal/JvmSoftwareComponentInternal;+41
j  org.gradle.api.plugins.JavaPlugin.apply(Lorg/gradle/api/Project;)V+81
j  org.gradle.api.plugins.JavaPlugin.apply(Ljava/lang/Object;)V+5
j  org.gradle.api.internal.plugins.ImperativeOnlyPluginTarget.applyImperative(Ljava/lang/String;Lorg/gradle/api/Plugin;)V+13
j  org.gradle.api.internal.plugins.RuleBasedPluginTarget.applyImperative(Ljava/lang/String;Lorg/gradle/api/Plugin;)V+6
j  org.gradle.api.internal.plugins.DefaultPluginManager.addPlugin(Ljava/lang/Runnable;Lorg/gradle/api/internal/plugins/PluginImplementation;Ljava/lang/String;Ljava/lang/Class;)V+54
j  org.gradle.api.internal.plugins.DefaultPluginManager.access$100(Lorg/gradle/api/internal/plugins/DefaultPluginManager;Ljava/lang/Runnable;Lorg/gradle/api/internal/plugins/PluginImplementation;Ljava/lang/String;Ljava/lang/Class;)V+6
j  org.gradle.api.internal.plugins.DefaultPluginManager$AddPluginBuildOperation.run(Lorg/gradle/internal/operations/BuildOperationContext;)V+20
j  org.gradle.internal.operations.DefaultBuildOperationRunner$1.execute(Lorg/gradle/internal/operations/RunnableBuildOperation;Lorg/gradle/internal/operations/BuildOperationContext;)V+2
j  org.gradle.internal.operations.DefaultBuildOperationRunner$1.execute(Lorg/gradle/internal/operations/BuildOperation;Lorg/gradle/internal/operations/BuildOperationContext;)V+6
j  org.gradle.internal.operations.DefaultBuildOperationRunner$2.execute(Lorg/gradle/internal/operations/BuildOperationDescriptor;Lorg/gradle/internal/operations/BuildOperationState;Lorg/gradle/internal/operations/BuildOperationState;Lorg/gradle/internal/operations/DefaultBuildOperationRunner$ReadableBuildOperationContext;Lorg/gradle/internal/operations/DefaultBuildOperationRunner$BuildOperationExecutionListener;)Lorg/gradle/internal/operations/BuildOperation;+22
j  org.gradle.internal.operations.DefaultBuildOperationRunner$2.execute(Lorg/gradle/internal/operations/BuildOperationDescriptor;Lorg/gradle/internal/operations/BuildOperationState;Lorg/gradle/internal/operations/BuildOperationState;Lorg/gradle/internal/operations/DefaultBuildOperationRunner$ReadableBuildOperationContext;Lorg/gradle/internal/operations/DefaultBuildOperationRunner$BuildOperationExecutionListener;)Ljava/lang/Object;+8
j  org.gradle.internal.operations.DefaultBuildOperationRunner.execute(Lorg/gradle/internal/operations/BuildOperationDescriptor$Builder;Lorg/gradle/internal/operations/BuildOperationState;Lorg/gradle/internal/operations/DefaultBuildOperationRunner$BuildOperationExecution;)Ljava/lang/Object;+141
j  org.gradle.internal.operations.DefaultBuildOperationRunner.execute(Lorg/gradle/internal/operations/BuildOperation;Lorg/gradle/internal/operations/BuildOperationWorker;Lorg/gradle/internal/operations/BuildOperationState;)V+18
j  org.gradle.internal.operations.DefaultBuildOperationRunner.run(Lorg/gradle/internal/operations/RunnableBuildOperation;)V+9
j  org.gradle.internal.operations.DefaultBuildOperationExecutor.run(Lorg/gradle/internal/operations/RunnableBuildOperation;)V+5
j  org.gradle.api.internal.plugins.DefaultPluginManager.lambda$doApply$0(Ljava/lang/Runnable;Lorg/gradle/api/internal/plugins/PluginImplementation;Ljava/lang/String;Ljava/lang/Class;Lorg/gradle/internal/code/UserCodeApplicationId;)V+20
j  org.gradle.api.internal.plugins.DefaultPluginManager$$Lambda+0x000001b890688230.execute(Ljava/lang/Object;)V+24
j  org.gradle.internal.code.DefaultUserCodeApplicationContext.apply(Lorg/gradle/internal/code/UserCodeSource;Lorg/gradle/api/Action;)V+37
j  org.gradle.api.internal.plugins.DefaultPluginManager.doApply(Lorg/gradle/api/internal/plugins/PluginImplementation;)V+144
j  org.gradle.api.internal.plugins.DefaultPluginManager.apply(Ljava/lang/Class;)V+11
j  org.gradle.api.plugins.JavaLibraryPlugin.apply(Lorg/gradle/api/Project;)V+8
j  org.gradle.api.plugins.JavaLibraryPlugin.apply(Ljava/lang/Object;)V+5
j  org.gradle.api.internal.plugins.ImperativeOnlyPluginTarget.applyImperative(Ljava/lang/String;Lorg/gradle/api/Plugin;)V+13
j  org.gradle.api.internal.plugins.RuleBasedPluginTarget.applyImperative(Ljava/lang/String;Lorg/gradle/api/Plugin;)V+6
j  org.gradle.api.internal.plugins.DefaultPluginManager.addPlugin(Ljava/lang/Runnable;Lorg/gradle/api/internal/plugins/PluginImplementation;Ljava/lang/String;Ljava/lang/Class;)V+54
j  org.gradle.api.internal.plugins.DefaultPluginManager.access$100(Lorg/gradle/api/internal/plugins/DefaultPluginManager;Ljava/lang/Runnable;Lorg/gradle/api/internal/plugins/PluginImplementation;Ljava/lang/String;Ljava/lang/Class;)V+6
j  org.gradle.api.internal.plugins.DefaultPluginManager$AddPluginBuildOperation.run(Lorg/gradle/internal/operations/BuildOperationContext;)V+20
j  org.gradle.internal.operations.DefaultBuildOperationRunner$1.execute(Lorg/gradle/internal/operations/RunnableBuildOperation;Lorg/gradle/internal/operations/BuildOperationContext;)V+2
j  org.gradle.internal.operations.DefaultBuildOperationRunner$1.execute(Lorg/gradle/internal/operations/BuildOperation;Lorg/gradle/internal/operations/BuildOperationContext;)V+6
j  org.gradle.internal.operations.DefaultBuildOperationRunner$2.execute(Lorg/gradle/internal/operations/BuildOperationDescriptor;Lorg/gradle/internal/operations/BuildOperationState;Lorg/gradle/internal/operations/BuildOperationState;Lorg/gradle/internal/operations/DefaultBuildOperationRunner$ReadableBuildOperationContext;Lorg/gradle/internal/operations/DefaultBuildOperationRunner$BuildOperationExecutionListener;)Lorg/gradle/internal/operations/BuildOperation;+22
j  org.gradle.internal.operations.DefaultBuildOperationRunner$2.execute(Lorg/gradle/internal/operations/BuildOperationDescriptor;Lorg/gradle/internal/operations/BuildOperationState;Lorg/gradle/internal/operations/BuildOperationState;Lorg/gradle/internal/operations/DefaultBuildOperationRunner$ReadableBuildOperationContext;Lorg/gradle/internal/operations/DefaultBuildOperationRunner$BuildOperationExecutionListener;)Ljava/lang/Object;+8
j  org.gradle.internal.operations.DefaultBuildOperationRunner.execute(Lorg/gradle/internal/operations/BuildOperationDescriptor$Builder;Lorg/gradle/internal/operations/BuildOperationState;Lorg/gradle/internal/operations/DefaultBuildOperationRunner$BuildOperationExecution;)Ljava/lang/Object;+141
j  org.gradle.internal.operations.DefaultBuildOperationRunner.execute(Lorg/gradle/internal/operations/BuildOperation;Lorg/gradle/internal/operations/BuildOperationWorker;Lorg/gradle/internal/operations/BuildOperationState;)V+18
j  org.gradle.internal.operations.DefaultBuildOperationRunner.run(Lorg/gradle/internal/operations/RunnableBuildOperation;)V+9
j  org.gradle.internal.operations.DefaultBuildOperationExecutor.run(Lorg/gradle/internal/operations/RunnableBuildOperation;)V+5
j  org.gradle.api.internal.plugins.DefaultPluginManager.lambda$doApply$0(Ljava/lang/Runnable;Lorg/gradle/api/internal/plugins/PluginImplementation;Ljava/lang/String;Ljava/lang/Class;Lorg/gradle/internal/code/UserCodeApplicationId;)V+20
j  org.gradle.api.internal.plugins.DefaultPluginManager$$Lambda+0x000001b890688230.execute(Ljava/lang/Object;)V+24
j  org.gradle.internal.code.DefaultUserCodeApplicationContext.apply(Lorg/gradle/internal/code/UserCodeSource;Lorg/gradle/api/Action;)V+37
j  org.gradle.api.internal.plugins.DefaultPluginManager.doApply(Lorg/gradle/api/internal/plugins/PluginImplementation;)V+144
j  org.gradle.api.internal.plugins.DefaultPluginManager.apply(Ljava/lang/Class;)V+11
j  org.gradle.plugin.devel.plugins.JavaGradlePluginPlugin.apply(Lorg/gradle/api/Project;)V+8
j  org.gradle.plugin.devel.plugins.JavaGradlePluginPlugin.apply(Ljava/lang/Object;)V+5
j  org.gradle.api.internal.plugins.ImperativeOnlyPluginTarget.applyImperative(Ljava/lang/String;Lorg/gradle/api/Plugin;)V+13
j  org.gradle.api.internal.plugins.RuleBasedPluginTarget.applyImperative(Ljava/lang/String;Lorg/gradle/api/Plugin;)V+6
j  org.gradle.api.internal.plugins.DefaultPluginManager.addPlugin(Ljava/lang/Runnable;Lorg/gradle/api/internal/plugins/PluginImplementation;Ljava/lang/String;Ljava/lang/Class;)V+54
j  org.gradle.api.internal.plugins.DefaultPluginManager.access$100(Lorg/gradle/api/internal/plugins/DefaultPluginManager;Ljava/lang/Runnable;Lorg/gradle/api/internal/plugins/PluginImplementation;Ljava/lang/String;Ljava/lang/Class;)V+6
j  org.gradle.api.internal.plugins.DefaultPluginManager$AddPluginBuildOperation.run(Lorg/gradle/internal/operations/BuildOperationContext;)V+20
j  org.gradle.internal.operations.DefaultBuildOperationRunner$1.execute(Lorg/gradle/internal/operations/RunnableBuildOperation;Lorg/gradle/internal/operations/BuildOperationContext;)V+2
j  org.gradle.internal.operations.DefaultBuildOperationRunner$1.execute(Lorg/gradle/internal/operations/BuildOperation;Lorg/gradle/internal/operations/BuildOperationContext;)V+6
j  org.gradle.internal.operations.DefaultBuildOperationRunner$2.execute(Lorg/gradle/internal/operations/BuildOperationDescriptor;Lorg/gradle/internal/operations/BuildOperationState;Lorg/gradle/internal/operations/BuildOperationState;Lorg/gradle/internal/operations/DefaultBuildOperationRunner$ReadableBuildOperationContext;Lorg/gradle/internal/operations/DefaultBuildOperationRunner$BuildOperationExecutionListener;)Lorg/gradle/internal/operations/BuildOperation;+22
j  org.gradle.internal.operations.DefaultBuildOperationRunner$2.execute(Lorg/gradle/internal/operations/BuildOperationDescriptor;Lorg/gradle/internal/operations/BuildOperationState;Lorg/gradle/internal/operations/BuildOperationState;Lorg/gradle/internal/operations/DefaultBuildOperationRunner$ReadableBuildOperationContext;Lorg/gradle/internal/operations/DefaultBuildOperationRunner$BuildOperationExecutionListener;)Ljava/lang/Object;+8
j  org.gradle.internal.operations.DefaultBuildOperationRunner.execute(Lorg/gradle/internal/operations/BuildOperationDescriptor$Builder;Lorg/gradle/internal/operations/BuildOperationState;Lorg/gradle/internal/operations/DefaultBuildOperationRunner$BuildOperationExecution;)Ljava/lang/Object;+141
j  org.gradle.internal.operations.DefaultBuildOperationRunner.execute(Lorg/gradle/internal/operations/BuildOperation;Lorg/gradle/internal/operations/BuildOperationWorker;Lorg/gradle/internal/operations/BuildOperationState;)V+18
j  org.gradle.internal.operations.DefaultBuildOperationRunner.run(Lorg/gradle/internal/operations/RunnableBuildOperation;)V+9
j  org.gradle.internal.operations.DefaultBuildOperationExecutor.run(Lorg/gradle/internal/operations/RunnableBuildOperation;)V+5
j  org.gradle.api.internal.plugins.DefaultPluginManager.lambda$doApply$0(Ljava/lang/Runnable;Lorg/gradle/api/internal/plugins/PluginImplementation;Ljava/lang/String;Ljava/lang/Class;Lorg/gradle/internal/code/UserCodeApplicationId;)V+20
j  org.gradle.api.internal.plugins.DefaultPluginManager$$Lambda+0x000001b890688230.execute(Ljava/lang/Object;)V+24
j  org.gradle.internal.code.DefaultUserCodeApplicationContext.apply(Lorg/gradle/internal/code/UserCodeSource;Lorg/gradle/api/Action;)V+37
j  org.gradle.api.internal.plugins.DefaultPluginManager.doApply(Lorg/gradle/api/internal/plugins/PluginImplementation;)V+144
j  org.gradle.api.internal.plugins.DefaultPluginManager.apply(Lorg/gradle/api/internal/plugins/PluginImplementation;)V+2
j  org.gradle.plugin.use.resolve.internal.SimplePluginResolution.applyTo(Lorg/gradle/api/internal/plugins/PluginManagerInternal;)V+5
j  org.gradle.plugin.use.internal.DefaultPluginRequestApplicator$ApplyAction.apply(Lorg/gradle/api/internal/plugins/PluginManagerInternal;)V+21
j  org.gradle.plugin.use.internal.DefaultPluginRequestApplicator.lambda$applyPlugins$1(Lorg/gradle/api/internal/plugins/PluginManagerInternal;Lorg/gradle/plugin/use/internal/DefaultPluginRequestApplicator$ApplyAction;)V+2
j  org.gradle.plugin.use.internal.DefaultPluginRequestApplicator$$Lambda+0x000001b8907a1930.accept(Ljava/lang/Object;)V+8
j  java.util.ArrayList.forEach(Ljava/util/function/Consumer;)V+46 java.base@21.0.12.1
j  org.gradle.plugin.use.internal.DefaultPluginRequestApplicator.applyPlugins(Lorg/gradle/plugin/management/internal/PluginRequests;Lorg/gradle/api/internal/initialization/ScriptHandlerInternal;Lorg/gradle/api/internal/plugins/PluginManagerInternal;Lorg/gradle/api/internal/initialization/ClassLoaderScope;)V+375
j  org.gradle.kotlin.dsl.provider.PluginRequestsHandler.handle(Lorg/gradle/plugin/management/internal/PluginRequests;Lorg/gradle/api/internal/initialization/ScriptHandlerInternal;Lorg/gradle/api/internal/plugins/PluginAwareInternal;Lorg/gradle/api/internal/initialization/ClassLoaderScope;)V+66
j  org.gradle.kotlin.dsl.provider.StandardKotlinScriptEvaluator$InterpreterHost.applyPluginsTo(Lorg/gradle/kotlin/dsl/support/KotlinScriptHost;Lorg/gradle/plugin/management/internal/PluginRequests;)V+52
j  org.gradle.kotlin.dsl.execution.Interpreter$ProgramHost.applyPluginsTo(Lorg/gradle/kotlin/dsl/support/KotlinScriptHost;Lorg/gradle/plugin/management/internal/PluginRequests;)V+21
j  Program.execute(Lorg/gradle/kotlin/dsl/execution/ExecutableProgram$Host;Lorg/gradle/kotlin/dsl/support/KotlinScriptHost;)V+38
j  org.gradle.kotlin.dsl.execution.Interpreter$ProgramHost.eval(Lorg/gradle/kotlin/dsl/execution/CompiledScript;Lorg/gradle/kotlin/dsl/support/KotlinScriptHost;)V+88
j  org.gradle.kotlin.dsl.execution.Interpreter.eval(Ljava/lang/Object;Lorg/gradle/groovy/scripts/ScriptSource;Lorg/gradle/internal/hash/HashCode;Lorg/gradle/api/initialization/dsl/ScriptHandler;Lorg/gradle/api/internal/initialization/ClassLoaderScope;Lorg/gradle/api/internal/initialization/ClassLoaderScope;ZLjava/util/EnumSet;)V+213
j  org.gradle.kotlin.dsl.provider.StandardKotlinScriptEvaluator.evaluate(Ljava/lang/Object;Lorg/gradle/groovy/scripts/ScriptSource;Lorg/gradle/api/initialization/dsl/ScriptHandler;Lorg/gradle/api/internal/initialization/ClassLoaderScope;Lorg/gradle/api/internal/initialization/ClassLoaderScope;ZLjava/util/EnumSet;)V+163
j  org.gradle.kotlin.dsl.provider.KotlinScriptPluginFactory$create$1.invoke(Ljava/lang/Object;)V+41
j  org.gradle.kotlin.dsl.provider.KotlinScriptPluginFactory$create$1.invoke(Ljava/lang/Object;)Ljava/lang/Object;+2
j  org.gradle.kotlin.dsl.provider.KotlinScriptPlugin.apply(Ljava/lang/Object;)V+22
j  org.gradle.configuration.BuildOperationScriptPlugin$1.run(Lorg/gradle/internal/operations/BuildOperationContext;)V+11
j  org.gradle.internal.operations.DefaultBuildOperationRunner$1.execute(Lorg/gradle/internal/operations/RunnableBuildOperation;Lorg/gradle/internal/operations/BuildOperationContext;)V+2
j  org.gradle.internal.operations.DefaultBuildOperationRunner$1.execute(Lorg/gradle/internal/operations/BuildOperation;Lorg/gradle/internal/operations/BuildOperationContext;)V+6
j  org.gradle.internal.operations.DefaultBuildOperationRunner$2.execute(Lorg/gradle/internal/operations/BuildOperationDescriptor;Lorg/gradle/internal/operations/BuildOperationState;Lorg/gradle/internal/operations/BuildOperationState;Lorg/gradle/internal/operations/DefaultBuildOperationRunner$ReadableBuildOperationContext;Lorg/gradle/internal/operations/DefaultBuildOperationRunner$BuildOperationExecutionListener;)Lorg/gradle/internal/operations/BuildOperation;+22
j  org.gradle.internal.operations.DefaultBuildOperationRunner$2.execute(Lorg/gradle/internal/operations/BuildOperationDescriptor;Lorg/gradle/internal/operations/BuildOperationState;Lorg/gradle/internal/operations/BuildOperationState;Lorg/gradle/internal/operations/DefaultBuildOperationRunner$ReadableBuildOperationContext;Lorg/gradle/internal/operations/DefaultBuildOperationRunner$BuildOperationExecutionListener;)Ljava/lang/Object;+8
j  org.gradle.internal.operations.DefaultBuildOperationRunner.execute(Lorg/gradle/internal/operations/BuildOperationDescriptor$Builder;Lorg/gradle/internal/operations/BuildOperationState;Lorg/gradle/internal/operations/DefaultBuildOperationRunner$BuildOperationExecution;)Ljava/lang/Object;+141
j  org.gradle.internal.operations.DefaultBuildOperationRunner.execute(Lorg/gradle/internal/operations/BuildOperation;Lorg/gradle/internal/operations/BuildOperationWorker;Lorg/gradle/internal/operations/BuildOperationState;)V+18
j  org.gradle.internal.operations.DefaultBuildOperationRunner.run(Lorg/gradle/internal/operations/RunnableBuildOperation;)V+9
j  org.gradle.internal.operations.DefaultBuildOperationExecutor.run(Lorg/gradle/internal/operations/RunnableBuildOperation;)V+5
j  org.gradle.configuration.BuildOperationScriptPlugin.lambda$apply$0(Ljava/lang/Object;Lorg/gradle/internal/code/UserCodeApplicationId;)V+14
j  org.gradle.configuration.BuildOperationScriptPlugin$$Lambda+0x000001b890529af0.execute(Ljava/lang/Object;)V+12
j  org.gradle.internal.code.DefaultUserCodeApplicationContext.apply(Lorg/gradle/internal/code/UserCodeSource;Lorg/gradle/api/Action;)V+37
j  org.gradle.configuration.BuildOperationScriptPlugin.apply(Ljava/lang/Object;)V+71
j  org.gradle.configuration.project.BuildScriptProcessor$$Lambda+0x000001b8906c07e8.accept(Ljava/lang/Object;)V+8
j  org.gradle.api.internal.project.DefaultProjectStateRegistry$ProjectStateImpl.lambda$applyToMutableState$1(Ljava/util/function/Consumer;Lorg/gradle/api/internal/project/ProjectInternal;)Ljava/lang/Object;+2
j  org.gradle.api.internal.project.DefaultProjectStateRegistry$ProjectStateImpl$$Lambda+0x000001b89066f2d0.apply(Ljava/lang/Object;)Ljava/lang/Object;+8
j  org.gradle.api.internal.project.DefaultProjectStateRegistry$ProjectStateImpl.fromMutableState(Ljava/util/function/Function;)Ljava/lang/Object;+97
j  org.gradle.api.internal.project.DefaultProjectStateRegistry$ProjectStateImpl.applyToMutableState(Ljava/util/function/Consumer;)V+7
j  org.gradle.configuration.project.BuildScriptProcessor.execute(Lorg/gradle/api/internal/project/ProjectInternal;)V+88
j  org.gradle.configuration.project.BuildScriptProcessor.execute(Ljava/lang/Object;)V+5
j  org.gradle.configuration.project.ConfigureActionsProjectEvaluator.evaluate(Lorg/gradle/api/internal/project/ProjectInternal;Lorg/gradle/api/internal/project/ProjectStateInternal;)V+33
j  org.gradle.configuration.project.LifecycleProjectEvaluator$EvaluateProject.lambda$run$0(Lorg/gradle/internal/operations/BuildOperationContext;Lorg/gradle/api/internal/project/ProjectInternal;)V+67
j  org.gradle.configuration.project.LifecycleProjectEvaluator$EvaluateProject$$Lambda+0x000001b89066f098.accept(Ljava/lang/Object;)V+12
j  org.gradle.api.internal.project.DefaultProjectStateRegistry$ProjectStateImpl.lambda$applyToMutableState$1(Ljava/util/function/Consumer;Lorg/gradle/api/internal/project/ProjectInternal;)Ljava/lang/Object;+2
j  org.gradle.api.internal.project.DefaultProjectStateRegistry$ProjectStateImpl$$Lambda+0x000001b89066f2d0.apply(Ljava/lang/Object;)Ljava/lang/Object;+8
j  org.gradle.api.internal.project.DefaultProjectStateRegistry$ProjectStateImpl.lambda$fromMutableState$2(Ljava/util/function/Function;)Ljava/lang/Object;+5
j  org.gradle.api.internal.project.DefaultProjectStateRegistry$ProjectStateImpl$$Lambda+0x000001b89066f518.create()Ljava/lang/Object;+8
j  org.gradle.internal.work.DefaultWorkerLeaseService.withReplacedLocks(Ljava/util/Collection;Lorg/gradle/internal/resources/ResourceLock;Lorg/gradle/internal/Factory;)Ljava/lang/Object;+40
j  org.gradle.api.internal.project.DefaultProjectStateRegistry$ProjectStateImpl.fromMutableState(Ljava/util/function/Function;)Ljava/lang/Object;+132
j  org.gradle.api.internal.project.DefaultProjectStateRegistry$ProjectStateImpl.applyToMutableState(Ljava/util/function/Consumer;)V+7
j  org.gradle.configuration.project.LifecycleProjectEvaluator$EvaluateProject.run(Lorg/gradle/internal/operations/BuildOperationContext;)V+16
j  org.gradle.internal.operations.DefaultBuildOperationRunner$1.execute(Lorg/gradle/internal/operations/RunnableBuildOperation;Lorg/gradle/internal/operations/BuildOperationContext;)V+2
j  org.gradle.internal.operations.DefaultBuildOperationRunner$1.execute(Lorg/gradle/internal/operations/BuildOperation;Lorg/gradle/internal/operations/BuildOperationContext;)V+6
j  org.gradle.internal.operations.DefaultBuildOperationRunner$2.execute(Lorg/gradle/internal/operations/BuildOperationDescriptor;Lorg/gradle/internal/operations/BuildOperationState;Lorg/gradle/internal/operations/BuildOperationState;Lorg/gradle/internal/operations/DefaultBuildOperationRunner$ReadableBuildOperationContext;Lorg/gradle/internal/operations/DefaultBuildOperationRunner$BuildOperationExecutionListener;)Lorg/gradle/internal/operations/BuildOperation;+22
j  org.gradle.internal.operations.DefaultBuildOperationRunner$2.execute(Lorg/gradle/internal/operations/BuildOperationDescriptor;Lorg/gradle/internal/operations/BuildOperationState;Lorg/gradle/internal/operations/BuildOperationState;Lorg/gradle/internal/operations/DefaultBuildOperationRunner$ReadableBuildOperationContext;Lorg/gradle/internal/operations/DefaultBuildOperationRunner$BuildOperationExecutionListener;)Ljava/lang/Object;+8
j  org.gradle.internal.operations.DefaultBuildOperationRunner.execute(Lorg/gradle/internal/operations/BuildOperationDescriptor$Builder;Lorg/gradle/internal/operations/BuildOperationState;Lorg/gradle/internal/operations/DefaultBuildOperationRunner$BuildOperationExecution;)Ljava/lang/Object;+141
j  org.gradle.internal.operations.DefaultBuildOperationRunner.execute(Lorg/gradle/internal/operations/BuildOperation;Lorg/gradle/internal/operations/BuildOperationWorker;Lorg/gradle/internal/operations/BuildOperationState;)V+18
j  org.gradle.internal.operations.DefaultBuildOperationRunner.run(Lorg/gradle/internal/operations/RunnableBuildOperation;)V+9
j  org.gradle.internal.operations.DefaultBuildOperationExecutor.run(Lorg/gradle/internal/operations/RunnableBuildOperation;)V+5
j  org.gradle.configuration.project.LifecycleProjectEvaluator.evaluate(Lorg/gradle/api/internal/project/ProjectInternal;Lorg/gradle/api/internal/project/ProjectStateInternal;)V+42
j  org.gradle.api.internal.project.DefaultProject.evaluate()Lorg/gradle/api/internal/project/DefaultProject;+9
j  org.gradle.api.internal.project.DefaultProject.evaluate()Lorg/gradle/api/Project;+1
j  org.gradle.api.internal.project.ProjectLifecycleController.lambda$ensureSelfConfigured$2()V+4
j  org.gradle.api.internal.project.ProjectLifecycleController$$Lambda+0x000001b89066dac8.run()V+4
j  org.gradle.internal.model.StateTransitionController.lambda$doTransition$14(Ljava/lang/Runnable;)Lorg/gradle/internal/build/ExecutionResult;+1
j  org.gradle.internal.model.StateTransitionController$$Lambda+0x000001b8903a6868.get()Ljava/lang/Object;+4
j  org.gradle.internal.model.StateTransitionController.doTransition(Lorg/gradle/internal/model/StateTransitionController$State;Lorg/gradle/internal/model/StateTransitionController$State;Ljava/util/function/Supplier;)Lorg/gradle/internal/build/ExecutionResult;+24
j  org.gradle.internal.model.StateTransitionController.doTransition(Lorg/gradle/internal/model/StateTransitionController$State;Lorg/gradle/internal/model/StateTransitionController$State;Ljava/lang/Runnable;)V+9
j  org.gradle.internal.model.StateTransitionController.lambda$maybeTransitionIfNotCurrentlyTransitioning$10(Lorg/gradle/internal/model/StateTransitionController$State;Lorg/gradle/internal/model/StateTransitionController$State;Ljava/lang/Runnable;)V+16
j  org.gradle.internal.model.StateTransitionController$$Lambda+0x000001b89066dcf0.run()V+16
j  org.gradle.internal.work.DefaultSynchronizer.withLock(Ljava/lang/Runnable;)V+6
j  org.gradle.internal.model.StateTransitionController.maybeTransitionIfNotCurrentlyTransitioning(Lorg/gradle/internal/model/StateTransitionController$State;Lorg/gradle/internal/model/StateTransitionController$State;Ljava/lang/Runnable;)V+13
j  org.gradle.api.internal.project.ProjectLifecycleController.ensureSelfConfigured()V+16
j  org.gradle.api.internal.project.DefaultProjectStateRegistry$ProjectStateImpl.ensureConfigured()V+19
j  org.gradle.execution.TaskPathProjectEvaluator.configure(Lorg/gradle/api/internal/project/ProjectInternal;)V+6
j  org.gradle.execution.TaskPathProjectEvaluator.configureHierarchy(Lorg/gradle/api/internal/project/ProjectInternal;)V+2
j  org.gradle.configuration.DefaultProjectsPreparer.prepareProjects(Lorg/gradle/api/internal/GradleInternal;)V+29
j  org.gradle.configuration.BuildTreePreparingProjectsPreparer.prepareProjects(Lorg/gradle/api/internal/GradleInternal;)V+114
j  org.gradle.configuration.BuildOperationFiringProjectsPreparer$ConfigureBuild.run(Lorg/gradle/internal/operations/BuildOperationContext;)V+11
j  org.gradle.internal.operations.DefaultBuildOperationRunner$1.execute(Lorg/gradle/internal/operations/RunnableBuildOperation;Lorg/gradle/internal/operations/BuildOperationContext;)V+2
j  org.gradle.internal.operations.DefaultBuildOperationRunner$1.execute(Lorg/gradle/internal/operations/BuildOperation;Lorg/gradle/internal/operations/BuildOperationContext;)V+6
j  org.gradle.internal.operations.DefaultBuildOperationRunner$2.execute(Lorg/gradle/internal/operations/BuildOperationDescriptor;Lorg/gradle/internal/operations/BuildOperationState;Lorg/gradle/internal/operations/BuildOperationState;Lorg/gradle/internal/operations/DefaultBuildOperationRunner$ReadableBuildOperationContext;Lorg/gradle/internal/operations/DefaultBuildOperationRunner$BuildOperationExecutionListener;)Lorg/gradle/internal/operations/BuildOperation;+22
j  org.gradle.internal.operations.DefaultBuildOperationRunner$2.execute(Lorg/gradle/internal/operations/BuildOperationDescriptor;Lorg/gradle/internal/operations/BuildOperationState;Lorg/gradle/internal/operations/BuildOperationState;Lorg/gradle/internal/operations/DefaultBuildOperationRunner$ReadableBuildOperationContext;Lorg/gradle/internal/operations/DefaultBuildOperationRunner$BuildOperationExecutionListener;)Ljava/lang/Object;+8
j  org.gradle.internal.operations.DefaultBuildOperationRunner.execute(Lorg/gradle/internal/operations/BuildOperationDescriptor$Builder;Lorg/gradle/internal/operations/BuildOperationState;Lorg/gradle/internal/operations/DefaultBuildOperationRunner$BuildOperationExecution;)Ljava/lang/Object;+141
j  org.gradle.internal.operations.DefaultBuildOperationRunner.execute(Lorg/gradle/internal/operations/BuildOperation;Lorg/gradle/internal/operations/BuildOperationWorker;Lorg/gradle/internal/operations/BuildOperationState;)V+18
j  org.gradle.internal.operations.DefaultBuildOperationRunner.run(Lorg/gradle/internal/operations/RunnableBuildOperation;)V+9
j  org.gradle.internal.operations.DefaultBuildOperationExecutor.run(Lorg/gradle/internal/operations/RunnableBuildOperation;)V+5
j  org.gradle.configuration.BuildOperationFiringProjectsPreparer.prepareProjects(Lorg/gradle/api/internal/GradleInternal;)V+13
j  org.gradle.initialization.VintageBuildModelController.lambda$prepareProjects$2()V+8
j  org.gradle.initialization.VintageBuildModelController$$Lambda+0x000001b890641ec0.run()V+4
j  org.gradle.internal.model.StateTransitionController.lambda$doTransition$14(Ljava/lang/Runnable;)Lorg/gradle/internal/build/ExecutionResult;+1
j  org.gradle.internal.model.StateTransitionController$$Lambda+0x000001b8903a6868.get()Ljava/lang/Object;+4
j  org.gradle.internal.model.StateTransitionController.doTransition(Lorg/gradle/internal/model/StateTransitionController$State;Lorg/gradle/internal/model/StateTransitionController$State;Ljava/util/function/Supplier;)Lorg/gradle/internal/build/ExecutionResult;+24
j  org.gradle.internal.model.StateTransitionController.doTransition(Lorg/gradle/internal/model/StateTransitionController$State;Lorg/gradle/internal/model/StateTransitionController$State;Ljava/lang/Runnable;)V+9
j  org.gradle.internal.model.StateTransitionController.lambda$transitionIfNotPreviously$11(Lorg/gradle/internal/model/StateTransitionController$State;Lorg/gradle/internal/model/StateTransitionController$State;Ljava/lang/Runnable;)V+16
j  org.gradle.internal.model.StateTransitionController$$Lambda+0x000001b8903a6640.run()V+16
j  org.gradle.internal.work.DefaultSynchronizer.withLock(Ljava/lang/Runnable;)V+6
j  org.gradle.internal.model.StateTransitionController.transitionIfNotPreviously(Lorg/gradle/internal/model/StateTransitionController$State;Lorg/gradle/internal/model/StateTransitionController$State;Ljava/lang/Runnable;)V+13
j  org.gradle.initialization.VintageBuildModelController.prepareProjects()V+16
j  org.gradle.initialization.VintageBuildModelController.getConfiguredModel()Lorg/gradle/api/internal/GradleInternal;+5
j  org.gradle.internal.build.DefaultBuildLifecycleController$$Lambda+0x000001b890641c98.get()Ljava/lang/Object;+4
j  org.gradle.internal.model.StateTransitionController.lambda$notInState$3(Lorg/gradle/internal/model/StateTransitionController$State;Ljava/util/function/Supplier;)Ljava/lang/Object;+11
j  org.gradle.internal.model.StateTransitionController$$Lambda+0x000001b8903a61f0.create()Ljava/lang/Object;+12
j  org.gradle.internal.work.DefaultSynchronizer.withLock(Lorg/gradle/internal/Factory;)Ljava/lang/Object;+6
j  org.gradle.internal.model.StateTransitionController.notInState(Lorg/gradle/internal/model/StateTransitionController$State;Ljava/util/function/Supplier;)Ljava/lang/Object;+12
j  org.gradle.internal.build.DefaultBuildLifecycleController.configureProjects()V+21
j  org.gradle.internal.build.AbstractBuildState.ensureProjectsConfigured()V+4
j  org.gradle.internal.buildtree.BuildInclusionCoordinator.prepareForPluginResolution(Lorg/gradle/internal/build/IncludedBuildState;)V+15
j  org.gradle.internal.composite.DefaultBuildIncluder.prepareForPluginResolution(Lorg/gradle/internal/build/IncludedBuildState;)V+5
j  org.gradle.composite.internal.plugins.CompositeBuildPluginResolverContributor$CompositeBuildPluginResolver.resolveFromIncludedPluginBuilds(Lorg/gradle/plugin/use/PluginId;)Lorg/gradle/plugin/use/resolve/internal/PluginResolution;+39
j  org.gradle.composite.internal.plugins.CompositeBuildPluginResolverContributor$CompositeBuildPluginResolver.doResolve(Lorg/gradle/plugin/use/PluginId;)Lorg/gradle/composite/internal/plugins/CompositeBuildPluginResolverContributor$PluginResult;+2
j  org.gradle.composite.internal.plugins.CompositeBuildPluginResolverContributor$CompositeBuildPluginResolver$$Lambda+0x000001b8905fad78.apply(Ljava/lang/Object;)Ljava/lang/Object;+8
J 3687 c2 java.util.concurrent.ConcurrentHashMap.computeIfAbsent(Ljava/lang/Object;Ljava/util/function/Function;)Ljava/lang/Object; java.base@21.0.12.1 (576 bytes) @ 0x000001b887ce9414 [0x000001b887ce8c00+0x0000000000000814]
j  org.gradle.composite.internal.plugins.CompositeBuildPluginResolverContributor$CompositeBuildPluginResolver.resolve(Lorg/gradle/plugin/management/internal/PluginRequestInternal;)Lorg/gradle/plugin/use/resolve/internal/PluginResolutionResult;+16
j  org.gradle.plugin.use.resolve.internal.CompositePluginResolver.resolve(Lorg/gradle/plugin/management/internal/PluginRequestInternal;)Lorg/gradle/plugin/use/resolve/internal/PluginResolutionResult;+37
j  org.gradle.plugin.use.resolve.internal.AlreadyOnClasspathPluginResolver.resolve(Lorg/gradle/plugin/management/internal/PluginRequestInternal;)Lorg/gradle/plugin/use/resolve/internal/PluginResolutionResult;+28
j  org.gradle.plugin.use.internal.DefaultPluginRequestApplicator.resolvePluginRequest(Lorg/gradle/plugin/use/resolve/internal/PluginResolver;Lorg/gradle/plugin/management/internal/PluginRequestInternal;)Lorg/gradle/plugin/use/resolve/internal/PluginResolution;+2
j  org.gradle.plugin.use.internal.DefaultPluginRequestApplicator.applyPlugins(Lorg/gradle/plugin/management/internal/PluginRequests;Lorg/gradle/api/internal/initialization/ScriptHandlerInternal;Lorg/gradle/api/internal/plugins/PluginManagerInternal;Lorg/gradle/api/internal/initialization/ClassLoaderScope;)V+136
j  org.gradle.configuration.DefaultScriptPluginFactory$ScriptPluginImpl.apply(Ljava/lang/Object;)V+234
j  org.gradle.configuration.BuildOperationScriptPlugin$1.run(Lorg/gradle/internal/operations/BuildOperationContext;)V+11
j  org.gradle.internal.operations.DefaultBuildOperationRunner$1.execute(Lorg/gradle/internal/operations/RunnableBuildOperation;Lorg/gradle/internal/operations/BuildOperationContext;)V+2
j  org.gradle.internal.operations.DefaultBuildOperationRunner$1.execute(Lorg/gradle/internal/operations/BuildOperation;Lorg/gradle/internal/operations/BuildOperationContext;)V+6
j  org.gradle.internal.operations.DefaultBuildOperationRunner$2.execute(Lorg/gradle/internal/operations/BuildOperationDescriptor;Lorg/gradle/internal/operations/BuildOperationState;Lorg/gradle/internal/operations/BuildOperationState;Lorg/gradle/internal/operations/DefaultBuildOperationRunner$ReadableBuildOperationContext;Lorg/gradle/internal/operations/DefaultBuildOperationRunner$BuildOperationExecutionListener;)Lorg/gradle/internal/operations/BuildOperation;+22
j  org.gradle.internal.operations.DefaultBuildOperationRunner$2.execute(Lorg/gradle/internal/operations/BuildOperationDescriptor;Lorg/gradle/internal/operations/BuildOperationState;Lorg/gradle/internal/operations/BuildOperationState;Lorg/gradle/internal/operations/DefaultBuildOperationRunner$ReadableBuildOperationContext;Lorg/gradle/internal/operations/DefaultBuildOperationRunner$BuildOperationExecutionListener;)Ljava/lang/Object;+8
j  org.gradle.internal.operations.DefaultBuildOperationRunner.execute(Lorg/gradle/internal/operations/BuildOperationDescriptor$Builder;Lorg/gradle/internal/operations/BuildOperationState;Lorg/gradle/internal/operations/DefaultBuildOperationRunner$BuildOperationExecution;)Ljava/lang/Object;+141
j  org.gradle.internal.operations.DefaultBuildOperationRunner.execute(Lorg/gradle/internal/operations/BuildOperation;Lorg/gradle/internal/operations/BuildOperationWorker;Lorg/gradle/internal/operations/BuildOperationState;)V+18
j  org.gradle.internal.operations.DefaultBuildOperationRunner.run(Lorg/gradle/internal/operations/RunnableBuildOperation;)V+9
j  org.gradle.internal.operations.DefaultBuildOperationExecutor.run(Lorg/gradle/internal/operations/RunnableBuildOperation;)V+5
j  org.gradle.configuration.BuildOperationScriptPlugin.lambda$apply$0(Ljava/lang/Object;Lorg/gradle/internal/code/UserCodeApplicationId;)V+14
j  org.gradle.configuration.BuildOperationScriptPlugin$$Lambda+0x000001b890529af0.execute(Ljava/lang/Object;)V+12
j  org.gradle.internal.code.DefaultUserCodeApplicationContext.apply(Lorg/gradle/internal/code/UserCodeSource;Lorg/gradle/api/Action;)V+37
j  org.gradle.configuration.BuildOperationScriptPlugin.apply(Ljava/lang/Object;)V+71
j  org.gradle.initialization.ScriptEvaluatingSettingsProcessor.applySettingsScript(Lorg/gradle/groovy/scripts/TextResourceScriptSource;Lorg/gradle/api/internal/SettingsInternal;)V+32
j  org.gradle.initialization.ScriptEvaluatingSettingsProcessor.process(Lorg/gradle/api/internal/GradleInternal;Lorg/gradle/initialization/SettingsLocation;Lorg/gradle/api/internal/initialization/ClassLoaderScope;Lorg/gradle/StartParameter;)Lorg/gradle/initialization/SettingsState;+90
j  org.gradle.initialization.SettingsEvaluatedCallbackFiringSettingsProcessor.process(Lorg/gradle/api/internal/GradleInternal;Lorg/gradle/initialization/SettingsLocation;Lorg/gradle/api/internal/initialization/ClassLoaderScope;Lorg/gradle/StartParameter;)Lorg/gradle/initialization/SettingsState;+9
j  org.gradle.initialization.RootBuildCacheControllerSettingsProcessor.process(Lorg/gradle/api/internal/GradleInternal;Lorg/gradle/initialization/SettingsLocation;Lorg/gradle/api/internal/initialization/ClassLoaderScope;Lorg/gradle/StartParameter;)Lorg/gradle/initialization/SettingsState;+9
j  org.gradle.initialization.BuildOperationSettingsProcessor$2.call(Lorg/gradle/internal/operations/BuildOperationContext;)Lorg/gradle/initialization/SettingsState;+23
j  org.gradle.initialization.BuildOperationSettingsProcessor$2.call(Lorg/gradle/internal/operations/BuildOperationContext;)Ljava/lang/Object;+2
j  org.gradle.internal.operations.DefaultBuildOperationRunner$CallableBuildOperationWorker.execute(Lorg/gradle/internal/operations/CallableBuildOperation;Lorg/gradle/internal/operations/BuildOperationContext;)V+3
j  org.gradle.internal.operations.DefaultBuildOperationRunner$CallableBuildOperationWorker.execute(Lorg/gradle/internal/operations/BuildOperation;Lorg/gradle/internal/operations/BuildOperationContext;)V+6
j  org.gradle.internal.operations.DefaultBuildOperationRunner$2.execute(Lorg/gradle/internal/operations/BuildOperationDescriptor;Lorg/gradle/internal/operations/BuildOperationState;Lorg/gradle/internal/operations/BuildOperationState;Lorg/gradle/internal/operations/DefaultBuildOperationRunner$ReadableBuildOperationContext;Lorg/gradle/internal/operations/DefaultBuildOperationRunner$BuildOperationExecutionListener;)Lorg/gradle/internal/operations/BuildOperation;+22
j  org.gradle.internal.operations.DefaultBuildOperationRunner$2.execute(Lorg/gradle/internal/operations/BuildOperationDescriptor;Lorg/gradle/internal/operations/BuildOperationState;Lorg/gradle/internal/operations/BuildOperationState;Lorg/gradle/internal/operations/DefaultBuildOperationRunner$ReadableBuildOperationContext;Lorg/gradle/internal/operations/DefaultBuildOperationRunner$BuildOperationExecutionListener;)Ljava/lang/Object;+8
j  org.gradle.internal.operations.DefaultBuildOperationRunner.execute(Lorg/gradle/internal/operations/BuildOperationDescriptor$Builder;Lorg/gradle/internal/operations/BuildOperationState;Lorg/gradle/internal/operations/DefaultBuildOperationRunner$BuildOperationExecution;)Ljava/lang/Object;+141
j  org.gradle.internal.operations.DefaultBuildOperationRunner.execute(Lorg/gradle/internal/operations/BuildOperation;Lorg/gradle/internal/operations/BuildOperationWorker;Lorg/gradle/internal/operations/BuildOperationState;)V+18
j  org.gradle.internal.operations.DefaultBuildOperationRunner.call(Lorg/gradle/internal/operations/CallableBuildOperation;)Ljava/lang/Object;+16
j  org.gradle.internal.operations.DefaultBuildOperationExecutor.call(Lorg/gradle/internal/operations/CallableBuildOperation;)Ljava/lang/Object;+5
j  org.gradle.initialization.BuildOperationSettingsProcessor.process(Lorg/gradle/api/internal/GradleInternal;Lorg/gradle/initialization/SettingsLocation;Lorg/gradle/api/internal/initialization/ClassLoaderScope;Lorg/gradle/StartParameter;)Lorg/gradle/initialization/SettingsState;+17
j  org.gradle.initialization.DefaultSettingsLoader.findSettingsAndLoadIfAppropriate(Lorg/gradle/api/internal/GradleInternal;Lorg/gradle/StartParameter;Lorg/gradle/initialization/SettingsLocation;Lorg/gradle/api/internal/initialization/ClassLoaderScope;)Lorg/gradle/initialization/SettingsState;+9
j  org.gradle.initialization.DefaultSettingsLoader.findAndLoadSettings(Lorg/gradle/api/internal/GradleInternal;)Lorg/gradle/initialization/SettingsState;+33
j  org.gradle.initialization.SettingsAttachingSettingsLoader.findAndLoadSettings(Lorg/gradle/api/internal/GradleInternal;)Lorg/gradle/initialization/SettingsState;+5
j  org.gradle.internal.composite.CommandLineIncludedBuildSettingsLoader.findAndLoadSettings(Lorg/gradle/api/internal/GradleInternal;)Lorg/gradle/initialization/SettingsState;+5
j  org.gradle.internal.composite.ChildBuildRegisteringSettingsLoader.findAndLoadSettings(Lorg/gradle/api/internal/GradleInternal;)Lorg/gradle/initialization/SettingsState;+5
j  org.gradle.internal.composite.CompositeBuildSettingsLoader.findAndLoadSettings(Lorg/gradle/api/internal/GradleInternal;)Lorg/gradle/initialization/SettingsState;+5
j  org.gradle.initialization.InitScriptHandlingSettingsLoader.findAndLoadSettings(Lorg/gradle/api/internal/GradleInternal;)Lorg/gradle/initialization/SettingsState;+13
j  org.gradle.api.internal.initialization.CacheConfigurationsHandlingSettingsLoader.findAndLoadSettings(Lorg/gradle/api/internal/GradleInternal;)Lorg/gradle/initialization/SettingsState;+15
j  org.gradle.initialization.GradlePropertiesHandlingSettingsLoader.findAndLoadSettings(Lorg/gradle/api/internal/GradleInternal;)Lorg/gradle/initialization/SettingsState;+40
j  org.gradle.initialization.DefaultSettingsPreparer.prepareSettings(Lorg/gradle/api/internal/GradleInternal;)V+33
j  org.gradle.initialization.BuildOperationFiringSettingsPreparer$LoadBuild.doLoadBuild()V+11
j  org.gradle.initialization.BuildOperationFiringSettingsPreparer$LoadBuild.run(Lorg/gradle/internal/operations/BuildOperationContext;)V+1
j  org.gradle.internal.operations.DefaultBuildOperationRunner$1.execute(Lorg/gradle/internal/operations/RunnableBuildOperation;Lorg/gradle/internal/operations/BuildOperationContext;)V+2
j  org.gradle.internal.operations.DefaultBuildOperationRunner$1.execute(Lorg/gradle/internal/operations/BuildOperation;Lorg/gradle/internal/operations/BuildOperationContext;)V+6
j  org.gradle.internal.operations.DefaultBuildOperationRunner$2.execute(Lorg/gradle/internal/operations/BuildOperationDescriptor;Lorg/gradle/internal/operations/BuildOperationState;Lorg/gradle/internal/operations/BuildOperationState;Lorg/gradle/internal/operations/DefaultBuildOperationRunner$ReadableBuildOperationContext;Lorg/gradle/internal/operations/DefaultBuildOperationRunner$BuildOperationExecutionListener;)Lorg/gradle/internal/operations/BuildOperation;+22
j  org.gradle.internal.operations.DefaultBuildOperationRunner$2.execute(Lorg/gradle/internal/operations/BuildOperationDescriptor;Lorg/gradle/internal/operations/BuildOperationState;Lorg/gradle/internal/operations/BuildOperationState;Lorg/gradle/internal/operations/DefaultBuildOperationRunner$ReadableBuildOperationContext;Lorg/gradle/internal/operations/DefaultBuildOperationRunner$BuildOperationExecutionListener;)Ljava/lang/Object;+8
j  org.gradle.internal.operations.DefaultBuildOperationRunner.execute(Lorg/gradle/internal/operations/BuildOperationDescriptor$Builder;Lorg/gradle/internal/operations/BuildOperationState;Lorg/gradle/internal/operations/DefaultBuildOperationRunner$BuildOperationExecution;)Ljava/lang/Object;+141
j  org.gradle.internal.operations.DefaultBuildOperationRunner.execute(Lorg/gradle/internal/operations/BuildOperation;Lorg/gradle/internal/operations/BuildOperationWorker;Lorg/gradle/internal/operations/BuildOperationState;)V+18
j  org.gradle.internal.operations.DefaultBuildOperationRunner.run(Lorg/gradle/internal/operations/RunnableBuildOperation;)V+9
j  org.gradle.internal.operations.DefaultBuildOperationExecutor.run(Lorg/gradle/internal/operations/RunnableBuildOperation;)V+5
j  org.gradle.initialization.BuildOperationFiringSettingsPreparer.prepareSettings(Lorg/gradle/api/internal/GradleInternal;)V+31
j  org.gradle.initialization.VintageBuildModelController.lambda$prepareSettings$1()V+8
j  org.gradle.initialization.VintageBuildModelController$$Lambda+0x000001b8903a6418.run()V+4
j  org.gradle.internal.model.StateTransitionController.lambda$doTransition$14(Ljava/lang/Runnable;)Lorg/gradle/internal/build/ExecutionResult;+1
j  org.gradle.internal.model.StateTransitionController$$Lambda+0x000001b8903a6868.get()Ljava/lang/Object;+4
j  org.gradle.internal.model.StateTransitionController.doTransition(Lorg/gradle/internal/model/StateTransitionController$State;Lorg/gradle/internal/model/StateTransitionController$State;Ljava/util/function/Supplier;)Lorg/gradle/internal/build/ExecutionResult;+24
j  org.gradle.internal.model.StateTransitionController.doTransition(Lorg/gradle/internal/model/StateTransitionController$State;Lorg/gradle/internal/model/StateTransitionController$State;Ljava/lang/Runnable;)V+9
j  org.gradle.internal.model.StateTransitionController.lambda$transitionIfNotPreviously$11(Lorg/gradle/internal/model/StateTransitionController$State;Lorg/gradle/internal/model/StateTransitionController$State;Ljava/lang/Runnable;)V+16
j  org.gradle.internal.model.StateTransitionController$$Lambda+0x000001b8903a6640.run()V+16
j  org.gradle.internal.work.DefaultSynchronizer.withLock(Ljava/lang/Runnable;)V+6
j  org.gradle.internal.model.StateTransitionController.transitionIfNotPreviously(Lorg/gradle/internal/model/StateTransitionController$State;Lorg/gradle/internal/model/StateTransitionController$State;Ljava/lang/Runnable;)V+13
j  org.gradle.initialization.VintageBuildModelController.prepareSettings()V+16
j  org.gradle.initialization.VintageBuildModelController.getConfiguredModel()Lorg/gradle/api/internal/GradleInternal;+1
j  org.gradle.internal.build.DefaultBuildLifecycleController.lambda$withProjectsConfigured$1(Ljava/util/function/Function;)Ljava/lang/Object;+5
j  org.gradle.internal.build.DefaultBuildLifecycleController$$Lambda+0x000001b8903a5fc8.get()Ljava/lang/Object;+8
j  org.gradle.internal.model.StateTransitionController.lambda$notInState$3(Lorg/gradle/internal/model/StateTransitionController$State;Ljava/util/function/Supplier;)Ljava/lang/Object;+11
j  org.gradle.internal.model.StateTransitionController$$Lambda+0x000001b8903a61f0.create()Ljava/lang/Object;+12
j  org.gradle.internal.work.DefaultSynchronizer.withLock(Lorg/gradle/internal/Factory;)Ljava/lang/Object;+6
j  org.gradle.internal.model.StateTransitionController.notInState(Lorg/gradle/internal/model/StateTransitionController$State;Ljava/util/function/Supplier;)Ljava/lang/Object;+12
j  org.gradle.internal.build.DefaultBuildLifecycleController.withProjectsConfigured(Ljava/util/function/Function;)Ljava/lang/Object;+14
j  org.gradle.internal.build.DefaultBuildToolingModelController.locateBuilderForTarget(Ljava/lang/String;Z)Lorg/gradle/tooling/provider/model/internal/ToolingModelScope;+38
j  org.gradle.internal.buildtree.DefaultBuildTreeModelCreator$DefaultBuildTreeModelController.lambda$locateBuilderForTarget$0(Ljava/lang/String;ZLorg/gradle/internal/build/BuildToolingModelController;)Lorg/gradle/tooling/provider/model/internal/ToolingModelScope;+3
j  org.gradle.internal.buildtree.DefaultBuildTreeModelCreator$DefaultBuildTreeModelController$$Lambda+0x000001b890394c00.apply(Ljava/lang/Object;)Ljava/lang/Object;+12
j  org.gradle.internal.build.DefaultBuildLifecycleController.withToolingModels(Ljava/util/function/Function;)Ljava/lang/Object;+15
j  org.gradle.internal.build.AbstractBuildState.withToolingModels(Ljava/util/function/Function;)Ljava/lang/Object;+5
j  org.gradle.internal.buildtree.DefaultBuildTreeModelCreator$DefaultBuildTreeModelController.locateBuilderForTarget(Lorg/gradle/internal/build/BuildState;Ljava/lang/String;Z)Lorg/gradle/tooling/provider/model/internal/ToolingModelScope;+8
j  org.gradle.internal.buildtree.DefaultBuildTreeModelCreator$DefaultBuildTreeModelController.locateBuilderForDefaultTarget(Ljava/lang/String;Z)Lorg/gradle/tooling/provider/model/internal/ToolingModelScope;+10
j  org.gradle.tooling.internal.provider.runner.BuildModelActionRunner$ModelCreateAction.fromBuildModel(Lorg/gradle/internal/buildtree/BuildTreeModelController;)Ljava/lang/Object;+11
j  org.gradle.internal.buildtree.DefaultBuildTreeModelCreator.fromBuildModel(Lorg/gradle/internal/buildtree/BuildTreeModelAction;)Ljava/lang/Object;+10
j  org.gradle.internal.buildtree.DefaultBuildTreeLifecycleController.lambda$fromBuildModel$2(Lorg/gradle/internal/buildtree/BuildTreeModelAction;Z)Lorg/gradle/internal/build/ExecutionResult;+57
j  org.gradle.internal.buildtree.DefaultBuildTreeLifecycleController$$Lambda+0x000001b890395000.get()Ljava/lang/Object;+12
j  org.gradle.internal.buildtree.DefaultBuildTreeLifecycleController.lambda$runBuild$4(Ljava/util/function/Supplier;)Ljava/lang/Object;+1
j  org.gradle.internal.buildtree.DefaultBuildTreeLifecycleController$$Lambda+0x000001b890395228.get()Ljava/lang/Object;+8
j  org.gradle.internal.model.StateTransitionController.lambda$transition$6(Ljava/util/function/Supplier;)Lorg/gradle/internal/build/ExecutionResult;+1
j  org.gradle.internal.model.StateTransitionController$$Lambda+0x000001b890395678.get()Ljava/lang/Object;+4
j  org.gradle.internal.model.StateTransitionController.doTransition(Lorg/gradle/internal/model/StateTransitionController$State;Lorg/gradle/internal/model/StateTransitionController$State;Ljava/util/function/Supplier;)Lorg/gradle/internal/build/ExecutionResult;+24
j  org.gradle.internal.model.StateTransitionController.lambda$transition$7(Lorg/gradle/internal/model/StateTransitionController$State;Lorg/gradle/internal/model/StateTransitionController$State;Ljava/util/function/Supplier;)Ljava/lang/Object;+9
j  org.gradle.internal.model.StateTransitionController$$Lambda+0x000001b890395450.create()Ljava/lang/Object;+16
j  org.gradle.internal.work.DefaultSynchronizer.withLock(Lorg/gradle/internal/Factory;)Ljava/lang/Object;+6
j  org.gradle.internal.model.StateTransitionController.transition(Lorg/gradle/internal/model/StateTransitionController$State;Lorg/gradle/internal/model/StateTransitionController$State;Ljava/util/function/Supplier;)Ljava/lang/Object;+13
j  org.gradle.internal.buildtree.DefaultBuildTreeLifecycleController.runBuild(Ljava/util/function/Supplier;)Ljava/lang/Object;+17
j  org.gradle.internal.buildtree.DefaultBuildTreeLifecycleController.fromBuildModel(ZLorg/gradle/internal/buildtree/BuildTreeModelAction;)Ljava/lang/Object;+9
j  org.gradle.tooling.internal.provider.runner.BuildModelActionRunner.run(Lorg/gradle/internal/invocation/BuildAction;Lorg/gradle/internal/buildtree/BuildTreeLifecycleController;)Lorg/gradle/internal/buildtree/BuildActionRunner$Result;+40
j  org.gradle.launcher.exec.ChainingBuildActionRunner.run(Lorg/gradle/internal/invocation/BuildAction;Lorg/gradle/internal/buildtree/BuildTreeLifecycleController;)Lorg/gradle/internal/buildtree/BuildActionRunner$Result;+34
j  org.gradle.internal.buildtree.ProblemReportingBuildActionRunner.run(Lorg/gradle/internal/invocation/BuildAction;Lorg/gradle/internal/buildtree/BuildTreeLifecycleController;)Lorg/gradle/internal/buildtree/BuildActionRunner$Result;+12
j  org.gradle.launcher.exec.BuildOutcomeReportingBuildActionRunner.run(Lorg/gradle/internal/invocation/BuildAction;Lorg/gradle/internal/buildtree/BuildTreeLifecycleController;)Lorg/gradle/internal/buildtree/BuildActionRunner$Result;+69
j  org.gradle.tooling.internal.provider.FileSystemWatchingBuildActionRunner.run(Lorg/gradle/internal/invocation/BuildAction;Lorg/gradle/internal/buildtree/BuildTreeLifecycleController;)Lorg/gradle/internal/buildtree/BuildActionRunner$Result;+335
j  org.gradle.launcher.exec.BuildCompletionNotifyingBuildActionRunner.run(Lorg/gradle/internal/invocation/BuildAction;Lorg/gradle/internal/buildtree/BuildTreeLifecycleController;)Lorg/gradle/internal/buildtree/BuildActionRunner$Result;+6
j  org.gradle.launcher.exec.RootBuildLifecycleBuildActionExecutor.lambda$execute$0(Lorg/gradle/internal/invocation/BuildAction;Lorg/gradle/internal/buildtree/BuildTreeLifecycleController;)Lorg/gradle/internal/buildtree/BuildActionRunner$Result;+6
j  org.gradle.launcher.exec.RootBuildLifecycleBuildActionExecutor$$Lambda+0x000001b890380f40.apply(Ljava/lang/Object;)Ljava/lang/Object;+12
j  org.gradle.composite.internal.DefaultRootBuildState.run(Ljava/util/function/Function;)Ljava/lang/Object;+87
j  org.gradle.launcher.exec.RootBuildLifecycleBuildActionExecutor.execute(Lorg/gradle/internal/invocation/BuildAction;Lorg/gradle/internal/buildtree/BuildTreeContext;)Lorg/gradle/internal/buildtree/BuildActionRunner$Result;+28
j  org.gradle.internal.buildtree.InitDeprecationLoggingActionExecutor.execute(Lorg/gradle/internal/invocation/BuildAction;Lorg/gradle/internal/buildtree/BuildTreeContext;)Lorg/gradle/internal/buildtree/BuildActionRunner$Result;+83
j  org.gradle.internal.buildtree.InitProblems.execute(Lorg/gradle/internal/invocation/BuildAction;Lorg/gradle/internal/buildtree/BuildTreeContext;)Lorg/gradle/internal/buildtree/BuildActionRunner$Result;+13
j  org.gradle.internal.buildtree.DefaultBuildTreeContext.execute(Lorg/gradle/internal/invocation/BuildAction;)Lorg/gradle/internal/buildtree/BuildActionRunner$Result;+64
j  org.gradle.launcher.exec.BuildTreeLifecycleBuildActionExecutor.lambda$execute$0(Lorg/gradle/internal/invocation/BuildAction;Lorg/gradle/internal/buildtree/BuildTreeContext;)Lorg/gradle/internal/buildtree/BuildActionRunner$Result;+2
j  org.gradle.launcher.exec.BuildTreeLifecycleBuildActionExecutor$$Lambda+0x000001b890298c50.apply(Ljava/lang/Object;)Ljava/lang/Object;+8
j  org.gradle.internal.buildtree.BuildTreeState.run(Ljava/util/function/Function;)Ljava/lang/Object;+45
j  org.gradle.launcher.exec.BuildTreeLifecycleBuildActionExecutor.execute(Lorg/gradle/internal/invocation/BuildAction;Lorg/gradle/internal/session/BuildSessionContext;)Lorg/gradle/internal/buildtree/BuildActionRunner$Result;+74
j  org.gradle.launcher.exec.RunAsBuildOperationBuildActionExecutor$3.call(Lorg/gradle/internal/operations/BuildOperationContext;)Lorg/gradle/internal/buildtree/BuildActionRunner$Result;+25
j  org.gradle.launcher.exec.RunAsBuildOperationBuildActionExecutor$3.call(Lorg/gradle/internal/operations/BuildOperationContext;)Ljava/lang/Object;+2
j  org.gradle.internal.operations.DefaultBuildOperationRunner$CallableBuildOperationWorker.execute(Lorg/gradle/internal/operations/CallableBuildOperation;Lorg/gradle/internal/operations/BuildOperationContext;)V+3
j  org.gradle.internal.operations.DefaultBuildOperationRunner$CallableBuildOperationWorker.execute(Lorg/gradle/internal/operations/BuildOperation;Lorg/gradle/internal/operations/BuildOperationContext;)V+6
j  org.gradle.internal.operations.DefaultBuildOperationRunner$2.execute(Lorg/gradle/internal/operations/BuildOperationDescriptor;Lorg/gradle/internal/operations/BuildOperationState;Lorg/gradle/internal/operations/BuildOperationState;Lorg/gradle/internal/operations/DefaultBuildOperationRunner$ReadableBuildOperationContext;Lorg/gradle/internal/operations/DefaultBuildOperationRunner$BuildOperationExecutionListener;)Lorg/gradle/internal/operations/BuildOperation;+22
j  org.gradle.internal.operations.DefaultBuildOperationRunner$2.execute(Lorg/gradle/internal/operations/BuildOperationDescriptor;Lorg/gradle/internal/operations/BuildOperationState;Lorg/gradle/internal/operations/BuildOperationState;Lorg/gradle/internal/operations/DefaultBuildOperationRunner$ReadableBuildOperationContext;Lorg/gradle/internal/operations/DefaultBuildOperationRunner$BuildOperationExecutionListener;)Ljava/lang/Object;+8
j  org.gradle.internal.operations.DefaultBuildOperationRunner.execute(Lorg/gradle/internal/operations/BuildOperationDescriptor$Builder;Lorg/gradle/internal/operations/BuildOperationState;Lorg/gradle/internal/operations/DefaultBuildOperationRunner$BuildOperationExecution;)Ljava/lang/Object;+141
j  org.gradle.internal.operations.DefaultBuildOperationRunner.execute(Lorg/gradle/internal/operations/BuildOperation;Lorg/gradle/internal/operations/BuildOperationWorker;Lorg/gradle/internal/operations/BuildOperationState;)V+18
j  org.gradle.internal.operations.DefaultBuildOperationRunner.call(Lorg/gradle/internal/operations/CallableBuildOperation;)Ljava/lang/Object;+16
j  org.gradle.internal.operations.DefaultBuildOperationExecutor.call(Lorg/gradle/internal/operations/CallableBuildOperation;)Ljava/lang/Object;+5
j  org.gradle.launcher.exec.RunAsBuildOperationBuildActionExecutor.execute(Lorg/gradle/internal/invocation/BuildAction;Lorg/gradle/internal/session/BuildSessionContext;)Lorg/gradle/internal/buildtree/BuildActionRunner$Result;+23
j  org.gradle.launcher.exec.RunAsWorkerThreadBuildActionExecutor.lambda$execute$0(Lorg/gradle/internal/invocation/BuildAction;Lorg/gradle/internal/session/BuildSessionContext;)Lorg/gradle/internal/buildtree/BuildActionRunner$Result;+6
j  org.gradle.launcher.exec.RunAsWorkerThreadBuildActionExecutor$$Lambda+0x000001b8902705a0.create()Ljava/lang/Object;+12
j  org.gradle.internal.work.DefaultWorkerLeaseService.withLocks(Ljava/util/Collection;Lorg/gradle/internal/Factory;)Ljava/lang/Object;+28
j  org.gradle.internal.work.DefaultWorkerLeaseService.runAsWorkerThread(Lorg/gradle/internal/Factory;)Ljava/lang/Object;+33
j  org.gradle.launcher.exec.RunAsWorkerThreadBuildActionExecutor.execute(Lorg/gradle/internal/invocation/BuildAction;Lorg/gradle/internal/session/BuildSessionContext;)Lorg/gradle/internal/buildtree/BuildActionRunner$Result;+12
j  org.gradle.tooling.internal.provider.continuous.ContinuousBuildActionExecutor.execute(Lorg/gradle/internal/invocation/BuildAction;Lorg/gradle/internal/session/BuildSessionContext;)Lorg/gradle/internal/buildtree/BuildActionRunner$Result;+58
j  org.gradle.tooling.internal.provider.SubscribableBuildActionExecutor.execute(Lorg/gradle/internal/invocation/BuildAction;Lorg/gradle/internal/session/BuildSessionContext;)Lorg/gradle/internal/buildtree/BuildActionRunner$Result;+30
j  org.gradle.internal.session.DefaultBuildSessionContext.execute(Lorg/gradle/internal/invocation/BuildAction;)Lorg/gradle/internal/buildtree/BuildActionRunner$Result;+64
j  org.gradle.tooling.internal.provider.BuildSessionLifecycleBuildActionExecuter$ActionImpl.apply(Lorg/gradle/internal/session/BuildSessionContext;)Lorg/gradle/launcher/exec/BuildActionResult;+6
j  org.gradle.tooling.internal.provider.BuildSessionLifecycleBuildActionExecuter$ActionImpl.apply(Ljava/lang/Object;)Ljava/lang/Object;+5
j  org.gradle.internal.session.BuildSessionState.run(Ljava/util/function/Function;)Ljava/lang/Object;+5
j  org.gradle.tooling.internal.provider.BuildSessionLifecycleBuildActionExecuter.execute(Lorg/gradle/internal/invocation/BuildAction;Lorg/gradle/launcher/exec/BuildActionParameters;Lorg/gradle/initialization/BuildRequestContext;)Lorg/gradle/launcher/exec/BuildActionResult;+95
j  org.gradle.tooling.internal.provider.BuildSessionLifecycleBuildActionExecuter.execute(Lorg/gradle/internal/invocation/BuildAction;Ljava/lang/Object;Ljava/lang/Object;)Lorg/gradle/launcher/exec/BuildActionResult;+10
j  org.gradle.tooling.internal.provider.StartParamsValidatingActionExecuter.execute(Lorg/gradle/internal/invocation/BuildAction;Lorg/gradle/launcher/exec/BuildActionParameters;Lorg/gradle/initialization/BuildRequestContext;)Lorg/gradle/launcher/exec/BuildActionResult;+203
j  org.gradle.tooling.internal.provider.StartParamsValidatingActionExecuter.execute(Lorg/gradle/internal/invocation/BuildAction;Ljava/lang/Object;Ljava/lang/Object;)Lorg/gradle/launcher/exec/BuildActionResult;+10
j  org.gradle.tooling.internal.provider.SessionFailureReportingActionExecuter.execute(Lorg/gradle/internal/invocation/BuildAction;Lorg/gradle/launcher/exec/BuildActionParameters;Lorg/gradle/initialization/BuildRequestContext;)Lorg/gradle/launcher/exec/BuildActionResult;+7
j  org.gradle.tooling.internal.provider.SessionFailureReportingActionExecuter.execute(Lorg/gradle/internal/invocation/BuildAction;Ljava/lang/Object;Ljava/lang/Object;)Lorg/gradle/launcher/exec/BuildActionResult;+10
j  org.gradle.tooling.internal.provider.SetupLoggingActionExecuter.execute(Lorg/gradle/internal/invocation/BuildAction;Lorg/gradle/launcher/exec/BuildActionParameters;Lorg/gradle/initialization/BuildRequestContext;)Lorg/gradle/launcher/exec/BuildActionResult;+50
j  org.gradle.tooling.internal.provider.SetupLoggingActionExecuter.execute(Lorg/gradle/internal/invocation/BuildAction;Ljava/lang/Object;Ljava/lang/Object;)Lorg/gradle/launcher/exec/BuildActionResult;+10
j  org.gradle.launcher.daemon.server.exec.ExecuteBuild.doBuild(Lorg/gradle/launcher/daemon/server/api/DaemonCommandExecution;Lorg/gradle/launcher/daemon/protocol/Build;)V+117
j  org.gradle.launcher.daemon.server.exec.BuildCommandOnly.execute(Lorg/gradle/launcher/daemon/server/api/DaemonCommandExecution;)V+49
j  org.gradle.launcher.daemon.server.api.DaemonCommandExecution.proceed()Z+23
j  org.gradle.launcher.daemon.server.exec.WatchForDisconnection.execute(Lorg/gradle/launcher/daemon/server/api/DaemonCommandExecution;)V+19
j  org.gradle.launcher.daemon.server.api.DaemonCommandExecution.proceed()Z+23
j  org.gradle.launcher.daemon.server.exec.ResetDeprecationLogger.execute(Lorg/gradle/launcher/daemon/server/api/DaemonCommandExecution;)V+7
j  org.gradle.launcher.daemon.server.api.DaemonCommandExecution.proceed()Z+23
j  org.gradle.launcher.daemon.server.exec.RequestStopIfSingleUsedDaemon.execute(Lorg/gradle/launcher/daemon/server/api/DaemonCommandExecution;)V+33
j  org.gradle.launcher.daemon.server.api.DaemonCommandExecution.proceed()Z+23
j  org.gradle.launcher.daemon.server.exec.ForwardClientInput$2.create()Ljava/lang/Void;+4
j  org.gradle.launcher.daemon.server.exec.ForwardClientInput$2.create()Ljava/lang/Object;+1
j  org.gradle.util.internal.Swapper.swap(Ljava/lang/Object;Lorg/gradle/internal/Factory;)Ljava/lang/Object;+21
j  org.gradle.launcher.daemon.server.exec.ForwardClientInput.execute(Lorg/gradle/launcher/daemon/server/api/DaemonCommandExecution;)V+63
j  org.gradle.launcher.daemon.server.api.DaemonCommandExecution.proceed()Z+23
j  org.gradle.launcher.daemon.server.exec.LogAndCheckHealth.execute(Lorg/gradle/launcher/daemon/server/api/DaemonCommandExecution;)V+51
j  org.gradle.launcher.daemon.server.api.DaemonCommandExecution.proceed()Z+23
j  org.gradle.launcher.daemon.server.exec.LogToClient.doBuild(Lorg/gradle/launcher/daemon/server/api/DaemonCommandExecution;Lorg/gradle/launcher/daemon/protocol/Build;)V+87
j  org.gradle.launcher.daemon.server.exec.BuildCommandOnly.execute(Lorg/gradle/launcher/daemon/server/api/DaemonCommandExecution;)V+49
j  org.gradle.launcher.daemon.server.api.DaemonCommandExecution.proceed()Z+23
j  org.gradle.launcher.daemon.server.exec.EstablishBuildEnvironment.doBuild(Lorg/gradle/launcher/daemon/server/api/DaemonCommandExecution;Lorg/gradle/launcher/daemon/protocol/Build;)V+356
j  org.gradle.launcher.daemon.server.exec.BuildCommandOnly.execute(Lorg/gradle/launcher/daemon/server/api/DaemonCommandExecution;)V+49
j  org.gradle.launcher.daemon.server.api.DaemonCommandExecution.proceed()Z+23
j  org.gradle.launcher.daemon.server.exec.StartBuildOrRespondWithBusy$1.run()V+44
j  org.gradle.launcher.daemon.server.DaemonStateCoordinator$1.run()V+4
j  org.gradle.internal.concurrent.ExecutorPolicy$CatchAndRecordFailures.onExecute(Ljava/lang/Runnable;)V+1
j  org.gradle.internal.concurrent.AbstractManagedExecutor$1.run()V+25
j  java.util.concurrent.ThreadPoolExecutor.runWorker(Ljava/util/concurrent/ThreadPoolExecutor$Worker;)V+92 java.base@21.0.12.1
j  java.util.concurrent.ThreadPoolExecutor$Worker.run()V+5 java.base@21.0.12.1
j  java.lang.Thread.runWith(Ljava/lang/Object;Ljava/lang/Runnable;)V+5 java.base@21.0.12.1
j  java.lang.Thread.run()V+19 java.base@21.0.12.1
v  ~StubRoutines::call_stub 0x000001b88753100d

Compiled method (n/a) 55427 1806     n 0       java.lang.ClassLoader::defineClass0 (native)
 total in heap  [0x000001b887ba6690,0x000001b887ba6c50] = 1472
 relocation     [0x000001b887ba67f0,0x000001b887ba6828] = 56
 main code      [0x000001b887ba6840,0x000001b887ba6c4c] = 1036
 stub code      [0x000001b887ba6c4c,0x000001b887ba6c50] = 4

[Constant Pool (empty)]

[MachCode]
[Entry Point]
  # {method} {0x000001b88f434610} 'defineClass0' '(Ljava/lang/ClassLoader;Ljava/lang/Class;Ljava/lang/String;[BIILjava/security/ProtectionDomain;ZILjava/lang/Object;)Ljava/lang/Class;' in 'java/lang/ClassLoader'
  # parm0:    rdx:rdx   = 'java/lang/ClassLoader'
  # parm1:    r8:r8     = 'java/lang/Class'
  # parm2:    r9:r9     = 'java/lang/String'
  # parm3:    rdi:rdi   = '[B'
  # parm4:    rsi       = int
  # parm5:    rcx       = int
  # parm6:    [sp+0xb0]   = 'java/security/ProtectionDomain'  (sp of caller)
  # parm7:    [sp+0xb8]   = boolean
  # parm8:    [sp+0xc0]   = int
  # parm9:    [sp+0xc8]   = 'java/lang/Object'
  0x000001b887ba6840: 448b 5208 | 49bb 0000 | 008f b801 | 0000 4d03 | d349 3bc2 | 0f84 0600 

  0x000001b887ba6858: ;   {runtime_call ic_miss_stub}
  0x000001b887ba6858: 0000 e921 | 7f9d ff90 
[Verified Entry Point]
  0x000001b887ba6860: 8984 2400 | 80ff ff55 | 488b ec48 | 81ec a000 | 0000 6690 | 4181 7f20 | 0500 0000 

  0x000001b887ba687c: ;   {runtime_call StubRoutines (final stubs)}
  0x000001b887ba687c: 7405 e81d | fc9b ff48 | 837d 2800 | 488d 4528 | 480f 4445 | 2848 8944 | 2458 4863 | 4520 4889 
  0x000001b887ba689c: 4424 5048 | 6345 1848 | 8944 2448 | 4883 7d10 | 0048 8d45 | 1048 0f44 | 4510 4889 | 4424 4048 
  0x000001b887ba68bc: 894c 2438 | 4889 7424 | 3048 897c | 2478 4883 | ff00 488d | 4424 7848 | 0f44 4424 | 7848 8944 
  0x000001b887ba68dc: 2428 4c89 | 4c24 7049 | 83f9 0048 | 8d44 2470 | 480f 4444 | 2470 4889 | 4424 204c | 8944 2468 
  0x000001b887ba68fc: 4983 f800 | 4c8d 4c24 | 684c 0f44 | 4c24 6848 | 8954 2460 | 4883 fa00 | 4c8d 4424 | 604c 0f44 
  0x000001b887ba691c: ;   {oop(a 'java/lang/Class'{0x000000008125ea48} = 'java/lang/ClassLoader')}
  0x000001b887ba691c: 4424 6049 | be48 ea25 | 8100 0000 | 004c 89b4 | 2490 0000 | 004c 8db4 | 2490 0000 | 0049 8bd6 
  0x000001b887ba693c: ;   {internal_word}
  0x000001b887ba693c: c5f8 7749 | ba3c 69ba | 87b8 0100 | 004d 8997 | a803 0000 | 4989 a7a0 

  0x000001b887ba6954: ;   {external_word}
  0x000001b887ba6954: 0300 0049 | ba06 6dca | d3f8 7f00 | 0041 803a | 000f 844e | 0000 0052 | 4150 4151 

  0x000001b887ba6970: ;   {metadata({method} {0x000001b88f434610} 'defineClass0' '(Ljava/lang/ClassLoader;Ljava/lang/Class;Ljava/lang/String;[BIILjava/security/ProtectionDomain;ZILjava/lang/Object;)Ljava/lang/Class;' in 'java/lang/ClassLoader')}
  0x000001b887ba6970: 48ba 0846 | 438f b801 | 0000 498b | cf48 83ec | 2040 f6c4 | 0f0f 8419 | 0000 0048 

  0x000001b887ba698c: ;   {runtime_call}
  0x000001b887ba698c: 83ec 0848 | b8e0 ea73 | d3f8 7f00 | 00ff d048 | 83c4 08e9 | 0c00 0000 

  0x000001b887ba69a4: ;   {runtime_call}
  0x000001b887ba69a4: 48b8 e0ea | 73d3 f87f | 0000 ffd0 | 4883 c420 | 4159 4158 | 5a49 8d8f | c003 0000 | 41c7 874c 
  0x000001b887ba69c4: 0400 0004 

  0x000001b887ba69c8: ;   {runtime_call}
  0x000001b887ba69c8: 0000 0048 | b81c 1555 | 6bf9 7f00 | 00ff d0c5 | f877 41c7 | 874c 0400 | 0005 0000 | 00f0 8344 
  0x000001b887ba69e8: 24c0 0049 | 3baf 5004 | 0000 0f87 | 0e00 0000 | 4183 bf48 | 0400 0000 | 0f84 2b00 | 0000 c5f8 
  0x000001b887ba6a08: 7748 8945 | f849 8bcf | 4c8b e448 | 83ec 2048 

  0x000001b887ba6a18: ;   {runtime_call}
  0x000001b887ba6a18: 83e4 f048 | b800 583f | d3f8 7f00 | 00ff d049 | 8be4 4d33 | e448 8b45 | f841 c787 | 4c04 0000 
  0x000001b887ba6a38: 0800 0000 | 4183 bfc8 | 0400 0002 | 0f84 d501 

  0x000001b887ba6a48: ;   {external_word}
  0x000001b887ba6a48: 0000 49ba | 066d cad3 | f87f 0000 | 4180 3a00 | 0f84 4c00 | 0000 4889 

  0x000001b887ba6a60: ;   {metadata({method} {0x000001b88f434610} 'defineClass0' '(Ljava/lang/ClassLoader;Ljava/lang/Class;Ljava/lang/String;[BIILjava/security/ProtectionDomain;ZILjava/lang/Object;)Ljava/lang/Class;' in 'java/lang/ClassLoader')}
  0x000001b887ba6a60: 45f8 48ba | 0846 438f | b801 0000 | 498b cf48 | 83ec 2040 | f6c4 0f0f | 8419 0000 | 0048 83ec 
  0x000001b887ba6a80: ;   {runtime_call}
  0x000001b887ba6a80: 0848 b8e0 | ea73 d3f8 | 7f00 00ff | d048 83c4 | 08e9 0c00 

  0x000001b887ba6a94: ;   {runtime_call}
  0x000001b887ba6a94: 0000 48b8 | e0ea 73d3 | f87f 0000 | ffd0 4883 | c420 488b | 45f8 49c7 | 87a0 0300 | 0000 0000 
  0x000001b887ba6ab4: 0049 c787 | a803 0000 | 0000 0000 | c5f8 7748 | 85c0 0f84 | 3001 0000 | a803 0f85 | 0800 0000 
  0x000001b887ba6ad4: 488b 00e9 | 2001 0000 | a801 0f85 | 0900 0000 | 488b 40fe | e90f 0100 | 0048 8b40 | ff41 807f 
  0x000001b887ba6af4: 4000 0f84 | 0001 0000 | 4883 f800 | 0f84 f600 | 0000 498b | 4f28 4883 | f900 0f84 | 1400 0000 
  0x000001b887ba6b14: 4883 e908 | 4989 4f28 | 4903 4f38 | 4889 01e9 | d400 0000 | 4883 ec70 | 4889 0424 | 4889 4c24 
  0x000001b887ba6b34: 0848 8954 | 2410 4c89 | 4424 184c | 894c 2420 | 4c89 5424 | 284c 895c | 2430 c5fb | 1144 2440 
  0x000001b887ba6b54: c5fb 114c | 2448 c5fb | 1154 2450 | c5fb 115c | 2458 c5fb | 1164 2460 | c5fb 116c | 2468 498b 
  0x000001b887ba6b74: d748 8bc8 | 4883 ec20 | 40f6 c40f | 0f84 1900 | 0000 4883 

  0x000001b887ba6b88: ;   {runtime_call}
  0x000001b887ba6b88: ec08 48b8 | 20a4 32d3 | f87f 0000 | ffd0 4883 | c408 e90c 

  0x000001b887ba6b9c: ;   {runtime_call}
  0x000001b887ba6b9c: 0000 0048 | b820 a432 | d3f8 7f00 | 00ff d048 | 83c4 20c5 | fb10 6c24 | 68c5 fb10 | 6424 60c5 
  0x000001b887ba6bbc: fb10 5c24 | 58c5 fb10 | 5424 50c5 | fb10 4c24 | 48c5 fb10 | 4424 404c | 8b5c 2430 | 4c8b 5424 
  0x000001b887ba6bdc: 284c 8b4c | 2420 4c8b | 4424 1848 | 8b54 2410 | 488b 4c24 | 0848 8b04 | 2448 83c4 | 70c5 f877 
  0x000001b887ba6bfc: 498b 8f30 | 0400 00c7 | 8100 0100 | 0000 0000 | 00c9 4983 | 7f08 000f | 8501 0000 

  0x000001b887ba6c18: ;   {runtime_call StubRoutines (initial stubs)}
  0x000001b887ba6c18: 00c3 e9e1 | a298 ffc5 | f877 4889 | 45f8 4c8b | e448 83ec | 2048 83e4 

  0x000001b887ba6c30: ;   {runtime_call}
  0x000001b887ba6c30: f048 b830 | 2274 d3f8 | 7f00 00ff | d049 8be4 | 4d33 e448 | 8b45 f8e9 | fefd ffff 
[Stub Code]
  0x000001b887ba6c4c: f4f4 f4f4 
[/MachCode]


Compiled method (c1) 55441 2301       3       java.lang.System$2::defineClass (21 bytes)
 total in heap  [0x000001b88046a310,0x000001b88046a6f0] = 992
 relocation     [0x000001b88046a470,0x000001b88046a4b0] = 64
 main code      [0x000001b88046a4c0,0x000001b88046a5f8] = 312
 stub code      [0x000001b88046a5f8,0x000001b88046a638] = 64
 metadata       [0x000001b88046a638,0x000001b88046a640] = 8
 scopes data    [0x000001b88046a640,0x000001b88046a688] = 72
 scopes pcs     [0x000001b88046a688,0x000001b88046a6d8] = 80
 dependencies   [0x000001b88046a6d8,0x000001b88046a6e0] = 8
 nul chk table  [0x000001b88046a6e0,0x000001b88046a6f0] = 16

[Constant Pool (empty)]

[MachCode]
[Entry Point]
  # {method} {0x000001b88f019588} 'defineClass' '(Ljava/lang/ClassLoader;Ljava/lang/Class;Ljava/lang/String;[BLjava/security/ProtectionDomain;ZILjava/lang/Object;)Ljava/lang/Class;' in 'java/lang/System$2'
  # this:     rdx:rdx   = 'java/lang/System$2'
  # parm0:    r8:r8     = 'java/lang/ClassLoader'
  # parm1:    r9:r9     = 'java/lang/Class'
  # parm2:    rdi:rdi   = 'java/lang/String'
  # parm3:    rsi:rsi   = '[B'
  # parm4:    rcx:rcx   = 'java/security/ProtectionDomain'
  # parm5:    [sp+0x70]   = boolean  (sp of caller)
  # parm6:    [sp+0x78]   = int
  # parm7:    [sp+0x80]   = 'java/lang/Object'
  0x000001b88046a4c0: 448b 5208 | 49bb 0000 | 008f b801 | 0000 4d03 | d34c 3bd0 

  0x000001b88046a4d4: ;   {runtime_call ic_miss_stub}
  0x000001b88046a4d4: 0f85 a642 | 1107 660f | 1f44 0000 
[Verified Entry Point]
  0x000001b88046a4e0: 8984 2400 | 80ff ff55 | 4883 ec60 | 4181 7f20 | 0500 0000 

  0x000001b88046a4f4: ;   {runtime_call StubRoutines (final stubs)}
  0x000001b88046a4f4: 7405 e8a5 | bf0f 0748 

  0x000001b88046a4fc: ;   {metadata(method data for {method} {0x000001b88f019588} 'defineClass' '(Ljava/lang/ClassLoader;Ljava/lang/Class;Ljava/lang/String;[BLjava/security/ProtectionDomain;ZILjava/lang/Object;)Ljava/lang/Class;' in 'java/lang/System$2')}
  0x000001b88046a4fc: 8bd9 48b9 | 406d 87f9 | b801 0000 | 8b81 cc00 | 0000 83c0 | 0289 81cc | 0000 0025 | fe07 0000 
  0x000001b88046a51c: 85c0 0f84 | 6b00 0000 | 4c8b ac24 | 8000 0000 | 448b 5c24 | 788b 4424 | 708b 4e0c 

  0x000001b88046a538: ;   {metadata(method data for {method} {0x000001b88f019588} 'defineClass' '(Ljava/lang/ClassLoader;Ljava/lang/Class;Ljava/lang/String;[BLjava/security/ProtectionDomain;ZILjava/lang/Object;)Ljava/lang/Class;' in 'java/lang/System$2')}
  0x000001b88046a538: 48ba 406d | 87f9 b801 | 0000 4883 | 8210 0100 | 0001 498b | d04d 8bc1 | 4c8b cf48 | 8bfe be00 
  0x000001b88046a558: 0000 0048 | 891c 2489 | 4424 0844 | 895c 2410 | 4c89 6c24 

  0x000001b88046a56c: ;   {static_call}
  0x000001b88046a56c: 1866 90e8 

  0x000001b88046a570: ; ImmutableOopMap {}
                      ;*invokestatic defineClass0 {reexecute=0 rethrow=0 return_oop=0}
                      ; - java.lang.System$2::defineClass@17
  0x000001b88046a570: ecc2 7307 

  0x000001b88046a574: ;   {other}
  0x000001b88046a574: 0f1f 8400 | 6402 0000 | 4883 c460 

  0x000001b88046a580: ;   {poll_return}
  0x000001b88046a580: 5d49 3ba7 | 5004 0000 | 0f87 2700 

  0x000001b88046a58c: ;   {metadata({method} {0x000001b88f019588} 'defineClass' '(Ljava/lang/ClassLoader;Ljava/lang/Class;Ljava/lang/String;[BLjava/security/ProtectionDomain;ZILjava/lang/Object;)Ljava/lang/Class;' in 'java/lang/System$2')}
  0x000001b88046a58c: 0000 c349 | ba80 9501 | 8fb8 0100 | 004c 8954 | 2408 48c7 | 0424 ffff 

  0x000001b88046a5a4: ;   {runtime_call counter_overflow Runtime1 stub}
  0x000001b88046a5a4: ffff e855 

  0x000001b88046a5a8: ; ImmutableOopMap {rdx=Oop r8=Oop r9=Oop rdi=Oop rsi=Oop rbx=Oop [128]=Oop }
                      ;*synchronization entry
                      ; - java.lang.System$2::defineClass@-1
  0x000001b88046a5a8: c81d 07e9 | 74ff ffff 

  0x000001b88046a5b0: ;   {runtime_call throw_null_pointer_exception Runtime1 stub}
  0x000001b88046a5b0: e84b 771d 

  0x000001b88046a5b4: ; ImmutableOopMap {r8=Oop r9=Oop rdi=Oop rsi=Oop rbx=Oop r13=Oop [128]=Oop }
                      ;*arraylength {reexecute=0 rethrow=0 return_oop=0}
                      ; - java.lang.System$2::defineClass@8
                      ;   {internal_word}
  0x000001b88046a5b4: 0749 ba81 | a546 80b8 | 0100 004d | 8997 6804 

  0x000001b88046a5c4: ;   {runtime_call SafepointBlob}
  0x000001b88046a5c4: 0000 e9b5 | ae11 0749 | 8b87 0005 | 0000 49c7 | 8700 0500 | 0000 0000 | 0049 c787 | 0805 0000 
  0x000001b88046a5e4: 0000 0000 | 4883 c460 

  0x000001b88046a5ec: ;   {runtime_call unwind_exception Runtime1 stub}
  0x000001b88046a5ec: 5de9 0e68 | 1d07 f4f4 | f4f4 f4f4 
[Stub Code]
  0x000001b88046a5f8: ;   {no_reloc}
  0x000001b88046a5f8: 48bb 0000 | 0000 0000 

  0x000001b88046a600: ;   {runtime_call nmethod}
  0x000001b88046a600: 0000 e9fb 

  0x000001b88046a604: ;   {runtime_call handle_exception_from_callee Runtime1 stub}
  0x000001b88046a604: ffff ffe8 | f494 1d07 

  0x000001b88046a60c: ;   {external_word}
  0x000001b88046a60c: 48b9 5063 | a0d3 f87f | 0000 4883 

  0x000001b88046a618: ;   {runtime_call}
  0x000001b88046a618: e4f0 48b8 | c0c9 62d3 | f87f 0000 

  0x000001b88046a624: ;   {section_word}
  0x000001b88046a624: ffd0 f449 | ba27 a646 | 80b8 0100 

  0x000001b88046a630: ;   {runtime_call DeoptimizationBlob}
  0x000001b88046a630: 0041 52e9 | e8a0 1107 
[/MachCode]


Compiled method (c1) 55490 2300   !   3       java.lang.invoke.MethodHandles$Lookup$ClassDefiner::defineClass (213 bytes)
 total in heap  [0x000001b880469090,0x000001b88046a2f0] = 4704
 relocation     [0x000001b8804691f0,0x000001b880469310] = 288
 main code      [0x000001b880469320,0x000001b880469d88] = 2664
 stub code      [0x000001b880469d88,0x000001b880469e00] = 120
 metadata       [0x000001b880469e00,0x000001b880469e70] = 112
 scopes data    [0x000001b880469e70,0x000001b88046a088] = 536
 scopes pcs     [0x000001b88046a088,0x000001b88046a248] = 448
 dependencies   [0x000001b88046a248,0x000001b88046a260] = 24
 handler table  [0x000001b88046a260,0x000001b88046a2a8] = 72
 nul chk table  [0x000001b88046a2a8,0x000001b88046a2f0] = 72

[Constant Pool (empty)]

[MachCode]
[Entry Point]
  # {method} {0x000001b88f1eae68} 'defineClass' '(ZLjava/lang/Object;)Ljava/lang/Class;' in 'java/lang/invoke/MethodHandles$Lookup$ClassDefiner'
  # this:     rdx:rdx   = 'java/lang/invoke/MethodHandles$Lookup$ClassDefiner'
  # parm0:    r8        = boolean
  # parm1:    r9:r9     = 'java/lang/Object'
  #           [sp+0xf0]  (sp of caller)
  0x000001b880469320: 448b 5208 | 49bb 0000 | 008f b801 | 0000 4d03 | d34c 3bd0 

  0x000001b880469334: ;   {runtime_call ic_miss_stub}
  0x000001b880469334: 0f85 4654 | 1107 660f | 1f44 0000 
[Verified Entry Point]
  0x000001b880469340: 8984 2400 | 80ff ff55 | 4881 ece0 | 0000 0090 | 4181 7f20 | 0500 0000 

  0x000001b880469358: ;   {runtime_call StubRoutines (final stubs)}
  0x000001b880469358: 7405 e841 | d10f 0748 | 8994 2498 | 0000 0044 | 8984 24b0 | 0000 004c | 898c 24b8 

  0x000001b880469374: ;   {metadata(method data for {method} {0x000001b88f1eae68} 'defineClass' '(ZLjava/lang/Object;)Ljava/lang/Class;' in 'java/lang/invoke/MethodHandles$Lookup$ClassDefiner')}
  0x000001b880469374: 0000 0048 | be18 6287 | f9b8 0100 | 008b becc | 0000 0083 | c702 89be | cc00 0000 | 81e7 fe07 
  0x000001b880469394: 0000 85ff | 0f84 6b07 | 0000 8b72 | 1048 89b4 | 2490 0000 | 0048 3b06 

  0x000001b8804693ac: ;   {metadata(method data for {method} {0x000001b88f1eae68} 'defineClass' '(ZLjava/lang/Object;)Ljava/lang/Class;' in 'java/lang/invoke/MethodHandles$Lookup$ClassDefiner')}
  0x000001b8804693ac: 488b fe48 | bb18 6287 | f9b8 0100 | 0048 8383 | 1001 0000 | 018b 7e10 | 4889 bc24 | a800 0000 
  0x000001b8804693cc: ; implicit exception: dispatches to 0x000001b880469b2f
  0x000001b8804693cc: 483b 0748 

  0x000001b8804693d0: ;   {metadata(method data for {method} {0x000001b88f1eae68} 'defineClass' '(ZLjava/lang/Object;)Ljava/lang/Class;' in 'java/lang/invoke/MethodHandles$Lookup$ClassDefiner')}
  0x000001b8804693d0: 8bdf 48b8 | 1862 87f9 | b801 0000 | 4883 8048 | 0100 0001 

  0x000001b8804693e4: ;   {metadata(method data for {method} {0x000001b88f468e60} 'getClassLoader' '()Ljava/lang/ClassLoader;' in 'java/lang/Class')}
  0x000001b8804693e4: 48bb b878 | 02f9 b801 | 0000 8b83 | cc00 0000 | 83c0 0289 | 83cc 0000 | 0025 feff | 1f00 85c0 
  0x000001b880469404: 0f84 2a07 | 0000 8b5f | 3448 85db 

  0x000001b880469410: ;   {metadata(method data for {method} {0x000001b88f468e60} 'getClassLoader' '()Ljava/lang/ClassLoader;' in 'java/lang/Class')}
  0x000001b880469410: 48b8 b878 | 02f9 b801 | 0000 48c7 | c110 0100 | 0075 0748 | c7c1 2001 | 0000 4c8b | 1c08 4d8d 
  0x000001b880469430: 5b01 4c89 | 1c08 0f85 | 0f00 0000 

  0x000001b88046943c: ;   {oop(nullptr)}
  0x000001b88046943c: 48bb 0000 | 0000 0000 | 0000 e9a2 

  0x000001b880469448: ;   {metadata(method data for {method} {0x000001b88f468e60} 'getClassLoader' '()Ljava/lang/ClassLoader;' in 'java/lang/Class')}
  0x000001b880469448: 0000 0048 | b8b8 7802 | f9b8 0100 | 0048 8380 | 3001 0000 

  0x000001b88046945c: ;   {metadata(method data for {method} {0x000001b88f01b1d0} 'getSecurityManager' '()Ljava/lang/SecurityManager;' in 'java/lang/System')}
  0x000001b88046945c: 0148 b878 | 7a02 f9b8 | 0100 008b | 88cc 0000 | 0083 c102 | 8988 cc00 | 0000 81e1 | feff 1f00 
  0x000001b88046947c: 85c9 0f84 | d106 0000 

  0x000001b880469484: ;   {metadata(method data for {method} {0x000001b88f01b1d0} 'getSecurityManager' '()Ljava/lang/SecurityManager;' in 'java/lang/System')}
  0x000001b880469484: 48b8 787a | 02f9 b801 | 0000 4883 | 8010 0100 

  0x000001b880469494: ;   {metadata(method data for {method} {0x000001b88f01b2e8} 'allowSecurityManager' '()Z' in 'java/lang/System')}
  0x000001b880469494: 0001 48b8 | f07b 02f9 | b801 0000 | 8b88 cc00 | 0000 83c1 | 0289 88cc | 0000 0081 | e1fe ff1f 
  0x000001b8804694b4: 0085 c90f | 84b9 0600 

  0x000001b8804694bc: ;   {metadata(method data for {method} {0x000001b88f01b2e8} 'allowSecurityManager' '()Z' in 'java/lang/System')}
  0x000001b8804694bc: 0048 b8f0 | 7b02 f9b8 | 0100 00ff | 8010 0100 

  0x000001b8804694cc: ;   {metadata(method data for {method} {0x000001b88f01b1d0} 'getSecurityManager' '()Ljava/lang/SecurityManager;' in 'java/lang/System')}
  0x000001b8804694cc: 0048 b878 | 7a02 f9b8 | 0100 00ff | 8020 0100 

  0x000001b8804694dc: ;   {metadata(method data for {method} {0x000001b88f468e60} 'getClassLoader' '()Ljava/lang/ClassLoader;' in 'java/lang/Class')}
  0x000001b8804694dc: 0048 b8b8 | 7802 f9b8 | 0100 00ff | 8040 0100 | 0048 85db 

  0x000001b8804694f0: ;   {metadata(method data for {method} {0x000001b88f1eae68} 'defineClass' '(ZLjava/lang/Object;)Ljava/lang/Class;' in 'java/lang/invoke/MethodHandles$Lookup$ClassDefiner')}
  0x000001b8804694f0: 48b8 1862 | 87f9 b801 | 0000 48c7 | c180 0100 | 0074 0748 | c7c1 9001 | 0000 4c8b | 1c08 4d8d 
  0x000001b880469510: 5b01 4c89 | 1c08 0f84 | 4b02 0000 

  0x000001b88046951c: ;   {metadata(method data for {method} {0x000001b88f1eae68} 'defineClass' '(ZLjava/lang/Object;)Ljava/lang/Class;' in 'java/lang/invoke/MethodHandles$Lookup$ClassDefiner')}
  0x000001b88046951c: 488b c648 | b918 6287 | f9b8 0100 | 0048 8381 | a001 0000 

  0x000001b880469530: ;   {metadata(method data for {method} {0x000001b88f3e0578} 'lookupClassProtectionDomain' '()Ljava/security/ProtectionDomain;' in 'java/lang/invoke/MethodHandles$Lookup')}
  0x000001b880469530: 0148 b850 | 6887 f9b8 | 0100 008b | 88cc 0000 | 0083 c102 | 8988 cc00 | 0000 81e1 | feff 1f00 
  0x000001b880469550: 85c9 0f84 | 3f06 0000 | 8b46 1848 

  0x000001b88046955c: ;   {metadata(method data for {method} {0x000001b88f3e0578} 'lookupClassProtectionDomain' '()Ljava/security/ProtectionDomain;' in 'java/lang/invoke/MethodHandles$Lookup')}
  0x000001b88046955c: 85c0 48b9 | 5068 87f9 | b801 0000 | 49c7 c310 | 0100 0075 | 0749 c7c3 | 2001 0000 | 4e8b 2c19 
  0x000001b88046957c: 4d8d 6d01 | 4e89 2c19 | 4889 9c24 | a000 0000 | 0f85 bf01 

  0x000001b880469590: ;   {metadata(method data for {method} {0x000001b88f3e0578} 'lookupClassProtectionDomain' '()Ljava/security/ProtectionDomain;' in 'java/lang/invoke/MethodHandles$Lookup')}
  0x000001b880469590: 0000 48b8 | 5068 87f9 | b801 0000 | 4883 8030 | 0100 0001 

  0x000001b8804695a4: ;   {metadata(method data for {method} {0x000001b88f473b88} 'getJavaLangAccess' '()Ljdk/internal/access/JavaLangAccess;' in 'jdk/internal/access/SharedSecrets')}
  0x000001b8804695a4: 48b8 a0b2 | 23f9 b801 | 0000 8b88 | cc00 0000 | 83c1 0289 | 88cc 0000 | 0081 e1fe | ff1f 0085 
  0x000001b8804695c4: c90f 84ed 

  0x000001b8804695c8: ;   {oop(a 'java/lang/Class'{0x000000008124c7c8} = 'jdk/internal/access/SharedSecrets')}
  0x000001b8804695c8: 0500 0048 | b8c8 c724 | 8100 0000 | 008b 407c | 8b4e 1048 | 85c0 0f84 | 2a00 0000 

  0x000001b8804695e4: ;   {metadata('java/lang/System$2')}
  0x000001b8804695e4: 48be 6082 | 018f b801 | 0000 448b | 7008 49ba | 0000 008f | b801 0000 | 4d03 f249 | 3b76 380f 
  0x000001b880469604: 85d0 0500 | 00e9 0000 | 0000 4c8b | d848 3b00 

  0x000001b880469614: ;   {metadata(method data for {method} {0x000001b88f3e0578} 'lookupClassProtectionDomain' '()Ljava/security/ProtectionDomain;' in 'java/lang/invoke/MethodHandles$Lookup')}
  0x000001b880469614: 48be 5068 | 87f9 b801 

  0x000001b88046961c: ;   {metadata('java/lang/System$2')}
  0x000001b88046961c: 0000 49ba | 6082 018f | b801 0000 | 4c89 9650 | 0100 0048 | 8386 5801 

  0x000001b880469634: ;   {metadata(method data for {method} {0x000001b88f0192c8} 'protectionDomain' '(Ljava/lang/Class;)Ljava/security/ProtectionDomain;' in 'java/lang/System$2')}
  0x000001b880469634: 0000 0148 | be08 6a87 | f9b8 0100 | 008b 86cc | 0000 0083 | c002 8986 | cc00 0000 | 25fe ff1f 
  0x000001b880469654: 0085 c00f | 8486 0500 | 0048 3b01 

  0x000001b880469660: ;   {metadata(method data for {method} {0x000001b88f0192c8} 'protectionDomain' '(Ljava/lang/Class;)Ljava/security/ProtectionDomain;' in 'java/lang/System$2')}
  0x000001b880469660: 488b f148 | b808 6a87 | f9b8 0100 | 0048 8380 | 1001 0000 

  0x000001b880469674: ;   {metadata(method data for {method} {0x000001b88f467bb8} 'protectionDomain' '()Ljava/security/ProtectionDomain;' in 'java/lang/Class')}
  0x000001b880469674: 0148 be98 | 6b87 f9b8 | 0100 008b | 86cc 0000 | 0083 c002 | 8986 cc00 | 0000 25fe | ff1f 0085 
  0x000001b880469694: c00f 846e | 0500 0048 

  0x000001b88046969c: ;   {metadata(method data for {method} {0x000001b88f467bb8} 'protectionDomain' '()Ljava/security/ProtectionDomain;' in 'java/lang/Class')}
  0x000001b88046969c: 8bf1 48b8 | 986b 87f9 | b801 0000 | 4883 8010 | 0100 0001 | 488b d10f 

  0x000001b8804696b4: ;   {optimized virtual_call}
  0x000001b8804696b4: 1f40 00e8 

  0x000001b8804696b8: ; ImmutableOopMap {[144]=Oop [152]=Oop [160]=Oop [168]=Oop [184]=Oop }
                      ;*invokevirtual getProtectionDomain0 {reexecute=0 rethrow=0 return_oop=0}
                      ; - java.lang.Class::protectionDomain@1
                      ; - java.lang.System$2::protectionDomain@1
                      ; - java.lang.invoke.MethodHandles$Lookup::lookupClassProtectionDomain@17
                      ; - java.lang.invoke.MethodHandles$Lookup$ClassDefiner::defineClass@23
  0x000001b8804696b8: 24d7 7d07 

  0x000001b8804696bc: ;   {other}
  0x000001b8804696bc: 0f1f 8400 | 2c06 0000 

  0x000001b8804696c4: ;   {metadata(method data for {method} {0x000001b88f467bb8} 'protectionDomain' '()Ljava/security/ProtectionDomain;' in 'java/lang/Class')}
  0x000001b8804696c4: 4885 c049 | b898 6b87 | f9b8 0100 | 0049 c7c1 | 4801 0000 | 7507 49c7 | c158 0100 | 004b 8b3c 
  0x000001b8804696e4: 0848 8d7f | 014b 893c | 080f 8521 | 0000 000f | 1f44 0000 

  0x000001b8804696f8: ;   {no_reloc}
  0x000001b8804696f8: e9a5 0500 | 0000 0000 | 0000 660f | 1f44 0000 

  0x000001b880469708: ; implicit exception: dispatches to 0x000001b880469cac
  0x000001b880469708: e9b0 0500 | 0090 90e9 | 0300 0000 | 4c8b c048 | 8bb4 2490 | 0000 0045 | 0fbe 4f40 | 4585 c90f 
  0x000001b880469728: 859a 0500 | 004d 8bd0 | 4489 5618 | f083 4424 | c000 4c8b | ce4d 33c8 | 49c1 e914 | 4983 f900 
  0x000001b880469748: 0f85 9505 | 0000 498b 

  0x000001b880469750: ;   {metadata(method data for {method} {0x000001b88f1eae68} 'defineClass' '(ZLjava/lang/Object;)Ljava/lang/Class;' in 'java/lang/invoke/MethodHandles$Lookup$ClassDefiner')}
  0x000001b880469750: c049 b818 | 6287 f9b8 | 0100 0041 | ff80 d801 | 0000 e912 | 0000 0048 | 899c 24a0 

  0x000001b88046976c: ;   {oop(nullptr)}
  0x000001b88046976c: 0000 0048 | b800 0000 | 0000 0000 | 0048 8b9c | 24a0 0000 | 0048 8bbc | 24a8 0000 | 0048 8b94 
  0x000001b88046978c: 2498 0000 

  0x000001b880469790: ;   {metadata(method data for {method} {0x000001b88f1eae68} 'defineClass' '(ZLjava/lang/Object;)Ljava/lang/Class;' in 'java/lang/invoke/MethodHandles$Lookup$ClassDefiner')}
  0x000001b880469790: 0049 b818 | 6287 f9b8 | 0100 0049 | 8380 f001 

  0x000001b8804697a0: ;   {metadata(method data for {method} {0x000001b88f473b88} 'getJavaLangAccess' '()Ljdk/internal/access/JavaLangAccess;' in 'jdk/internal/access/SharedSecrets')}
  0x000001b8804697a0: 0000 0149 | b8a0 b223 | f9b8 0100 | 0045 8b88 | cc00 0000 | 4183 c102 | 4589 88cc | 0000 0041 
  0x000001b8804697c0: 81e1 feff | 1f00 4585 | c90f 842c 

  0x000001b8804697cc: ;   {oop(a 'java/lang/Class'{0x000000008124c7c8} = 'jdk/internal/access/SharedSecrets')}
  0x000001b8804697cc: 0500 0049 | b8c8 c724 | 8100 0000 | 0045 8b70 | 7c8b 7214 | 8b4a 1844 | 8b4a 0c4d | 85f6 0f84 
  0x000001b8804697ec: 2a00 0000 

  0x000001b8804697f0: ;   {metadata('java/lang/System$2')}
  0x000001b8804697f0: 49bb 6082 | 018f b801 | 0000 458b | 6e08 49ba | 0000 008f | b801 0000 | 4d03 ea4d | 3b5d 380f 
  0x000001b880469810: 8507 0500 | 00e9 0000 | 0000 4d8b | c649 3b06 

  0x000001b880469820: ;   {metadata(method data for {method} {0x000001b88f1eae68} 'defineClass' '(ZLjava/lang/Object;)Ljava/lang/Class;' in 'java/lang/invoke/MethodHandles$Lookup$ClassDefiner')}
  0x000001b880469820: 4d8b c648 | ba18 6287 | f9b8 0100 

  0x000001b88046982c: ;   {metadata('java/lang/System$2')}
  0x000001b88046982c: 0049 ba60 | 8201 8fb8 | 0100 004c | 8992 1002 | 0000 4883 | 8218 0200 | 0001 4c8b | c349 8bd1 
  0x000001b88046984c: 4c8b cf48 | 8bfe 488b | f148 8bc8 | 8b84 24b0 | 0000 0089 | 0424 8954 | 2408 488b | 9424 b800 
  0x000001b88046986c: 0000 4889 | 5424 1049 

  0x000001b880469874: ;   {optimized virtual_call}
  0x000001b880469874: 8bd6 90e8 

  0x000001b880469878: ; ImmutableOopMap {[152]=Oop [168]=Oop }
                      ;*invokeinterface defineClass {reexecute=0 rethrow=0 return_oop=0}
                      ; - java.lang.invoke.MethodHandles$Lookup$ClassDefiner::defineClass@57
  0x000001b880469878: 640c 0000 

  0x000001b88046987c: ;   {other}
  0x000001b88046987c: 0f1f 8400 | ec07 0001 

  0x000001b880469884: ;   {metadata(method data for {method} {0x000001b88f1eae68} 'defineClass' '(ZLjava/lang/Object;)Ljava/lang/Class;' in 'java/lang/invoke/MethodHandles$Lookup$ClassDefiner')}
  0x000001b880469884: 49b8 1862 | 87f9 b801 | 0000 41ff | 8038 0200 | 0048 8b94 | 2498 0000 | 008b 721c 

  0x000001b8804698a0: ; implicit exception: dispatches to 0x000001b880469d26
  0x000001b8804698a0: 483b 064c 

  0x000001b8804698a4: ;   {metadata(method data for {method} {0x000001b88f1eae68} 'defineClass' '(ZLjava/lang/Object;)Ljava/lang/Class;' in 'java/lang/invoke/MethodHandles$Lookup$ClassDefiner')}
  0x000001b8804698a4: 8bc6 49b9 | 1862 87f9 | b801 0000 | 4983 8150 | 0300 0001 | 440f be46 | 0c41 83e0 | 0145 85c0 
  0x000001b8804698c4: ;   {metadata(method data for {method} {0x000001b88f1eae68} 'defineClass' '(ZLjava/lang/Object;)Ljava/lang/Class;' in 'java/lang/invoke/MethodHandles$Lookup$ClassDefiner')}
  0x000001b8804698c4: 49b8 1862 | 87f9 b801 | 0000 49c7 | c188 0300 | 0074 0749 | c7c1 9803 | 0000 4b8b | 3c08 488d 
  0x000001b8804698e4: 7f01 4b89 | 3c08 0f84 | c401 0000 

  0x000001b8804698f0: ;   {metadata(method data for {method} {0x000001b88f1eae68} 'defineClass' '(ZLjava/lang/Object;)Ljava/lang/Class;' in 'java/lang/invoke/MethodHandles$Lookup$ClassDefiner')}
  0x000001b8804698f0: 4c8b c249 | b918 6287 | f9b8 0100 

  0x000001b8804698fc: ;   {metadata('java/lang/invoke/MethodHandles$Lookup$ClassDefiner')}
  0x000001b8804698fc: 0049 ba28 | ac1e 8fb8 | 0100 004d | 8991 b803 | 0000 4983 | 81c0 0300 | 0001 8b7a | 1448 85c0 
  0x000001b88046991c: ;   {metadata(method data for {method} {0x000001b88f1eae68} 'defineClass' '(ZLjava/lang/Object;)Ljava/lang/Class;' in 'java/lang/invoke/MethodHandles$Lookup$ClassDefiner')}
  0x000001b88046991c: 49b8 1862 | 87f9 b801 | 0000 49c7 | c1e0 0300 | 0074 0749 | c7c1 f003 | 0000 4b8b | 1c08 488d 
  0x000001b88046993c: 5b01 4b89 | 1c08 0f84 | 2b01 0000 | e9bd 0000 | 0048 8b94 | 2498 0000 | 0049 8b87 | 0005 0000 
  0x000001b88046995c: 4d33 d24d | 8997 0005 | 0000 4d33 | d24d 8997 | 0805 0000 | 8b72 1c48 | 3b06 4c8b 

  0x000001b880469978: ;   {metadata(method data for {method} {0x000001b88f1eae68} 'defineClass' '(ZLjava/lang/Object;)Ljava/lang/Class;' in 'java/lang/invoke/MethodHandles$Lookup$ClassDefiner')}
  0x000001b880469978: c649 b918 | 6287 f9b8 | 0100 0049 | 8381 8804 | 0000 0144 | 0fbe 460c | 4183 e001 

  0x000001b880469994: ;   {metadata(method data for {method} {0x000001b88f1eae68} 'defineClass' '(ZLjava/lang/Object;)Ljava/lang/Class;' in 'java/lang/invoke/MethodHandles$Lookup$ClassDefiner')}
  0x000001b880469994: 4585 c049 | b818 6287 | f9b8 0100 | 0049 c7c1 | c004 0000 | 7407 49c7 | c1d0 0400 | 004b 8b3c 
  0x000001b8804699b4: 0848 8d7f | 014b 893c | 080f 8441 | 0100 004c 

  0x000001b8804699c4: ;   {metadata(method data for {method} {0x000001b88f1eae68} 'defineClass' '(ZLjava/lang/Object;)Ljava/lang/Class;' in 'java/lang/invoke/MethodHandles$Lookup$ClassDefiner')}
  0x000001b8804699c4: 8bc2 49b9 | 1862 87f9 | b801 0000 

  0x000001b8804699d0: ;   {metadata('java/lang/invoke/MethodHandles$Lookup$ClassDefiner')}
  0x000001b8804699d0: 49ba 28ac | 1e8f b801 | 0000 4d89 | 91f0 0400 | 0049 8381 | f804 0000 | 018b 7a14 

  0x000001b8804699ec: ;   {metadata(method data for {method} {0x000001b88f1eae68} 'defineClass' '(ZLjava/lang/Object;)Ljava/lang/Class;' in 'java/lang/invoke/MethodHandles$Lookup$ClassDefiner')}
  0x000001b8804699ec: 49b8 1862 | 87f9 b801 | 0000 41ff | 8018 0500 | 0048 8984 | 24c8 0000 | 00e9 c000 | 0000 8b52 
  0x000001b880469a0c: 184c 8bc6 

  0x000001b880469a10: ;   {metadata(method data for {method} {0x000001b88f1eae68} 'defineClass' '(ZLjava/lang/Object;)Ljava/lang/Class;' in 'java/lang/invoke/MethodHandles$Lookup$ClassDefiner')}
  0x000001b880469a10: 49b9 1862 | 87f9 b801 | 0000 4983 | 8100 0400 | 0001 4c8b | c74c 8bc8 | 488b fa48 | 8bd6 4889 
  0x000001b880469a30: 8424 c000 

  0x000001b880469a34: ;   {optimized virtual_call}
  0x000001b880469a34: 0000 90e8 

  0x000001b880469a38: ; ImmutableOopMap {[192]=Oop }
                      ;*invokevirtual dumpClass {reexecute=0 rethrow=0 return_oop=0}
                      ; - java.lang.invoke.MethodHandles$Lookup$ClassDefiner::defineClass@134
  0x000001b880469a38: 4450 1107 

  0x000001b880469a3c: ;   {other}
  0x000001b880469a3c: 0f1f 8400 | ac09 0002 

  0x000001b880469a44: ;   {metadata(method data for {method} {0x000001b88f1eae68} 'defineClass' '(ZLjava/lang/Object;)Ljava/lang/Class;' in 'java/lang/invoke/MethodHandles$Lookup$ClassDefiner')}
  0x000001b880469a44: 49b8 1862 | 87f9 b801 | 0000 41ff | 8038 0400 | 0048 8b84 | 24c0 0000 | 0048 81c4 | e000 0000 
  0x000001b880469a64: ;   {poll_return}
  0x000001b880469a64: 5d49 3ba7 | 5004 0000 | 0f87 be02 | 0000 c348 | 8984 24c0 | 0000 0044 | 8b4a 184c 

  0x000001b880469a80: ;   {metadata(method data for {method} {0x000001b88f1eae68} 'defineClass' '(ZLjava/lang/Object;)Ljava/lang/Class;' in 'java/lang/invoke/MethodHandles$Lookup$ClassDefiner')}
  0x000001b880469a80: 8bc6 48ba | 1862 87f9 | b801 0000 | 4883 8250 | 0400 0001 | 4c8b c748 | 8bd6 0f1f 

  0x000001b880469a9c: ;   {optimized virtual_call}
  0x000001b880469a9c: 4400 00e8 

  0x000001b880469aa0: ; ImmutableOopMap {[192]=Oop }
                      ;*invokevirtual dumpFailedClass {reexecute=0 rethrow=0 return_oop=0}
                      ; - java.lang.invoke.MethodHandles$Lookup$ClassDefiner::defineClass@150
  0x000001b880469aa0: dc4f 1107 

  0x000001b880469aa4: ;   {other}
  0x000001b880469aa4: 0f1f 8400 | 140a 0003 | 488b 8424 | c000 0000 | 4881 c4e0 | 0000 005d 

  0x000001b880469abc: ;   {poll_return}
  0x000001b880469abc: 493b a750 | 0400 000f | 877d 0200 | 00c3 448b | 4a18 4c8b 

  0x000001b880469ad0: ;   {metadata(method data for {method} {0x000001b88f1eae68} 'defineClass' '(ZLjava/lang/Object;)Ljava/lang/Class;' in 'java/lang/invoke/MethodHandles$Lookup$ClassDefiner')}
  0x000001b880469ad0: c648 ba18 | 6287 f9b8 | 0100 0048 | 8382 8805 | 0000 014c | 8bc7 488b | d666 0f1f 

  0x000001b880469aec: ;   {optimized virtual_call}
  0x000001b880469aec: 4400 00e8 

  0x000001b880469af0: ; ImmutableOopMap {[200]=Oop }
                      ;*invokevirtual dumpFailedClass {reexecute=0 rethrow=0 return_oop=0}
                      ; - java.lang.invoke.MethodHandles$Lookup$ClassDefiner::defineClass@207
  0x000001b880469af0: 8c4f 1107 

  0x000001b880469af4: ;   {other}
  0x000001b880469af4: 0f1f 8400 | 640a 0004 | 488b 8424 | c800 0000 | e970 0200 

  0x000001b880469b08: ;   {metadata({method} {0x000001b88f1eae68} 'defineClass' '(ZLjava/lang/Object;)Ljava/lang/Class;' in 'java/lang/invoke/MethodHandles$Lookup$ClassDefiner')}
  0x000001b880469b08: 0049 ba60 | ae1e 8fb8 | 0100 004c | 8954 2408 | 48c7 0424 | ffff ffff 

  0x000001b880469b20: ;   {runtime_call counter_overflow Runtime1 stub}
  0x000001b880469b20: e8db d21d 

  0x000001b880469b24: ; ImmutableOopMap {rdx=Oop r9=Oop [152]=Oop [184]=Oop }
                      ;*synchronization entry
                      ; - java.lang.invoke.MethodHandles$Lookup$ClassDefiner::defineClass@-1
  0x000001b880469b24: 07e9 74f8 

  0x000001b880469b28: ;   {runtime_call throw_null_pointer_exception Runtime1 stub}
  0x000001b880469b28: ffff e8d1 

  0x000001b880469b2c: ; ImmutableOopMap {rdx=Oop r9=Oop rsi=Oop [144]=Oop [152]=Oop [184]=Oop }
                      ;*invokevirtual lookupClass {reexecute=0 rethrow=0 return_oop=0}
                      ; - java.lang.invoke.MethodHandles$Lookup$ClassDefiner::defineClass@4
                      ;   {runtime_call throw_null_pointer_exception Runtime1 stub}
  0x000001b880469b2c: 811d 07e8 

  0x000001b880469b30: ; ImmutableOopMap {rdx=Oop r9=Oop rsi=Oop rdi=Oop [144]=Oop [152]=Oop [168]=Oop [184]=Oop }
                      ;*invokevirtual getClassLoader {reexecute=0 rethrow=0 return_oop=0}
                      ; - java.lang.invoke.MethodHandles$Lookup$ClassDefiner::defineClass@9
  0x000001b880469b30: cc81 1d07 

  0x000001b880469b34: ;   {metadata({method} {0x000001b88f468e60} 'getClassLoader' '()Ljava/lang/ClassLoader;' in 'java/lang/Class')}
  0x000001b880469b34: 49ba 588e | 468f b801 | 0000 4c89 | 5424 0848 | c704 24ff 

  0x000001b880469b48: ;   {runtime_call counter_overflow Runtime1 stub}
  0x000001b880469b48: ffff ffe8 

  0x000001b880469b4c: ; ImmutableOopMap {rdx=Oop r9=Oop rsi=Oop rdi=Oop [144]=Oop [152]=Oop [168]=Oop [184]=Oop }
                      ;*synchronization entry
                      ; - java.lang.Class::getClassLoader@-1
                      ; - java.lang.invoke.MethodHandles$Lookup$ClassDefiner::defineClass@9
  0x000001b880469b4c: b0d2 1d07 | e9b5 f8ff 

  0x000001b880469b54: ;   {metadata({method} {0x000001b88f01b1d0} 'getSecurityManager' '()Ljava/lang/SecurityManager;' in 'java/lang/System')}
  0x000001b880469b54: ff49 bac8 | b101 8fb8 | 0100 004c | 8954 2408 | 48c7 0424 | ffff ffff 

  0x000001b880469b6c: ;   {runtime_call counter_overflow Runtime1 stub}
  0x000001b880469b6c: e88f d21d 

  0x000001b880469b70: ; ImmutableOopMap {rdx=Oop r9=Oop rsi=Oop rdi=Oop rbx=Oop [144]=Oop [152]=Oop [168]=Oop [184]=Oop }
                      ;*synchronization entry
                      ; - java.lang.System::getSecurityManager@-1
                      ; - java.lang.Class::getClassLoader@11
                      ; - java.lang.invoke.MethodHandles$Lookup$ClassDefiner::defineClass@9
  0x000001b880469b70: 07e9 0ef9 

  0x000001b880469b74: ;   {metadata({method} {0x000001b88f01b2e8} 'allowSecurityManager' '()Z' in 'java/lang/System')}
  0x000001b880469b74: ffff 49ba | e0b2 018f | b801 0000 | 4c89 5424 | 0848 c704 | 24ff ffff 

  0x000001b880469b8c: ;   {runtime_call counter_overflow Runtime1 stub}
  0x000001b880469b8c: ffe8 6ed2 

  0x000001b880469b90: ; ImmutableOopMap {rdx=Oop r9=Oop rsi=Oop rdi=Oop rbx=Oop [144]=Oop [152]=Oop [168]=Oop [184]=Oop }
                      ;*synchronization entry
                      ; - java.lang.System::allowSecurityManager@-1
                      ; - java.lang.System::getSecurityManager@0
                      ; - java.lang.Class::getClassLoader@11
                      ; - java.lang.invoke.MethodHandles$Lookup$ClassDefiner::defineClass@9
  0x000001b880469b90: 1d07 e926 

  0x000001b880469b94: ;   {metadata({method} {0x000001b88f3e0578} 'lookupClassProtectionDomain' '()Ljava/security/ProtectionDomain;' in 'java/lang/invoke/MethodHandles$Lookup')}
  0x000001b880469b94: f9ff ff49 | ba70 053e | 8fb8 0100 | 004c 8954 | 2408 48c7 | 0424 ffff 

  0x000001b880469bac: ;   {runtime_call counter_overflow Runtime1 stub}
  0x000001b880469bac: ffff e84d 

  0x000001b880469bb0: ; ImmutableOopMap {rdx=Oop r9=Oop rsi=Oop rdi=Oop rbx=Oop [144]=Oop [152]=Oop [168]=Oop [184]=Oop }
                      ;*synchronization entry
                      ; - java.lang.invoke.MethodHandles$Lookup::lookupClassProtectionDomain@-1
                      ; - java.lang.invoke.MethodHandles$Lookup$ClassDefiner::defineClass@23
  0x000001b880469bb0: d21d 07e9 | a0f9 ffff 

  0x000001b880469bb8: ;   {metadata({method} {0x000001b88f473b88} 'getJavaLangAccess' '()Ljdk/internal/access/JavaLangAccess;' in 'jdk/internal/access/SharedSecrets')}
  0x000001b880469bb8: 49ba 803b | 478f b801 | 0000 4c89 | 5424 0848 | c704 24ff 

  0x000001b880469bcc: ;   {runtime_call counter_overflow Runtime1 stub}
  0x000001b880469bcc: ffff ffe8 

  0x000001b880469bd0: ; ImmutableOopMap {rsi=Oop [144]=Oop [152]=Oop [160]=Oop [168]=Oop [184]=Oop }
                      ;*synchronization entry
                      ; - jdk.internal.access.SharedSecrets::getJavaLangAccess@-1
                      ; - java.lang.invoke.MethodHandles$Lookup::lookupClassProtectionDomain@10
                      ; - java.lang.invoke.MethodHandles$Lookup$ClassDefiner::defineClass@23
  0x000001b880469bd0: 2cd2 1d07 | e9f2 f9ff 

  0x000001b880469bd8: ;   {runtime_call throw_incompatible_class_change_error Runtime1 stub}
  0x000001b880469bd8: ffe8 22a8 

  0x000001b880469bdc: ; ImmutableOopMap {rax=Oop rcx=Oop [144]=Oop [152]=Oop [160]=Oop [168]=Oop [184]=Oop }
                      ;*invokeinterface protectionDomain {reexecute=0 rethrow=0 return_oop=0}
                      ; - java.lang.invoke.MethodHandles$Lookup::lookupClassProtectionDomain@17
                      ; - java.lang.invoke.MethodHandles$Lookup$ClassDefiner::defineClass@23
                      ;   {runtime_call throw_null_pointer_exception Runtime1 stub}
  0x000001b880469bdc: 1d07 e81d 

  0x000001b880469be0: ; ImmutableOopMap {rax=Oop rcx=Oop [144]=Oop [152]=Oop [160]=Oop [168]=Oop [184]=Oop }
                      ;*invokeinterface protectionDomain {reexecute=0 rethrow=0 return_oop=0}
                      ; - java.lang.invoke.MethodHandles$Lookup::lookupClassProtectionDomain@17
                      ; - java.lang.invoke.MethodHandles$Lookup$ClassDefiner::defineClass@23
                      ;   {metadata({method} {0x000001b88f0192c8} 'protectionDomain' '(Ljava/lang/Class;)Ljava/security/ProtectionDomain;' in 'java/lang/System$2')}
  0x000001b880469be0: 811d 0749 | bac0 9201 | 8fb8 0100 | 004c 8954 | 2408 48c7 | 0424 ffff 

  0x000001b880469bf8: ;   {runtime_call counter_overflow Runtime1 stub}
  0x000001b880469bf8: ffff e801 

  0x000001b880469bfc: ; ImmutableOopMap {rcx=Oop [144]=Oop [152]=Oop [160]=Oop [168]=Oop [184]=Oop }
                      ;*synchronization entry
                      ; - java.lang.System$2::protectionDomain@-1
                      ; - java.lang.invoke.MethodHandles$Lookup::lookupClassProtectionDomain@17
                      ; - java.lang.invoke.MethodHandles$Lookup$ClassDefiner::defineClass@23
  0x000001b880469bfc: d21d 07e9 | 59fa ffff 

  0x000001b880469c04: ;   {runtime_call throw_null_pointer_exception Runtime1 stub}
  0x000001b880469c04: e8f7 801d 

  0x000001b880469c08: ; ImmutableOopMap {rcx=Oop [144]=Oop [152]=Oop [160]=Oop [168]=Oop [184]=Oop }
                      ;*invokevirtual protectionDomain {reexecute=0 rethrow=0 return_oop=0}
                      ; - java.lang.System$2::protectionDomain@1
                      ; - java.lang.invoke.MethodHandles$Lookup::lookupClassProtectionDomain@17
                      ; - java.lang.invoke.MethodHandles$Lookup$ClassDefiner::defineClass@23
                      ;   {metadata({method} {0x000001b88f467bb8} 'protectionDomain' '()Ljava/security/ProtectionDomain;' in 'java/lang/Class')}
  0x000001b880469c08: 0749 bab0 | 7b46 8fb8 | 0100 004c | 8954 2408 | 48c7 0424 | ffff ffff 

  0x000001b880469c20: ;   {runtime_call counter_overflow Runtime1 stub}
  0x000001b880469c20: e8db d11d 

  0x000001b880469c24: ; ImmutableOopMap {rcx=Oop [144]=Oop [152]=Oop [160]=Oop [168]=Oop [184]=Oop }
                      ;*synchronization entry
                      ; - java.lang.Class::protectionDomain@-1
                      ; - java.lang.System$2::protectionDomain@1
                      ; - java.lang.invoke.MethodHandles$Lookup::lookupClassProtectionDomain@17
                      ; - java.lang.invoke.MethodHandles$Lookup$ClassDefiner::defineClass@23
  0x000001b880469c24: 07e9 71fa 

  0x000001b880469c28: ;   {oop(nullptr)}
  0x000001b880469c28: ffff 49b8 | 0000 0000 | 0000 0000 | 5053 498b | 5810 5756 | 5251 4150 | 4151 4152 | 4153 4883 
  0x000001b880469c48: ec20 40f6 | c40f 0f84 | 1900 0000 | 4883 ec08 

  0x000001b880469c58: ;   {runtime_call}
  0x000001b880469c58: 48b8 a0a0 | 00d3 f87f | 0000 ffd0 | 4883 c408 | e90c 0000 

  0x000001b880469c6c: ;   {runtime_call}
  0x000001b880469c6c: 0048 b8a0 | a000 d3f8 | 7f00 00ff | d048 83c4 | 2041 5b41 | 5a41 5941 | 5859 5a5e | 5f48 3b83 
  0x000001b880469c8c: 3801 0000 | 5b58 0f85 | 0a00 0000 | e965 faff | ffb8 0078 

  0x000001b880469ca0: ;   {runtime_call load_mirror_patching Runtime1 stub}
  0x000001b880469ca0: 6e0a e859 

  0x000001b880469ca4: ; ImmutableOopMap {[144]=Oop [152]=Oop [160]=Oop [168]=Oop [184]=Oop }
                      ;*getstatic allPermDomain {reexecute=1 rethrow=0 return_oop=0}
                      ; - (reexecute) java.lang.Class::protectionDomain@9
                      ; - java.lang.System$2::protectionDomain@1
                      ; - java.lang.invoke.MethodHandles$Lookup::lookupClassProtectionDomain@17
                      ; - java.lang.invoke.MethodHandles$Lookup$ClassDefiner::defineClass@23
  0x000001b880469ca4: c51d 07e9 | 4cfa ffff 

  0x000001b880469cac: ;   {runtime_call throw_null_pointer_exception Runtime1 stub}
  0x000001b880469cac: e84f 801d 

  0x000001b880469cb0: ; ImmutableOopMap {r8=Oop [144]=Oop [152]=Oop [160]=Oop [168]=Oop [184]=Oop }
                      ;*getstatic allPermDomain {reexecute=1 rethrow=0 return_oop=0}
                      ; - (reexecute) java.lang.Class::protectionDomain@9
                      ; - java.lang.System$2::protectionDomain@1
                      ; - java.lang.invoke.MethodHandles$Lookup::lookupClassProtectionDomain@17
                      ; - java.lang.invoke.MethodHandles$Lookup$ClassDefiner::defineClass@23
  0x000001b880469cb0: 0745 8b80 | 0000 0000 | b800 0c05 

  0x000001b880469cbc: ;   {runtime_call access_field_patching Runtime1 stub}
  0x000001b880469cbc: 07e8 3ebc 

  0x000001b880469cc0: ; ImmutableOopMap {r8=Oop [144]=Oop [152]=Oop [160]=Oop [168]=Oop [184]=Oop }
                      ;*getstatic allPermDomain {reexecute=1 rethrow=0 return_oop=0}
                      ; - (reexecute) java.lang.Class::protectionDomain@9
                      ; - java.lang.System$2::protectionDomain@1
                      ; - java.lang.invoke.MethodHandles$Lookup::lookupClassProtectionDomain@17
                      ; - java.lang.invoke.MethodHandles$Lookup$ClassDefiner::defineClass@23
  0x000001b880469cc0: 1d07 e941 | faff ff44 | 8b4e 1849 | 83f9 000f | 8458 faff | ff4c 890c 

  0x000001b880469cd8: ;   {runtime_call g1_pre_barrier_slow}
  0x000001b880469cd8: 24e8 22d7 | 1d07 e94a | faff ff49 | 83f8 000f | 8461 faff | ff48 8934 

  0x000001b880469cf0: ;   {runtime_call g1_post_barrier_slow}
  0x000001b880469cf0: 24e8 0ada | 1d07 e953 

  0x000001b880469cf8: ;   {metadata({method} {0x000001b88f473b88} 'getJavaLangAccess' '()Ljdk/internal/access/JavaLangAccess;' in 'jdk/internal/access/SharedSecrets')}
  0x000001b880469cf8: faff ff49 | ba80 3b47 | 8fb8 0100 | 004c 8954 | 2408 48c7 | 0424 ffff 

  0x000001b880469d10: ;   {runtime_call counter_overflow Runtime1 stub}
  0x000001b880469d10: ffff e8e9 

  0x000001b880469d14: ; ImmutableOopMap {rax=Oop rdi=Oop rbx=Oop rdx=Oop [152]=Oop [168]=Oop [184]=Oop }
                      ;*synchronization entry
                      ; - jdk.internal.access.SharedSecrets::getJavaLangAccess@-1
                      ; - java.lang.invoke.MethodHandles$Lookup$ClassDefiner::defineClass@35
  0x000001b880469d14: d01d 07e9 | b3fa ffff 

  0x000001b880469d1c: ;   {runtime_call throw_incompatible_class_change_error Runtime1 stub}
  0x000001b880469d1c: e8df a61d 

  0x000001b880469d20: ; ImmutableOopMap {rax=Oop rdi=Oop rbx=Oop r14=Oop rsi=Oop rcx=Oop [152]=Oop [168]=Oop [184]=Oop }
                      ;*invokeinterface defineClass {reexecute=0 rethrow=0 return_oop=0}
                      ; - java.lang.invoke.MethodHandles$Lookup$ClassDefiner::defineClass@57
                      ;   {runtime_call throw_null_pointer_exception Runtime1 stub}
  0x000001b880469d20: 07e8 da7f 

  0x000001b880469d24: ; ImmutableOopMap {rax=Oop rdi=Oop rbx=Oop r14=Oop rsi=Oop rcx=Oop [152]=Oop [168]=Oop [184]=Oop }
                      ;*invokeinterface defineClass {reexecute=0 rethrow=0 return_oop=0}
                      ; - java.lang.invoke.MethodHandles$Lookup$ClassDefiner::defineClass@57
                      ;   {runtime_call throw_null_pointer_exception Runtime1 stub}
  0x000001b880469d24: 1d07 e8d5 

  0x000001b880469d28: ; ImmutableOopMap {rax=Oop rdx=Oop rsi=Oop [152]=Oop }
                      ;*invokevirtual isEnabled {reexecute=0 rethrow=0 return_oop=0}
                      ; - java.lang.invoke.MethodHandles$Lookup$ClassDefiner::defineClass@105
                      ;   {runtime_call throw_null_pointer_exception Runtime1 stub}
  0x000001b880469d28: 7f1d 07e8 

  0x000001b880469d2c: ; ImmutableOopMap {rdx=Oop rax=Oop rsi=Oop [152]=Oop }
                      ;*invokevirtual isEnabled {reexecute=0 rethrow=0 return_oop=0}
                      ; - java.lang.invoke.MethodHandles$Lookup$ClassDefiner::defineClass@162
  0x000001b880469d2c: d07f 1d07 

  0x000001b880469d30: ;   {internal_word}
  0x000001b880469d30: 49ba 659a | 4680 b801 | 0000 4d89 | 9768 0400 

  0x000001b880469d40: ;   {runtime_call SafepointBlob}
  0x000001b880469d40: 00e9 3ab7 

  0x000001b880469d44: ;   {internal_word}
  0x000001b880469d44: 1107 49ba | bc9a 4680 | b801 0000 | 4d89 9768 

  0x000001b880469d54: ;   {runtime_call SafepointBlob}
  0x000001b880469d54: 0400 00e9 | 24b7 1107 | 498b 8700 | 0500 0049 | c787 0005 | 0000 0000 | 0000 49c7 | 8708 0500 
  0x000001b880469d74: 0000 0000 | 0048 81c4 | e000 0000 

  0x000001b880469d80: ;   {runtime_call unwind_exception Runtime1 stub}
  0x000001b880469d80: 5de9 7a70 | 1d07 f4f4 
[Stub Code]
  0x000001b880469d88: ;   {no_reloc}
  0x000001b880469d88: 0f1f 4400 

  0x000001b880469d8c: ;   {static_stub}
  0x000001b880469d8c: 0048 bb00 | 0000 0000 

  0x000001b880469d94: ;   {runtime_call nmethod}
  0x000001b880469d94: 0000 00e9 | fbff ffff 

  0x000001b880469d9c: ;   {static_stub}
  0x000001b880469d9c: 48bb 487b | 468f b801 

  0x000001b880469da4: ;   {runtime_call I2C/C2I adapters}
  0x000001b880469da4: 0000 e9b8 

  0x000001b880469da8: ;   {static_stub}
  0x000001b880469da8: 9611 0748 | bb00 0000 | 0000 0000 

  0x000001b880469db4: ;   {runtime_call nmethod}
  0x000001b880469db4: 00e9 fbff 

  0x000001b880469db8: ;   {static_stub}
  0x000001b880469db8: ffff 48bb | 0000 0000 | 0000 0000 

  0x000001b880469dc4: ;   {runtime_call nmethod}
  0x000001b880469dc4: e9fb ffff 

  0x000001b880469dc8: ;   {runtime_call handle_exception_from_callee Runtime1 stub}
  0x000001b880469dc8: ffe8 329d 

  0x000001b880469dcc: ;   {external_word}
  0x000001b880469dcc: 1d07 48b9 | 5063 a0d3 | f87f 0000 | 4883 e4f0 

  0x000001b880469ddc: ;   {runtime_call}
  0x000001b880469ddc: 48b8 c0c9 | 62d3 f87f | 0000 ffd0 

  0x000001b880469de8: ;   {section_word}
  0x000001b880469de8: f449 bae9 | 9d46 80b8 | 0100 0041 

  0x000001b880469df4: ;   {runtime_call DeoptimizationBlob}
  0x000001b880469df4: 52e9 26a9 | 1107 f4f4 | f4f4 f4f4 
[/MachCode]


---------------  P R O C E S S  ---------------

Threads class SMR info:
_java_thread_list=0x000001b8feafe250, length=49, elements={
0x000001b8ed046440, 0x000001b8f7c70960, 0x000001b8f7c71f30, 0x000001b8f7c75510,
0x000001b8f7c75f70, 0x000001b8f7c769d0, 0x000001b8f7c77430, 0x000001b8f7c781c0,
0x000001b8f7ce9910, 0x000001b8f7e6be80, 0x000001b8f7f385b0, 0x000001b8f7ea7020,
0x000001b8fd30bfd0, 0x000001b8f7ed67f0, 0x000001b8f81cf110, 0x000001b8f81cf780,
0x000001b8f7e2a690, 0x000001b8f8301900, 0x000001b8f8300550, 0x000001b8f8301f90,
0x000001b8f8303340, 0x000001b8f8300be0, 0x000001b8f8302620, 0x000001b8f8302cb0,
0x000001b8f83039d0, 0x000001b8fe06b950, 0x000001b8fe068b60, 0x000001b8fe0691f0,
0x000001b8fe06d390, 0x000001b8fe06bfe0, 0x000001b8fe06a5a0, 0x000001b8fe06ac30,
0x000001b8fe069f10, 0x000001b8fe06c670, 0x000001b8fe06faf0, 0x000001b8fe070180,
0x000001b8fe06da20, 0x000001b8aa685070, 0x000001b8aa684350, 0x000001b8aa685700,
0x000001b8aa685d90, 0x000001b8aa6849e0, 0x000001b8aa686420, 0x000001b8aa686ab0,
0x000001b8aa687140, 0x000001b8aa6877d0, 0x000001b8aa7aedc0, 0x000001b8aa7b28d0,
0x000001b8aa7b0170
}

Java Threads: ( => current thread )
  0x000001b8ed046440 JavaThread "main"                              [_thread_blocked, id=16096, stack(0x00000059abf00000,0x00000059ac000000) (1024K)]
  0x000001b8f7c70960 JavaThread "Reference Handler"          daemon [_thread_blocked, id=13652, stack(0x00000059ac800000,0x00000059ac900000) (1024K)]
  0x000001b8f7c71f30 JavaThread "Finalizer"                  daemon [_thread_blocked, id=14516, stack(0x00000059ac900000,0x00000059aca00000) (1024K)]
  0x000001b8f7c75510 JavaThread "Signal Dispatcher"          daemon [_thread_blocked, id=15004, stack(0x00000059aca00000,0x00000059acb00000) (1024K)]
  0x000001b8f7c75f70 JavaThread "Attach Listener"            daemon [_thread_blocked, id=21288, stack(0x00000059acb00000,0x00000059acc00000) (1024K)]
  0x000001b8f7c769d0 JavaThread "Service Thread"             daemon [_thread_blocked, id=10172, stack(0x00000059acc00000,0x00000059acd00000) (1024K)]
  0x000001b8f7c77430 JavaThread "Monitor Deflation Thread"   daemon [_thread_blocked, id=20208, stack(0x00000059acd00000,0x00000059ace00000) (1024K)]
  0x000001b8f7c781c0 JavaThread "C2 CompilerThread0"         daemon [_thread_blocked, id=15628, stack(0x00000059ace00000,0x00000059acf00000) (1024K)]
  0x000001b8f7ce9910 JavaThread "C1 CompilerThread0"         daemon [_thread_blocked, id=8768, stack(0x00000059acf00000,0x00000059ad000000) (1024K)]
  0x000001b8f7e6be80 JavaThread "Common-Cleaner"             daemon [_thread_blocked, id=15500, stack(0x00000059ad000000,0x00000059ad100000) (1024K)]
  0x000001b8f7f385b0 JavaThread "Notification Thread"        daemon [_thread_blocked, id=6296, stack(0x00000059ad100000,0x00000059ad200000) (1024K)]
  0x000001b8f7ea7020 JavaThread "Daemon health stats"               [_thread_blocked, id=18856, stack(0x00000059ad700000,0x00000059ad800000) (1024K)]
  0x000001b8fd30bfd0 JavaThread "Incoming local TCP Connector on port 52521"        [_thread_in_native, id=14812, stack(0x00000059ad800000,0x00000059ad900000) (1024K)]
  0x000001b8f7ed67f0 JavaThread "Daemon periodic checks"            [_thread_blocked, id=18916, stack(0x00000059ad900000,0x00000059ada00000) (1024K)]
  0x000001b8f81cf110 JavaThread "Daemon"                            [_thread_blocked, id=22260, stack(0x00000059adb00000,0x00000059adc00000) (1024K)]
  0x000001b8f81cf780 JavaThread "Handler for socket connection from /127.0.0.1:52521 to /127.0.0.1:52530"        [_thread_in_native, id=15920, stack(0x00000059adc00000,0x00000059add00000) (1024K)]
  0x000001b8f7e2a690 JavaThread "Cancel handler"                    [_thread_blocked, id=22608, stack(0x00000059ada00000,0x00000059adb00000) (1024K)]
=>0x000001b8f8301900 JavaThread "Daemon worker"                     [_thread_in_vm, id=13856, stack(0x00000059add00000,0x00000059ade00000) (1024K)]
  0x000001b8f8300550 JavaThread "Asynchronous log dispatcher for DefaultDaemonConnection: socket connection from /127.0.0.1:52521 to /127.0.0.1:52530"        [_thread_blocked, id=15084, stack(0x00000059ade00000,0x00000059adf00000) (1024K)]
  0x000001b8f8301f90 JavaThread "Stdin handler"                     [_thread_blocked, id=12132, stack(0x00000059adf00000,0x00000059ae000000) (1024K)]
  0x000001b8f8303340 JavaThread "Daemon client event forwarder"        [_thread_blocked, id=19120, stack(0x00000059ae000000,0x00000059ae100000) (1024K)]
  0x000001b8f8300be0 JavaThread "Cache worker for journal cache (D:\gradle_cache\caches\journal-1)"        [_thread_blocked, id=9844, stack(0x00000059ae100000,0x00000059ae200000) (1024K)]
  0x000001b8f8302620 JavaThread "File lock request listener"        [_thread_in_native, id=14456, stack(0x00000059ae200000,0x00000059ae300000) (1024K)]
  0x000001b8f8302cb0 JavaThread "Cache worker for file hash cache (D:\gradle_cache\caches\8.7\fileHashes)"        [_thread_blocked, id=9444, stack(0x00000059ae300000,0x00000059ae400000) (1024K)]
  0x000001b8f83039d0 JavaThread "File lock release action executor"        [_thread_blocked, id=20756, stack(0x00000059ae400000,0x00000059ae500000) (1024K)]
  0x000001b8fe06b950 JavaThread "Cache worker for file hash cache (D:\trackboxstudent\android\.gradle\8.7\fileHashes)"        [_thread_blocked, id=23232, stack(0x00000059ae600000,0x00000059ae700000) (1024K)]
  0x000001b8fe068b60 JavaThread "File watcher server"        daemon [_thread_in_native, id=16336, stack(0x00000059ae500000,0x00000059ae600000) (1024K)]
  0x000001b8fe0691f0 JavaThread "File watcher consumer"      daemon [_thread_blocked, id=22140, stack(0x00000059aea00000,0x00000059aeb00000) (1024K)]
  0x000001b8fe06d390 JavaThread "Cache worker for checksums cache (D:\trackboxstudent\android\.gradle\8.7\checksums)"        [_thread_blocked, id=20536, stack(0x00000059aeb00000,0x00000059aec00000) (1024K)]
  0x000001b8fe06bfe0 JavaThread "Cache worker for cache directory md-supplier (D:\gradle_cache\caches\8.7\md-supplier)"        [_thread_blocked, id=15124, stack(0x00000059aec00000,0x00000059aed00000) (1024K)]
  0x000001b8fe06a5a0 JavaThread "Cache worker for cache directory md-rule (D:\gradle_cache\caches\8.7\md-rule)"        [_thread_blocked, id=17508, stack(0x00000059aed00000,0x00000059aee00000) (1024K)]
  0x000001b8fe06ac30 JavaThread "Cache worker for file content cache (D:\gradle_cache\caches\8.7\fileContent)"        [_thread_blocked, id=14096, stack(0x00000059aee00000,0x00000059aef00000) (1024K)]
  0x000001b8fe069f10 JavaThread "jar transforms"                    [_thread_blocked, id=22220, stack(0x00000059aef00000,0x00000059af000000) (1024K)]
  0x000001b8fe06c670 JavaThread "Cache worker for Build Output Cleanup Cache (D:\flutter\packages\flutter_tools\gradle\.gradle\buildOutputCleanup)"        [_thread_blocked, id=17152, stack(0x00000059af000000,0x00000059af100000) (1024K)]
  0x000001b8fe06faf0 JavaThread "Unconstrained build operations"        [_thread_blocked, id=17248, stack(0x00000059af100000,0x00000059af200000) (1024K)]
  0x000001b8fe070180 JavaThread "Unconstrained build operations Thread 2"        [_thread_blocked, id=10984, stack(0x00000059af200000,0x00000059af300000) (1024K)]
  0x000001b8fe06da20 JavaThread "Unconstrained build operations Thread 3"        [_thread_blocked, id=4728, stack(0x00000059af300000,0x00000059af400000) (1024K)]
  0x000001b8aa685070 JavaThread "Unconstrained build operations Thread 4"        [_thread_blocked, id=5144, stack(0x00000059af400000,0x00000059af500000) (1024K)]
  0x000001b8aa684350 JavaThread "Unconstrained build operations Thread 5"        [_thread_blocked, id=4332, stack(0x00000059af500000,0x00000059af600000) (1024K)]
  0x000001b8aa685700 JavaThread "Unconstrained build operations Thread 6"        [_thread_blocked, id=10276, stack(0x00000059af600000,0x00000059af700000) (1024K)]
  0x000001b8aa685d90 JavaThread "Unconstrained build operations Thread 7"        [_thread_blocked, id=16180, stack(0x00000059af700000,0x00000059af800000) (1024K)]
  0x000001b8aa6849e0 JavaThread "Unconstrained build operations Thread 8"        [_thread_blocked, id=16576, stack(0x00000059af800000,0x00000059af900000) (1024K)]
  0x000001b8aa686420 JavaThread "Unconstrained build operations Thread 9"        [_thread_blocked, id=14344, stack(0x00000059af900000,0x00000059afa00000) (1024K)]
  0x000001b8aa686ab0 JavaThread "Unconstrained build operations Thread 10"        [_thread_blocked, id=19296, stack(0x00000059afa00000,0x00000059afb00000) (1024K)]
  0x000001b8aa687140 JavaThread "Unconstrained build operations Thread 11"        [_thread_blocked, id=10388, stack(0x00000059afb00000,0x00000059afc00000) (1024K)]
  0x000001b8aa6877d0 JavaThread "Unconstrained build operations Thread 12"        [_thread_blocked, id=10500, stack(0x00000059afc00000,0x00000059afd00000) (1024K)]
  0x000001b8aa7aedc0 JavaThread "Unconstrained build operations Thread 13"        [_thread_blocked, id=19124, stack(0x00000059afd00000,0x00000059afe00000) (1024K)]
  0x000001b8aa7b28d0 JavaThread "Unconstrained build operations Thread 14"        [_thread_blocked, id=2868, stack(0x00000059afe00000,0x00000059aff00000) (1024K)]
  0x000001b8aa7b0170 JavaThread "Memory manager"                    [_thread_blocked, id=18248, stack(0x00000059aff00000,0x00000059b0000000) (1024K)]
Total: 49

Other Threads:
  0x000001b8f7c4c1d0 VMThread "VM Thread"                           [id=16960, stack(0x00000059ac700000,0x00000059ac800000) (1024K)]
  0x000001b8f7c3d440 WatcherThread "VM Periodic Task Thread"        [id=16136, stack(0x00000059ac600000,0x00000059ac700000) (1024K)]
  0x000001b8ed649570 WorkerThread "GC Thread#0"                     [id=16804, stack(0x00000059ac100000,0x00000059ac200000) (1024K)]
  0x000001b8f88262f0 WorkerThread "GC Thread#1"                     [id=18696, stack(0x00000059ad200000,0x00000059ad300000) (1024K)]
  0x000001b8f87e3140 WorkerThread "GC Thread#2"                     [id=7788, stack(0x00000059ad300000,0x00000059ad400000) (1024K)]
  0x000001b8f87e34f0 WorkerThread "GC Thread#3"                     [id=11360, stack(0x00000059ad400000,0x00000059ad500000) (1024K)]
  0x000001b8f7cc9ce0 WorkerThread "GC Thread#4"                     [id=13588, stack(0x00000059ad500000,0x00000059ad600000) (1024K)]
  0x000001b8f7cca090 WorkerThread "GC Thread#5"                     [id=16364, stack(0x00000059ad600000,0x00000059ad700000) (1024K)]
  0x000001b8fdf6e0d0 WorkerThread "GC Thread#6"                     [id=22292, stack(0x00000059ae700000,0x00000059ae800000) (1024K)]
  0x000001b8fdf6cab0 WorkerThread "GC Thread#7"                     [id=16152, stack(0x00000059ae800000,0x00000059ae900000) (1024K)]
  0x000001b8ed65a370 ConcurrentGCThread "G1 Main Marker"            [id=7404, stack(0x00000059ac200000,0x00000059ac300000) (1024K)]
  0x000001b8ed65ac90 WorkerThread "G1 Conc#0"                       [id=22796, stack(0x00000059ac300000,0x00000059ac400000) (1024K)]
  0x000001b8fec18430 WorkerThread "G1 Conc#1"                       [id=15232, stack(0x00000059ae900000,0x00000059aea00000) (1024K)]
  0x000001b8f7b0d700 ConcurrentGCThread "G1 Refine#0"               [id=3920, stack(0x00000059ac400000,0x00000059ac500000) (1024K)]
  0x000001b8f7b0ef40 ConcurrentGCThread "G1 Service"                [id=18196, stack(0x00000059ac500000,0x00000059ac600000) (1024K)]
Total: 15

Threads with active compile tasks:
Total: 0

VM state: not at safepoint (normal execution)

VM Mutex/Monitor currently owned by a thread:  ([mutex/lock_event])
[0x00007ff8d3cbd530] Metaspace_lock - owner thread: 0x000001b8f8301900

Heap address: 0x0000000080000000, size: 2048 MB, Compressed Oops mode: 32-bit

CDS archive(s) mapped at: [0x000001b88f000000-0x000001b88fba0000-0x000001b88fba0000), size 12189696, SharedBaseAddress: 0x000001b88f000000, ArchiveRelocationMode: 1.
Compressed class space mapped at: 0x000001b890000000-0x000001b8aa000000, reserved size: 436207616
Narrow klass base: 0x000001b88f000000, Narrow klass shift: 0, Narrow klass range: 0x100000000

GC Precious Log:
 CardTable entry size: 512
 Card Set container configuration: InlinePtr #cards 5 size 8 Array Of Cards #cards 12 size 40 Howl #buckets 4 coarsen threshold 1843 Howl Bitmap #cards 512 size 80 coarsen threshold 460 Card regions per heap region 1 cards per card region 2048
 CPUs: 8 total, 8 available
 Memory: 16165M
 Large Page Support: Disabled
 NUMA Support: Disabled
 Compressed Oops: Enabled (32-bit)
 Heap Region Size: 1M
 Heap Min Capacity: 8M
 Heap Initial Capacity: 254M
 Heap Max Capacity: 2G
 Pre-touch: Disabled
 Parallel Workers: 8
 Concurrent Workers: 2
 Concurrent Refinement Workers: 8
 Periodic GC: Disabled

Heap:
 garbage-first heap   total 99328K, used 56947K [0x0000000080000000, 0x0000000100000000)
  region size 1024K, 23 young (23552K), 6 survivors (6144K)
 Metaspace       used 50695K, committed 52480K, reserved 491520K
  class space    used 7486K, committed 8384K, reserved 425984K

Heap Regions: E=young(eden), S=young(survivor), O=old, HS=humongous(starts), HC=humongous(continues), CS=collection set, F=free, TAMS=top-at-mark-start, PB=parsable bottom
|   0|0x0000000080000000, 0x0000000080100000, 0x0000000080100000|100%|HS|  |TAMS 0x0000000080000000| PB 0x0000000080000000| Complete 
|   1|0x0000000080100000, 0x0000000080200000, 0x0000000080200000|100%|HC|  |TAMS 0x0000000080100000| PB 0x0000000080100000| Complete 
|   2|0x0000000080200000, 0x0000000080300000, 0x0000000080300000|100%|HC|  |TAMS 0x0000000080200000| PB 0x0000000080200000| Complete 
|   3|0x0000000080300000, 0x0000000080400000, 0x0000000080400000|100%|HC|  |TAMS 0x0000000080300000| PB 0x0000000080300000| Complete 
|   4|0x0000000080400000, 0x0000000080500000, 0x0000000080500000|100%| O|  |TAMS 0x0000000080400000| PB 0x0000000080400000| Untracked 
|   5|0x0000000080500000, 0x0000000080600000, 0x0000000080600000|100%| O|  |TAMS 0x0000000080500000| PB 0x0000000080500000| Untracked 
|   6|0x0000000080600000, 0x0000000080700000, 0x0000000080700000|100%| O|  |TAMS 0x0000000080600000| PB 0x0000000080600000| Untracked 
|   7|0x0000000080700000, 0x0000000080800000, 0x0000000080800000|100%| O|  |TAMS 0x0000000080700000| PB 0x0000000080700000| Untracked 
|   8|0x0000000080800000, 0x0000000080900000, 0x0000000080900000|100%| O|  |TAMS 0x0000000080800000| PB 0x0000000080800000| Untracked 
|   9|0x0000000080900000, 0x0000000080a00000, 0x0000000080a00000|100%| O|  |TAMS 0x0000000080900000| PB 0x0000000080900000| Untracked 
|  10|0x0000000080a00000, 0x0000000080b00000, 0x0000000080b00000|100%| O|  |TAMS 0x0000000080a00000| PB 0x0000000080a00000| Untracked 
|  11|0x0000000080b00000, 0x0000000080c00000, 0x0000000080c00000|100%| O|  |TAMS 0x0000000080b00000| PB 0x0000000080b00000| Untracked 
|  12|0x0000000080c00000, 0x0000000080d00000, 0x0000000080d00000|100%| O|  |TAMS 0x0000000080c00000| PB 0x0000000080c00000| Untracked 
|  13|0x0000000080d00000, 0x0000000080e00000, 0x0000000080e00000|100%| O|  |TAMS 0x0000000080d00000| PB 0x0000000080d00000| Untracked 
|  14|0x0000000080e00000, 0x0000000080f00000, 0x0000000080f00000|100%| O|  |TAMS 0x0000000080e00000| PB 0x0000000080e00000| Untracked 
|  15|0x0000000080f00000, 0x0000000081000000, 0x0000000081000000|100%| O|  |TAMS 0x0000000080f00000| PB 0x0000000080f00000| Untracked 
|  16|0x0000000081000000, 0x0000000081100000, 0x0000000081100000|100%| O|  |TAMS 0x0000000081000000| PB 0x0000000081000000| Untracked 
|  17|0x0000000081100000, 0x0000000081200000, 0x0000000081200000|100%| O|  |TAMS 0x0000000081100000| PB 0x0000000081100000| Untracked 
|  18|0x0000000081200000, 0x0000000081300000, 0x0000000081300000|100%| O|  |TAMS 0x0000000081200000| PB 0x0000000081200000| Untracked 
|  19|0x0000000081300000, 0x0000000081300000, 0x0000000081400000|  0%| F|  |TAMS 0x0000000081300000| PB 0x0000000081300000| Untracked 
|  20|0x0000000081400000, 0x0000000081400000, 0x0000000081500000|  0%| F|  |TAMS 0x0000000081400000| PB 0x0000000081400000| Untracked 
|  21|0x0000000081500000, 0x0000000081600000, 0x0000000081600000|100%| O|  |TAMS 0x0000000081500000| PB 0x0000000081500000| Untracked 
|  22|0x0000000081600000, 0x0000000081700000, 0x0000000081700000|100%| O|  |TAMS 0x0000000081600000| PB 0x0000000081600000| Untracked 
|  23|0x0000000081700000, 0x0000000081800000, 0x0000000081800000|100%| O|  |TAMS 0x0000000081700000| PB 0x0000000081700000| Untracked 
|  24|0x0000000081800000, 0x000000008187fff0, 0x0000000081900000| 49%| O|  |TAMS 0x0000000081800000| PB 0x0000000081800000| Untracked 
|  25|0x0000000081900000, 0x0000000081900000, 0x0000000081a00000|  0%| F|  |TAMS 0x0000000081900000| PB 0x0000000081900000| Untracked 
|  26|0x0000000081a00000, 0x0000000081a00000, 0x0000000081b00000|  0%| F|  |TAMS 0x0000000081a00000| PB 0x0000000081a00000| Untracked 
|  27|0x0000000081b00000, 0x0000000081b00000, 0x0000000081c00000|  0%| F|  |TAMS 0x0000000081b00000| PB 0x0000000081b00000| Untracked 
|  28|0x0000000081c00000, 0x0000000081c1ce30, 0x0000000081d00000| 11%| S|CS|TAMS 0x0000000081c00000| PB 0x0000000081c00000| Complete 
|  29|0x0000000081d00000, 0x0000000081e00000, 0x0000000081e00000|100%| S|CS|TAMS 0x0000000081d00000| PB 0x0000000081d00000| Complete 
|  30|0x0000000081e00000, 0x0000000081f00000, 0x0000000081f00000|100%| S|CS|TAMS 0x0000000081e00000| PB 0x0000000081e00000| Complete 
|  31|0x0000000081f00000, 0x0000000082000000, 0x0000000082000000|100%| S|CS|TAMS 0x0000000081f00000| PB 0x0000000081f00000| Complete 
|  32|0x0000000082000000, 0x0000000082100000, 0x0000000082100000|100%| S|CS|TAMS 0x0000000082000000| PB 0x0000000082000000| Complete 
|  33|0x0000000082100000, 0x0000000082100000, 0x0000000082200000|  0%| F|  |TAMS 0x0000000082100000| PB 0x0000000082100000| Untracked 
|  34|0x0000000082200000, 0x0000000082200000, 0x0000000082300000|  0%| F|  |TAMS 0x0000000082200000| PB 0x0000000082200000| Untracked 
|  35|0x0000000082300000, 0x0000000082300000, 0x0000000082400000|  0%| F|  |TAMS 0x0000000082300000| PB 0x0000000082300000| Untracked 
|  36|0x0000000082400000, 0x0000000082500000, 0x0000000082500000|100%| S|CS|TAMS 0x0000000082400000| PB 0x0000000082400000| Complete 
|  37|0x0000000082500000, 0x0000000082500000, 0x0000000082600000|  0%| F|  |TAMS 0x0000000082500000| PB 0x0000000082500000| Untracked 
|  38|0x0000000082600000, 0x0000000082600000, 0x0000000082700000|  0%| F|  |TAMS 0x0000000082600000| PB 0x0000000082600000| Untracked 
|  39|0x0000000082700000, 0x0000000082700000, 0x0000000082800000|  0%| F|  |TAMS 0x0000000082700000| PB 0x0000000082700000| Untracked 
|  40|0x0000000082800000, 0x0000000082800000, 0x0000000082900000|  0%| F|  |TAMS 0x0000000082800000| PB 0x0000000082800000| Untracked 
|  41|0x0000000082900000, 0x0000000082900000, 0x0000000082a00000|  0%| F|  |TAMS 0x0000000082900000| PB 0x0000000082900000| Untracked 
|  42|0x0000000082a00000, 0x0000000082a00000, 0x0000000082b00000|  0%| F|  |TAMS 0x0000000082a00000| PB 0x0000000082a00000| Untracked 
|  43|0x0000000082b00000, 0x0000000082b00000, 0x0000000082c00000|  0%| F|  |TAMS 0x0000000082b00000| PB 0x0000000082b00000| Untracked 
|  44|0x0000000082c00000, 0x0000000082c00000, 0x0000000082d00000|  0%| F|  |TAMS 0x0000000082c00000| PB 0x0000000082c00000| Untracked 
|  45|0x0000000082d00000, 0x0000000082d00000, 0x0000000082e00000|  0%| F|  |TAMS 0x0000000082d00000| PB 0x0000000082d00000| Untracked 
|  46|0x0000000082e00000, 0x0000000082e00000, 0x0000000082f00000|  0%| F|  |TAMS 0x0000000082e00000| PB 0x0000000082e00000| Untracked 
|  47|0x0000000082f00000, 0x0000000082f00000, 0x0000000083000000|  0%| F|  |TAMS 0x0000000082f00000| PB 0x0000000082f00000| Untracked 
|  48|0x0000000083000000, 0x0000000083000000, 0x0000000083100000|  0%| F|  |TAMS 0x0000000083000000| PB 0x0000000083000000| Untracked 
|  49|0x0000000083100000, 0x0000000083100000, 0x0000000083200000|  0%| F|  |TAMS 0x0000000083100000| PB 0x0000000083100000| Untracked 
|  50|0x0000000083200000, 0x0000000083200000, 0x0000000083300000|  0%| F|  |TAMS 0x0000000083200000| PB 0x0000000083200000| Untracked 
|  51|0x0000000083300000, 0x0000000083300000, 0x0000000083400000|  0%| F|  |TAMS 0x0000000083300000| PB 0x0000000083300000| Untracked 
|  52|0x0000000083400000, 0x0000000083400000, 0x0000000083500000|  0%| F|  |TAMS 0x0000000083400000| PB 0x0000000083400000| Untracked 
|  53|0x0000000083500000, 0x0000000083500000, 0x0000000083600000|  0%| F|  |TAMS 0x0000000083500000| PB 0x0000000083500000| Untracked 
|  54|0x0000000083600000, 0x0000000083600000, 0x0000000083700000|  0%| F|  |TAMS 0x0000000083600000| PB 0x0000000083600000| Untracked 
|  55|0x0000000083700000, 0x0000000083700000, 0x0000000083800000|  0%| F|  |TAMS 0x0000000083700000| PB 0x0000000083700000| Untracked 
|  56|0x0000000083800000, 0x0000000083800000, 0x0000000083900000|  0%| F|  |TAMS 0x0000000083800000| PB 0x0000000083800000| Untracked 
|  57|0x0000000083900000, 0x0000000083900000, 0x0000000083a00000|  0%| F|  |TAMS 0x0000000083900000| PB 0x0000000083900000| Untracked 
|  58|0x0000000083a00000, 0x0000000083a00000, 0x0000000083b00000|  0%| F|  |TAMS 0x0000000083a00000| PB 0x0000000083a00000| Untracked 
|  59|0x0000000083b00000, 0x0000000083b00000, 0x0000000083c00000|  0%| F|  |TAMS 0x0000000083b00000| PB 0x0000000083b00000| Untracked 
|  60|0x0000000083c00000, 0x0000000083c00000, 0x0000000083d00000|  0%| F|  |TAMS 0x0000000083c00000| PB 0x0000000083c00000| Untracked 
|  61|0x0000000083d00000, 0x0000000083d00000, 0x0000000083e00000|  0%| F|  |TAMS 0x0000000083d00000| PB 0x0000000083d00000| Untracked 
|  62|0x0000000083e00000, 0x0000000083e00000, 0x0000000083f00000|  0%| F|  |TAMS 0x0000000083e00000| PB 0x0000000083e00000| Untracked 
|  63|0x0000000083f00000, 0x0000000083f00000, 0x0000000084000000|  0%| F|  |TAMS 0x0000000083f00000| PB 0x0000000083f00000| Untracked 
|  64|0x0000000084000000, 0x0000000084000000, 0x0000000084100000|  0%| F|  |TAMS 0x0000000084000000| PB 0x0000000084000000| Untracked 
|  65|0x0000000084100000, 0x0000000084100000, 0x0000000084200000|  0%| F|  |TAMS 0x0000000084100000| PB 0x0000000084100000| Untracked 
|  66|0x0000000084200000, 0x0000000084200000, 0x0000000084300000|  0%| F|  |TAMS 0x0000000084200000| PB 0x0000000084200000| Untracked 
|  67|0x0000000084300000, 0x0000000084300000, 0x0000000084400000|  0%| F|  |TAMS 0x0000000084300000| PB 0x0000000084300000| Untracked 
|  68|0x0000000084400000, 0x00000000844839c0, 0x0000000084500000| 51%| E|  |TAMS 0x0000000084400000| PB 0x0000000084400000| Complete 
|  69|0x0000000084500000, 0x0000000084600000, 0x0000000084600000|100%| E|CS|TAMS 0x0000000084500000| PB 0x0000000084500000| Complete 
| 136|0x0000000088800000, 0x0000000088900000, 0x0000000088900000|100%| E|CS|TAMS 0x0000000088800000| PB 0x0000000088800000| Complete 
| 137|0x0000000088900000, 0x0000000088a00000, 0x0000000088a00000|100%| E|CS|TAMS 0x0000000088900000| PB 0x0000000088900000| Complete 
| 138|0x0000000088a00000, 0x0000000088b00000, 0x0000000088b00000|100%| E|CS|TAMS 0x0000000088a00000| PB 0x0000000088a00000| Complete 
| 139|0x0000000088b00000, 0x0000000088c00000, 0x0000000088c00000|100%| E|CS|TAMS 0x0000000088b00000| PB 0x0000000088b00000| Complete 
| 140|0x0000000088c00000, 0x0000000088d00000, 0x0000000088d00000|100%| E|CS|TAMS 0x0000000088c00000| PB 0x0000000088c00000| Complete 
| 141|0x0000000088d00000, 0x0000000088e00000, 0x0000000088e00000|100%| E|CS|TAMS 0x0000000088d00000| PB 0x0000000088d00000| Complete 
| 142|0x0000000088e00000, 0x0000000088f00000, 0x0000000088f00000|100%| E|CS|TAMS 0x0000000088e00000| PB 0x0000000088e00000| Complete 
| 143|0x0000000088f00000, 0x0000000089000000, 0x0000000089000000|100%| E|CS|TAMS 0x0000000088f00000| PB 0x0000000088f00000| Complete 
| 144|0x0000000089000000, 0x0000000089100000, 0x0000000089100000|100%| E|CS|TAMS 0x0000000089000000| PB 0x0000000089000000| Complete 
| 145|0x0000000089100000, 0x0000000089200000, 0x0000000089200000|100%| E|CS|TAMS 0x0000000089100000| PB 0x0000000089100000| Complete 
| 146|0x0000000089200000, 0x0000000089300000, 0x0000000089300000|100%| E|CS|TAMS 0x0000000089200000| PB 0x0000000089200000| Complete 
| 147|0x0000000089300000, 0x0000000089400000, 0x0000000089400000|100%| E|CS|TAMS 0x0000000089300000| PB 0x0000000089300000| Complete 
| 148|0x0000000089400000, 0x0000000089500000, 0x0000000089500000|100%| E|CS|TAMS 0x0000000089400000| PB 0x0000000089400000| Complete 
| 253|0x000000008fd00000, 0x000000008fe00000, 0x000000008fe00000|100%| E|CS|TAMS 0x000000008fd00000| PB 0x000000008fd00000| Complete 
|2035|0x00000000ff300000, 0x00000000ff400000, 0x00000000ff400000|100%| E|CS|TAMS 0x00000000ff300000| PB 0x00000000ff300000| Complete 
|2036|0x00000000ff400000, 0x00000000ff500000, 0x00000000ff500000|100%| O|  |TAMS 0x00000000ff400000| PB 0x00000000ff400000| Untracked 
|2037|0x00000000ff500000, 0x00000000ff600000, 0x00000000ff600000|100%| O|  |TAMS 0x00000000ff500000| PB 0x00000000ff500000| Untracked 
|2038|0x00000000ff600000, 0x00000000ff700000, 0x00000000ff700000|100%| O|  |TAMS 0x00000000ff600000| PB 0x00000000ff600000| Untracked 
|2039|0x00000000ff700000, 0x00000000ff800000, 0x00000000ff800000|100%| O|  |TAMS 0x00000000ff700000| PB 0x00000000ff700000| Untracked 
|2040|0x00000000ff800000, 0x00000000ff900000, 0x00000000ff900000|100%| O|  |TAMS 0x00000000ff800000| PB 0x00000000ff800000| Untracked 
|2041|0x00000000ff900000, 0x00000000ffa00000, 0x00000000ffa00000|100%| O|  |TAMS 0x00000000ff900000| PB 0x00000000ff900000| Untracked 
|2042|0x00000000ffa00000, 0x00000000ffb00000, 0x00000000ffb00000|100%| O|  |TAMS 0x00000000ffa00000| PB 0x00000000ffa00000| Untracked 
|2043|0x00000000ffb00000, 0x00000000ffc00000, 0x00000000ffc00000|100%| O|  |TAMS 0x00000000ffb00000| PB 0x00000000ffb00000| Untracked 
|2044|0x00000000ffc00000, 0x00000000ffd00000, 0x00000000ffd00000|100%| O|  |TAMS 0x00000000ffc00000| PB 0x00000000ffc00000| Untracked 
|2045|0x00000000ffd00000, 0x00000000ffe00000, 0x00000000ffe00000|100%| O|  |TAMS 0x00000000ffd00000| PB 0x00000000ffd00000| Untracked 
|2046|0x00000000ffe00000, 0x00000000fff00000, 0x00000000fff00000|100%| O|  |TAMS 0x00000000ffe00000| PB 0x00000000ffe00000| Untracked 
|2047|0x00000000fff00000, 0x0000000100000000, 0x0000000100000000|100%| O|  |TAMS 0x00000000fff00000| PB 0x00000000fff00000| Untracked 

Card table byte_map: [0x000001b8f2d20000,0x000001b8f3120000] _byte_map_base: 0x000001b8f2920000

Marking Bits: (CMBitMap*) 0x000001b8ed649a90
 Bits: [0x000001b8f3120000, 0x000001b8f5120000)

Polling page: 0x000001b8ed310000

Metaspace:

Usage:
  Non-class:     42.20 MB used.
      Class:      7.31 MB used.
       Both:     49.51 MB used.

Virtual space:
  Non-class space:       64.00 MB reserved,      43.06 MB ( 67%) committed,  1 nodes.
      Class space:      416.00 MB reserved,       8.19 MB (  2%) committed,  1 nodes.
             Both:      480.00 MB reserved,      51.25 MB ( 11%) committed. 

Chunk freelists:
   Non-Class:  4.86 MB
       Class:  7.86 MB
        Both:  12.72 MB

MaxMetaspaceSize: 512.00 MB
CompressedClassSpaceSize: 416.00 MB
Initial GC threshold: 21.00 MB
Current GC threshold: 59.19 MB
CDS: on
 - commit_granule_bytes: 65536.
 - commit_granule_words: 8192.
 - virtual_space_node_default_size: 8388608.
 - enlarge_chunks_in_place: 1.
 - use_allocation_guard: 0.


Internal statistics:

num_allocs_failed_limit: 9.
num_arena_births: 3144.
num_arena_deaths: 0.
num_vsnodes_births: 2.
num_vsnodes_deaths: 0.
num_space_committed: 820.
num_space_uncommitted: 0.
num_chunks_returned_to_freelist: 9.
num_chunks_taken_from_freelist: 5606.
num_chunk_merges: 9.
num_chunk_splits: 3602.
num_chunks_enlarged: 2149.
num_inconsistent_stats: 0.

CodeHeap 'non-profiled nmethods': size=120000Kb used=3383Kb max_used=3383Kb free=116616Kb
 bounds [0x000001b887ad0000, 0x000001b887e20000, 0x000001b88f000000]
CodeHeap 'profiled nmethods': size=120000Kb used=10888Kb max_used=10888Kb free=109111Kb
 bounds [0x000001b880000000, 0x000001b880ab0000, 0x000001b887530000]
CodeHeap 'non-nmethods': size=5760Kb used=2593Kb max_used=2647Kb free=3166Kb
 bounds [0x000001b887530000, 0x000001b8877d0000, 0x000001b887ad0000]
CodeCache: size=245760Kb, used=16864Kb, max_used=16918Kb, free=228893Kb
 total_blobs=6545, nmethods=5678, adapters=770, full_count=0
Compilation: enabled, stopped_count=0, restarted_count=0

Compilation events (20 events):
Event: 55.082 Thread 0x000001b8f7ce9910 nmethod 6164 0x000001b880a92310 code [0x000001b880a924c0, 0x000001b880a92610]
Event: 55.094 Thread 0x000001b8f7ce9910 6165   !   3       org.gradle.internal.instantiation.generator.AbstractClassGenerator::generateUnderLock (702 bytes)
Event: 55.098 Thread 0x000001b8f7c781c0 nmethod 6160 0x000001b887e1cb10 code [0x000001b887e1cd20, 0x000001b887e1d700]
Event: 55.099 Thread 0x000001b8f7ce9910 nmethod 6165 0x000001b880a92710 code [0x000001b880a93200, 0x000001b880a9aa80]
Event: 55.099 Thread 0x000001b8f7ce9910 6166       3       sun.reflect.annotation.AnnotationParser::toArray (18 bytes)
Event: 55.100 Thread 0x000001b8f7ce9910 nmethod 6166 0x000001b880a9e110 code [0x000001b880a9e2e0, 0x000001b880a9e678]
Event: 55.150 Thread 0x000001b8f7ce9910 6167       3       com.google.common.cache.LocalCache::createSegment (13 bytes)
Event: 55.151 Thread 0x000001b8f7ce9910 nmethod 6167 0x000001b880a9e790 code [0x000001b880a9e940, 0x000001b880a9eb08]
Event: 55.227 Thread 0x000001b8f7ce9910 6168       3       com.google.common.cache.LocalCache$Segment::initTable (51 bytes)
Event: 55.227 Thread 0x000001b8f7ce9910 nmethod 6168 0x000001b880a9ec10 code [0x000001b880a9ede0, 0x000001b880a9f130]
Event: 55.269 Thread 0x000001b8f7ce9910 6169       3       org.gradle.api.internal.attributes.DefaultMutableAttributeContainer::<init> (35 bytes)
Event: 55.269 Thread 0x000001b8f7ce9910 nmethod 6169 0x000001b880a9f290 code [0x000001b880a9f460, 0x000001b880a9f7b8]
Event: 55.306 Thread 0x000001b8f7ce9910 6170       3       org.gradle.internal.logging.events.ProgressCompleteEvent::getLogLevel (4 bytes)
Event: 55.307 Thread 0x000001b8f7ce9910 nmethod 6170 0x000001b880a9f910 code [0x000001b880a9faa0, 0x000001b880a9fbb8]
Event: 55.345 Thread 0x000001b8f7ce9910 6171       3       java.util.TreeMap::addEntryToEmptyMap (37 bytes)
Event: 55.346 Thread 0x000001b8f7ce9910 nmethod 6171 0x000001b880a9fc90 code [0x000001b880a9fe80, 0x000001b880aa0560]
Event: 55.392 Thread 0x000001b8f7ce9910 6172       1       org.apache.commons.lang.text.StrBuilder::length (5 bytes)
Event: 55.392 Thread 0x000001b8f7ce9910 nmethod 6172 0x000001b887e1dc10 code [0x000001b887e1dda0, 0x000001b887e1de68]
Event: 55.395 Thread 0x000001b8f7ce9910 6173       3       org.gradle.internal.service.DefaultServiceRegistry::get (44 bytes)
Event: 55.396 Thread 0x000001b8f7ce9910 nmethod 6173 0x000001b880aa0790 code [0x000001b880aa0ac0, 0x000001b880aa1c98]

GC Heap History (18 events):
Event: 6.659 GC heap before
{Heap before GC invocations=0 (full 0):
 garbage-first heap   total 260096K, used 26624K [0x0000000080000000, 0x0000000100000000)
  region size 1024K, 23 young (23552K), 0 survivors (0K)
 Metaspace       used 3224K, committed 3392K, reserved 491520K
  class space    used 415K, committed 448K, reserved 425984K
}
Event: 6.744 GC heap after
{Heap after GC invocations=1 (full 0):
 garbage-first heap   total 260096K, used 10589K [0x0000000080000000, 0x0000000100000000)
  region size 1024K, 3 young (3072K), 3 survivors (3072K)
 Metaspace       used 3224K, committed 3392K, reserved 491520K
  class space    used 415K, committed 448K, reserved 425984K
}
Event: 10.215 GC heap before
{Heap before GC invocations=1 (full 0):
 garbage-first heap   total 260096K, used 39261K [0x0000000080000000, 0x0000000100000000)
  region size 1024K, 32 young (32768K), 3 survivors (3072K)
 Metaspace       used 4120K, committed 4352K, reserved 491520K
  class space    used 511K, committed 640K, reserved 425984K
}
Event: 10.218 GC heap after
{Heap after GC invocations=2 (full 0):
 garbage-first heap   total 260096K, used 11767K [0x0000000080000000, 0x0000000100000000)
  region size 1024K, 1 young (1024K), 1 survivors (1024K)
 Metaspace       used 4120K, committed 4352K, reserved 491520K
  class space    used 511K, committed 640K, reserved 425984K
}
Event: 29.127 GC heap before
{Heap before GC invocations=2 (full 0):
 garbage-first heap   total 260096K, used 117239K [0x0000000080000000, 0x0000000100000000)
  region size 1024K, 105 young (107520K), 1 survivors (1024K)
 Metaspace       used 20824K, committed 21504K, reserved 491520K
  class space    used 3061K, committed 3392K, reserved 425984K
}
Event: 29.163 GC heap after
{Heap after GC invocations=3 (full 0):
 garbage-first heap   total 260096K, used 23876K [0x0000000080000000, 0x0000000100000000)
  region size 1024K, 13 young (13312K), 13 survivors (13312K)
 Metaspace       used 20824K, committed 21504K, reserved 491520K
  class space    used 3061K, committed 3392K, reserved 425984K
}
Event: 35.724 GC heap before
{Heap before GC invocations=4 (full 0):
 garbage-first heap   total 81920K, used 81220K [0x0000000080000000, 0x0000000100000000)
  region size 1024K, 69 young (70656K), 13 survivors (13312K)
 Metaspace       used 28302K, committed 29440K, reserved 491520K
  class space    used 4291K, committed 4800K, reserved 425984K
}
Event: 35.730 GC heap after
{Heap after GC invocations=5 (full 0):
 garbage-first heap   total 99328K, used 27002K [0x0000000080000000, 0x0000000100000000)
  region size 1024K, 4 young (4096K), 4 survivors (4096K)
 Metaspace       used 28302K, committed 29440K, reserved 491520K
  class space    used 4291K, committed 4800K, reserved 425984K
}
Event: 39.423 GC heap before
{Heap before GC invocations=5 (full 0):
 garbage-first heap   total 99328K, used 75130K [0x0000000080000000, 0x0000000100000000)
  region size 1024K, 53 young (54272K), 4 survivors (4096K)
 Metaspace       used 34777K, committed 35968K, reserved 491520K
  class space    used 5061K, committed 5632K, reserved 425984K
}
Event: 39.429 GC heap after
{Heap after GC invocations=6 (full 0):
 garbage-first heap   total 99328K, used 32238K [0x0000000080000000, 0x0000000100000000)
  region size 1024K, 8 young (8192K), 8 survivors (8192K)
 Metaspace       used 34777K, committed 35968K, reserved 491520K
  class space    used 5061K, committed 5632K, reserved 425984K
}
Event: 39.725 GC heap before
{Heap before GC invocations=6 (full 0):
 garbage-first heap   total 99328K, used 34286K [0x0000000080000000, 0x0000000100000000)
  region size 1024K, 11 young (11264K), 8 survivors (8192K)
 Metaspace       used 35124K, committed 36288K, reserved 491520K
  class space    used 5119K, committed 5696K, reserved 425984K
}
Event: 39.730 GC heap after
{Heap after GC invocations=7 (full 0):
 garbage-first heap   total 99328K, used 33274K [0x0000000080000000, 0x0000000100000000)
  region size 1024K, 2 young (2048K), 2 survivors (2048K)
 Metaspace       used 35124K, committed 36288K, reserved 491520K
  class space    used 5119K, committed 5696K, reserved 425984K
}
Event: 44.857 GC heap before
{Heap before GC invocations=8 (full 0):
 garbage-first heap   total 99328K, used 87546K [0x0000000080000000, 0x0000000100000000)
  region size 1024K, 51 young (52224K), 2 survivors (2048K)
 Metaspace       used 38778K, committed 40192K, reserved 491520K
  class space    used 5595K, committed 6272K, reserved 425984K
}
Event: 44.860 GC heap after
{Heap after GC invocations=9 (full 0):
 garbage-first heap   total 99328K, used 35984K [0x0000000080000000, 0x0000000100000000)
  region size 1024K, 4 young (4096K), 4 survivors (4096K)
 Metaspace       used 38778K, committed 40192K, reserved 491520K
  class space    used 5595K, committed 6272K, reserved 425984K
}
Event: 48.946 GC heap before
{Heap before GC invocations=9 (full 0):
 garbage-first heap   total 99328K, used 87184K [0x0000000080000000, 0x0000000100000000)
  region size 1024K, 52 young (53248K), 4 survivors (4096K)
 Metaspace       used 44634K, committed 46272K, reserved 491520K
  class space    used 6502K, committed 7296K, reserved 425984K
}
Event: 48.950 GC heap after
{Heap after GC invocations=10 (full 0):
 garbage-first heap   total 99328K, used 37687K [0x0000000080000000, 0x0000000100000000)
  region size 1024K, 3 young (3072K), 3 survivors (3072K)
 Metaspace       used 44634K, committed 46272K, reserved 491520K
  class space    used 6502K, committed 7296K, reserved 425984K
}
Event: 53.041 GC heap before
{Heap before GC invocations=10 (full 0):
 garbage-first heap   total 99328K, used 85815K [0x0000000080000000, 0x0000000100000000)
  region size 1024K, 51 young (52224K), 3 survivors (3072K)
 Metaspace       used 48979K, committed 50624K, reserved 491520K
  class space    used 7188K, committed 8000K, reserved 425984K
}
Event: 53.044 GC heap after
{Heap after GC invocations=11 (full 0):
 garbage-first heap   total 99328K, used 40563K [0x0000000080000000, 0x0000000100000000)
  region size 1024K, 6 young (6144K), 6 survivors (6144K)
 Metaspace       used 48979K, committed 50624K, reserved 491520K
  class space    used 7188K, committed 8000K, reserved 425984K
}

Dll operation events (20 events):
Event: 1.377 Attempting to load shared library C:\Users\USER\.antigravity-ide\extensions\redhat.java-1.56.0-win32-x64\jre\21.0.12.1-win32-x86_64\bin\nio.dll
Event: 1.378 Loaded shared library C:\Users\USER\.antigravity-ide\extensions\redhat.java-1.56.0-win32-x64\jre\21.0.12.1-win32-x86_64\bin\nio.dll
Event: 1.382 Attempting to load shared library C:\Users\USER\.antigravity-ide\extensions\redhat.java-1.56.0-win32-x64\jre\21.0.12.1-win32-x86_64\bin\zip.dll
Event: 1.382 Loaded shared library C:\Users\USER\.antigravity-ide\extensions\redhat.java-1.56.0-win32-x64\jre\21.0.12.1-win32-x86_64\bin\zip.dll
Event: 2.479 Attempting to load shared library C:\Users\USER\.antigravity-ide\extensions\redhat.java-1.56.0-win32-x64\jre\21.0.12.1-win32-x86_64\bin\jimage.dll
Event: 2.480 Loaded shared library C:\Users\USER\.antigravity-ide\extensions\redhat.java-1.56.0-win32-x64\jre\21.0.12.1-win32-x86_64\bin\jimage.dll
Event: 3.596 Attempting to load shared library C:\Users\USER\.antigravity-ide\extensions\redhat.java-1.56.0-win32-x64\jre\21.0.12.1-win32-x86_64\bin\verify.dll
Event: 3.597 Loaded shared library C:\Users\USER\.antigravity-ide\extensions\redhat.java-1.56.0-win32-x64\jre\21.0.12.1-win32-x86_64\bin\verify.dll
Event: 5.965 Attempting to load shared library D:\gradle_cache\native\c067742578af261105cb4f569cf0c3c89f3d7b1fecec35dd04571415982c5e48\windows-amd64\native-platform.dll
Event: 5.966 Loaded shared library D:\gradle_cache\native\c067742578af261105cb4f569cf0c3c89f3d7b1fecec35dd04571415982c5e48\windows-amd64\native-platform.dll
Event: 6.041 Attempting to load shared library D:\gradle_cache\native\38dada09dfb8b06ba9b0570ebf7e218e3eb74d4ef43ca46872605cf95ebc2f47\windows-amd64\native-platform-file-events.dll
Event: 6.041 Loaded shared library D:\gradle_cache\native\38dada09dfb8b06ba9b0570ebf7e218e3eb74d4ef43ca46872605cf95ebc2f47\windows-amd64\native-platform-file-events.dll
Event: 13.989 Attempting to load shared library C:\Users\USER\.antigravity-ide\extensions\redhat.java-1.56.0-win32-x64\jre\21.0.12.1-win32-x86_64\bin\management.dll
Event: 13.990 Loaded shared library C:\Users\USER\.antigravity-ide\extensions\redhat.java-1.56.0-win32-x64\jre\21.0.12.1-win32-x86_64\bin\management.dll
Event: 13.992 Attempting to load shared library C:\Users\USER\.antigravity-ide\extensions\redhat.java-1.56.0-win32-x64\jre\21.0.12.1-win32-x86_64\bin\management_ext.dll
Event: 13.993 Loaded shared library C:\Users\USER\.antigravity-ide\extensions\redhat.java-1.56.0-win32-x64\jre\21.0.12.1-win32-x86_64\bin\management_ext.dll
Event: 15.427 Attempting to load shared library C:\Users\USER\.antigravity-ide\extensions\redhat.java-1.56.0-win32-x64\jre\21.0.12.1-win32-x86_64\bin\extnet.dll
Event: 15.428 Loaded shared library C:\Users\USER\.antigravity-ide\extensions\redhat.java-1.56.0-win32-x64\jre\21.0.12.1-win32-x86_64\bin\extnet.dll
Event: 17.985 Attempting to load shared library C:\Users\USER\.antigravity-ide\extensions\redhat.java-1.56.0-win32-x64\jre\21.0.12.1-win32-x86_64\bin\sunmscapi.dll
Event: 17.987 Loaded shared library C:\Users\USER\.antigravity-ide\extensions\redhat.java-1.56.0-win32-x64\jre\21.0.12.1-win32-x86_64\bin\sunmscapi.dll

Deoptimization events (20 events):
Event: 55.365 Thread 0x000001b8f8301900 Uncommon trap: trap_request=0xffffffde fr.pc=0x000001b887b1de1c relative=0x00000000000002bc
Event: 55.365 Thread 0x000001b8f8301900 Uncommon trap: reason=class_check action=maybe_recompile pc=0x000001b887b1de1c method=java.util.regex.Matcher.search(I)Z @ 121 c2
Event: 55.365 Thread 0x000001b8f8301900 DEOPT PACKING pc=0x000001b887b1de1c sp=0x00000059addf4340
Event: 55.365 Thread 0x000001b8f8301900 DEOPT UNPACKING pc=0x000001b887584422 sp=0x00000059addf4268 mode 2
Event: 55.365 Thread 0x000001b8f8301900 Uncommon trap: trap_request=0xffffffde fr.pc=0x000001b887b1de1c relative=0x00000000000002bc
Event: 55.365 Thread 0x000001b8f8301900 Uncommon trap: reason=class_check action=maybe_recompile pc=0x000001b887b1de1c method=java.util.regex.Matcher.search(I)Z @ 121 c2
Event: 55.365 Thread 0x000001b8f8301900 DEOPT PACKING pc=0x000001b887b1de1c sp=0x00000059addf4340
Event: 55.365 Thread 0x000001b8f8301900 DEOPT UNPACKING pc=0x000001b887584422 sp=0x00000059addf4268 mode 2
Event: 55.380 Thread 0x000001b8f8301900 Uncommon trap: trap_request=0xffffffde fr.pc=0x000001b887b1de1c relative=0x00000000000002bc
Event: 55.380 Thread 0x000001b8f8301900 Uncommon trap: reason=class_check action=maybe_recompile pc=0x000001b887b1de1c method=java.util.regex.Matcher.search(I)Z @ 121 c2
Event: 55.380 Thread 0x000001b8f8301900 DEOPT PACKING pc=0x000001b887b1de1c sp=0x00000059addf42e0
Event: 55.380 Thread 0x000001b8f8301900 DEOPT UNPACKING pc=0x000001b887584422 sp=0x00000059addf4208 mode 2
Event: 55.380 Thread 0x000001b8f8301900 Uncommon trap: trap_request=0xffffffde fr.pc=0x000001b887b1de1c relative=0x00000000000002bc
Event: 55.380 Thread 0x000001b8f8301900 Uncommon trap: reason=class_check action=maybe_recompile pc=0x000001b887b1de1c method=java.util.regex.Matcher.search(I)Z @ 121 c2
Event: 55.380 Thread 0x000001b8f8301900 DEOPT PACKING pc=0x000001b887b1de1c sp=0x00000059addf42e0
Event: 55.380 Thread 0x000001b8f8301900 DEOPT UNPACKING pc=0x000001b887584422 sp=0x00000059addf4208 mode 2
Event: 55.390 Thread 0x000001b8f8301900 Uncommon trap: trap_request=0xffffffde fr.pc=0x000001b887c5bfd4 relative=0x0000000000000294
Event: 55.390 Thread 0x000001b8f8301900 Uncommon trap: reason=class_check action=maybe_recompile pc=0x000001b887c5bfd4 method=java.util.regex.Matcher.search(I)Z @ 121 c2
Event: 55.390 Thread 0x000001b8f8301900 DEOPT PACKING pc=0x000001b887c5bfd4 sp=0x00000059addf42c0
Event: 55.390 Thread 0x000001b8f8301900 DEOPT UNPACKING pc=0x000001b887584422 sp=0x00000059addf4260 mode 2

Classes loaded (20 events):
Event: 53.051 Loading class jdk/xml/internal/XMLSecurityManager$Processor
Event: 53.051 Loading class jdk/xml/internal/XMLSecurityManager$Processor done
Event: 53.051 Loading class jdk/xml/internal/XMLSecurityManager$NameMap
Event: 53.051 Loading class jdk/xml/internal/XMLSecurityManager$NameMap done
Event: 53.051 Loading class com/sun/org/apache/xerces/internal/utils/XMLSecurityPropertyManager
Event: 53.051 Loading class com/sun/org/apache/xerces/internal/utils/XMLSecurityPropertyManager done
Event: 53.051 Loading class com/sun/org/apache/xerces/internal/utils/XMLSecurityPropertyManager$State
Event: 53.052 Loading class com/sun/org/apache/xerces/internal/utils/XMLSecurityPropertyManager$State done
Event: 53.052 Loading class com/sun/org/apache/xerces/internal/utils/XMLSecurityPropertyManager$Property
Event: 53.052 Loading class com/sun/org/apache/xerces/internal/utils/XMLSecurityPropertyManager$Property done
Event: 53.053 Loading class javax/xml/parsers/DocumentBuilderFactory
Event: 53.054 Loading class javax/xml/parsers/DocumentBuilderFactory done
Event: 53.054 Loading class javax/xml/parsers/FactoryFinder
Event: 53.054 Loading class javax/xml/parsers/FactoryFinder done
Event: 53.054 Loading class javax/xml/parsers/FactoryFinder$1
Event: 53.054 Loading class javax/xml/parsers/FactoryFinder$1 done
Event: 53.055 Loading class com/sun/org/apache/xerces/internal/jaxp/DocumentBuilderFactoryImpl
Event: 53.055 Loading class com/sun/org/apache/xerces/internal/jaxp/DocumentBuilderFactoryImpl done
Event: 53.738 Loading class java/util/regex/Pattern$SliceI
Event: 53.738 Loading class java/util/regex/Pattern$SliceI done

Classes unloaded (0 events):
No events

Classes redefined (0 events):
No events

Internal exceptions (20 events):
Event: 48.250 Thread 0x000001b8f8301900 Exception <a 'java/lang/NoSuchMethodError'{0x0000000082e71860}: 'java.lang.Object java.lang.invoke.DirectMethodHandle$Holder.newInvokeSpecial(java.lang.Object, java.lang.Object, java.lang.Object, java.lang.Object, java.lang.Object, java.lang.Object, java.lang.Object, java.lang.Object, java.lang.Object, java.lang.Object, java.lang.Object, java.lang.Object, java.lang.Object)'> (0x0000000082e71860) 
thrown [s\src\hotspot\share\interpreter\linkResolver.cpp, line 773]
Event: 48.262 Thread 0x000001b8f8301900 Exception <a 'java/lang/NoSuchMethodError'{0x0000000082efe270}: 'java.lang.Object java.lang.invoke.DirectMethodHandle$Holder.newInvokeSpecial(java.lang.Object, java.lang.Object, java.lang.Object, java.lang.Object, int)'> (0x0000000082efe270) 
thrown [s\src\hotspot\share\interpreter\linkResolver.cpp, line 773]
Event: 48.262 Thread 0x000001b8f8301900 Exception <a 'java/lang/NoSuchMethodError'{0x0000000082d03880}: 'java.lang.Object java.lang.invoke.DirectMethodHandle$Holder.invokeSpecial(java.lang.Object, java.lang.Object, java.lang.Object, java.lang.Object, java.lang.Object, int)'> (0x0000000082d03880) 
thrown [s\src\hotspot\share\interpreter\linkResolver.cpp, line 773]
Event: 48.262 Thread 0x000001b8f8301900 Exception <a 'java/lang/NoSuchMethodError'{0x0000000082d08560}: 'java.lang.Object java.lang.invoke.Invokers$Holder.linkToTargetMethod(java.lang.Object, java.lang.Object, java.lang.Object, int, java.lang.Object)'> (0x0000000082d08560) 
thrown [s\src\hotspot\share\interpreter\linkResolver.cpp, line 773]
Event: 48.356 Thread 0x000001b8f8301900 Exception <a 'java/lang/NoSuchMethodError'{0x0000000082cce7b0}: 'int java.lang.invoke.DirectMethodHandle$Holder.invokeInterface(java.lang.Object, java.lang.Object, java.lang.Object, java.lang.Object)'> (0x0000000082cce7b0) 
thrown [s\src\hotspot\share\interpreter\linkResolver.cpp, line 773]
Event: 48.615 Thread 0x000001b8f8301900 Exception <a 'java/lang/NoSuchMethodError'{0x00000000829fdf58}: 'java.lang.Object java.lang.invoke.DirectMethodHandle$Holder.newInvokeSpecial(java.lang.Object, java.lang.Object, java.lang.Object, java.lang.Object, java.lang.Object, java.lang.Object, java.lang.Object, java.lang.Object, java.lang.Object, java.lang.Object, java.lang.Object, java.lang.Object, java.lang.Object, java.lang.Object, java.lang.Object, java.lang.Object, java.lang.Object, java.lang.Object, java.lang.Object, java.lang.Object, java.lang
Event: 48.616 Thread 0x000001b8f8301900 Exception <a 'java/lang/NoSuchMethodError'{0x000000008280b870}: 'java.lang.Object java.lang.invoke.DirectMethodHandle$Holder.invokeSpecial(java.lang.Object, java.lang.Object, java.lang.Object, java.lang.Object, java.lang.Object, java.lang.Object, java.lang.Object, java.lang.Object, java.lang.Object, java.lang.Object, java.lang.Object, java.lang.Object, java.lang.Object, java.lang.Object, java.lang.Object, java.lang.Object, java.lang.Object, java.lang.Object, java.lang.Object, java.lang.Object, java.lang.Ob
Event: 48.616 Thread 0x000001b8f8301900 Exception <a 'java/lang/NoSuchMethodError'{0x0000000082812398}: 'java.lang.Object java.lang.invoke.DelegatingMethodHandle$Holder.reinvoke_L(java.lang.Object, java.lang.Object, java.lang.Object, java.lang.Object, java.lang.Object, java.lang.Object, java.lang.Object, java.lang.Object, java.lang.Object, java.lang.Object, java.lang.Object, java.lang.Object, java.lang.Object, java.lang.Object, java.lang.Object, java.lang.Object, java.lang.Object, java.lang.Object, java.lang.Object, java.lang.Object, java.lang.O
Event: 49.157 Thread 0x000001b8f8301900 Exception <a 'java/lang/NoSuchMethodError'{0x000000008932ed20}: 'java.lang.Object java.lang.invoke.DirectMethodHandle$Holder.newInvokeSpecial(java.lang.Object, int, java.lang.Object)'> (0x000000008932ed20) 
thrown [s\src\hotspot\share\interpreter\linkResolver.cpp, line 773]
Event: 49.513 Thread 0x000001b8f8301900 Exception <a 'java/lang/NoSuchMethodError'{0x0000000088a3bb80}: 'int java.lang.invoke.DirectMethodHandle$Holder.invokeSpecialIFC(java.lang.Object, java.lang.Object, java.lang.Object)'> (0x0000000088a3bb80) 
thrown [s\src\hotspot\share\interpreter\linkResolver.cpp, line 773]
Event: 49.822 Thread 0x000001b8f8301900 Exception <a 'java/lang/NoSuchMethodError'{0x00000000845fb658}: 'java.lang.Object java.lang.invoke.DirectMethodHandle$Holder.newInvokeSpecial(java.lang.Object, java.lang.Object, java.lang.Object, java.lang.Object, java.lang.Object, int)'> (0x00000000845fb658) 
thrown [s\src\hotspot\share\interpreter\linkResolver.cpp, line 773]
Event: 49.822 Thread 0x000001b8f8301900 Exception <a 'java/lang/NoSuchMethodError'{0x000000008440f9c8}: 'java.lang.Object java.lang.invoke.DirectMethodHandle$Holder.invokeSpecial(java.lang.Object, java.lang.Object, java.lang.Object, java.lang.Object, java.lang.Object, java.lang.Object, int)'> (0x000000008440f9c8) 
thrown [s\src\hotspot\share\interpreter\linkResolver.cpp, line 773]
Event: 49.823 Thread 0x000001b8f8301900 Exception <a 'java/lang/NoSuchMethodError'{0x0000000084414a60}: 'java.lang.Object java.lang.invoke.Invokers$Holder.linkToTargetMethod(java.lang.Object, java.lang.Object, java.lang.Object, java.lang.Object, int, java.lang.Object)'> (0x0000000084414a60) 
thrown [s\src\hotspot\share\interpreter\linkResolver.cpp, line 773]
Event: 49.830 Thread 0x000001b8f8301900 Exception <a 'java/lang/NoSuchMethodError'{0x000000008446b260}: 'java.lang.Object java.lang.invoke.DirectMethodHandle$Holder.invokeSpecial(java.lang.Object, java.lang.Object, java.lang.Object, java.lang.Object, java.lang.Object, long)'> (0x000000008446b260) 
thrown [s\src\hotspot\share\interpreter\linkResolver.cpp, line 773]
Event: 49.860 Thread 0x000001b8f8301900 Exception <a 'java/lang/NoSuchMethodError'{0x0000000084494058}: 'void java.lang.invoke.DirectMethodHandle$Holder.invokeStatic(java.lang.Object, java.lang.Object, java.lang.Object, int, java.lang.Object)'> (0x0000000084494058) 
thrown [s\src\hotspot\share\interpreter\linkResolver.cpp, line 773]
Event: 51.378 Thread 0x000001b8f8301900 Exception <a 'java/lang/NoSuchMethodError'{0x00000000836468e8}: 'java.lang.Object java.lang.invoke.DirectMethodHandle$Holder.newInvokeSpecial(java.lang.Object, java.lang.Object, java.lang.Object, java.lang.Object, int, java.lang.Object)'> (0x00000000836468e8) 
thrown [s\src\hotspot\share\interpreter\linkResolver.cpp, line 773]
Event: 51.379 Thread 0x000001b8f8301900 Exception <a 'java/lang/NoSuchMethodError'{0x000000008364bee8}: 'java.lang.Object java.lang.invoke.Invokers$Holder.linkToTargetMethod(java.lang.Object, java.lang.Object, java.lang.Object, int, java.lang.Object, java.lang.Object)'> (0x000000008364bee8) 
thrown [s\src\hotspot\share\interpreter\linkResolver.cpp, line 773]
Event: 53.109 Thread 0x000001b8f8301900 Exception <a 'java/lang/NoSuchMethodError'{0x00000000ff3298a8}: 'java.lang.Object java.lang.invoke.DirectMethodHandle$Holder.newInvokeSpecial(java.lang.Object, java.lang.Object, java.lang.Object, java.lang.Object, java.lang.Object, java.lang.Object, java.lang.Object, java.lang.Object, java.lang.Object, java.lang.Object, java.lang.Object, java.lang.Object, java.lang.Object, java.lang.Object, java.lang.Object, java.lang.Object)'> (0x00000000ff3298a8) 
thrown [s\src\hotspot\share\interpreter\linkResolver.cpp,
Event: 53.110 Thread 0x000001b8f8301900 Exception <a 'java/lang/NoSuchMethodError'{0x00000000ff330d40}: 'java.lang.Object java.lang.invoke.DirectMethodHandle$Holder.invokeSpecial(java.lang.Object, java.lang.Object, java.lang.Object, java.lang.Object, java.lang.Object, java.lang.Object, java.lang.Object, java.lang.Object, java.lang.Object, java.lang.Object, java.lang.Object, java.lang.Object, java.lang.Object, java.lang.Object, java.lang.Object, java.lang.Object, java.lang.Object)'> (0x00000000ff330d40) 
thrown [s\src\hotspot\share\interpreter\li
Event: 53.198 Thread 0x000001b8f8301900 Exception <a 'java/lang/NoSuchMethodError'{0x00000000ff3370f8}: 'java.lang.Object java.lang.invoke.DelegatingMethodHandle$Holder.reinvoke_L(java.lang.Object, java.lang.Object, java.lang.Object, java.lang.Object, java.lang.Object, java.lang.Object, java.lang.Object, java.lang.Object, java.lang.Object, java.lang.Object, java.lang.Object, java.lang.Object, java.lang.Object, java.lang.Object, java.lang.Object, java.lang.Object)'> (0x00000000ff3370f8) 
thrown [s\src\hotspot\share\interpreter\linkResolver.cpp, l

ZGC Phase Switch (0 events):
No events

VM Operations (20 events):
Event: 48.353 Executing non-safepoint VM operation: HandshakeAllThreads (Deoptimize)
Event: 48.353 Executing non-safepoint VM operation: HandshakeAllThreads (Deoptimize) done
Event: 48.946 Executing safepoint VM operation: G1CollectForAllocation (G1 Evacuation Pause)
Event: 48.950 Executing safepoint VM operation: G1CollectForAllocation (G1 Evacuation Pause) done
Event: 49.950 Executing safepoint VM operation: Cleanup
Event: 49.981 Executing safepoint VM operation: Cleanup done
Event: 50.974 Executing safepoint VM operation: ICBufferFull
Event: 50.974 Executing safepoint VM operation: ICBufferFull done
Event: 51.292 Executing non-safepoint VM operation: HandshakeAllThreads (Deoptimize)
Event: 51.292 Executing non-safepoint VM operation: HandshakeAllThreads (Deoptimize) done
Event: 51.324 Executing non-safepoint VM operation: HandshakeAllThreads (Deoptimize)
Event: 51.325 Executing non-safepoint VM operation: HandshakeAllThreads (Deoptimize) done
Event: 51.936 Executing safepoint VM operation: ICBufferFull
Event: 51.936 Executing safepoint VM operation: ICBufferFull done
Event: 52.947 Executing safepoint VM operation: Cleanup
Event: 52.995 Executing safepoint VM operation: Cleanup done
Event: 53.041 Executing safepoint VM operation: G1CollectForAllocation (G1 Evacuation Pause)
Event: 53.045 Executing safepoint VM operation: G1CollectForAllocation (G1 Evacuation Pause) done
Event: 55.047 Executing safepoint VM operation: Cleanup
Event: 55.047 Executing safepoint VM operation: Cleanup done

Memory protections (0 events):
No events

Nmethod flushes (20 events):
Event: 39.808 Thread 0x000001b8f7c4c1d0 flushing  nmethod 0x000001b88024d790
Event: 39.808 Thread 0x000001b8f7c4c1d0 flushing  nmethod 0x000001b8802ac590
Event: 39.808 Thread 0x000001b8f7c4c1d0 flushing  nmethod 0x000001b8802ad290
Event: 39.808 Thread 0x000001b8f7c4c1d0 flushing  nmethod 0x000001b8802afb10
Event: 39.808 Thread 0x000001b8f7c4c1d0 flushing  nmethod 0x000001b8802b0b90
Event: 39.808 Thread 0x000001b8f7c4c1d0 flushing  nmethod 0x000001b8802ecf10
Event: 39.808 Thread 0x000001b8f7c4c1d0 flushing  nmethod 0x000001b8802efc90
Event: 39.808 Thread 0x000001b8f7c4c1d0 flushing  nmethod 0x000001b8803a4a90
Event: 39.808 Thread 0x000001b8f7c4c1d0 flushing  nmethod 0x000001b8803a7310
Event: 39.808 Thread 0x000001b8f7c4c1d0 flushing  nmethod 0x000001b8803a8310
Event: 39.808 Thread 0x000001b8f7c4c1d0 flushing  nmethod 0x000001b8803a8b10
Event: 39.808 Thread 0x000001b8f7c4c1d0 flushing  nmethod 0x000001b88046e310
Event: 39.808 Thread 0x000001b8f7c4c1d0 flushing  nmethod 0x000001b8802f3710
Event: 39.808 Thread 0x000001b8f7c4c1d0 flushing  nmethod 0x000001b8802f4510
Event: 39.808 Thread 0x000001b8f7c4c1d0 flushing  nmethod 0x000001b8802f4c10
Event: 39.808 Thread 0x000001b8f7c4c1d0 flushing  nmethod 0x000001b8802f5810
Event: 39.808 Thread 0x000001b8f7c4c1d0 flushing  nmethod 0x000001b880358210
Event: 39.808 Thread 0x000001b8f7c4c1d0 flushing  nmethod 0x000001b88039ab10
Event: 39.808 Thread 0x000001b8f7c4c1d0 flushing  nmethod 0x000001b8805e4090
Event: 39.808 Thread 0x000001b8f7c4c1d0 flushing  nmethod 0x000001b8805f0490

Events (20 events):
Event: 43.858 Thread 0x000001b8f7ce9910 Thread added: 0x000001b8f8196880
Event: 44.938 Thread 0x000001b8f8196880 Thread exited: 0x000001b8f8196880
Event: 47.837 Thread 0x000001b8f8301900 Thread added: 0x000001b8fe06c670
Event: 51.200 Thread 0x000001b8f8301900 Thread added: 0x000001b8fe06faf0
Event: 51.200 Thread 0x000001b8f8301900 Thread added: 0x000001b8fe070180
Event: 51.201 Thread 0x000001b8f8301900 Thread added: 0x000001b8fe06da20
Event: 51.203 Thread 0x000001b8f8301900 Thread added: 0x000001b8aa685070
Event: 51.203 Thread 0x000001b8f8301900 Thread added: 0x000001b8aa684350
Event: 51.232 Thread 0x000001b8f8301900 Thread added: 0x000001b8aa685700
Event: 51.232 Thread 0x000001b8f8301900 Thread added: 0x000001b8aa685d90
Event: 51.430 Thread 0x000001b8f8301900 Thread added: 0x000001b8aa6849e0
Event: 51.504 Thread 0x000001b8f8301900 Thread added: 0x000001b8aa686420
Event: 51.506 Thread 0x000001b8f8301900 Thread added: 0x000001b8aa686ab0
Event: 51.508 Thread 0x000001b8f8301900 Thread added: 0x000001b8aa687140
Event: 51.509 Thread 0x000001b8f8301900 Thread added: 0x000001b8aa6877d0
Event: 51.510 Thread 0x000001b8f8301900 Thread added: 0x000001b8aa7aedc0
Event: 51.512 Thread 0x000001b8f8301900 Thread added: 0x000001b8aa7b28d0
Event: 51.583 Thread 0x000001b8f7ce9910 Thread added: 0x000001b8fdb5cf10
Event: 51.746 Thread 0x000001b8fdb5cf10 Thread exited: 0x000001b8fdb5cf10
Event: 53.812 Thread 0x000001b8f8301900 Thread added: 0x000001b8aa7b0170


Dynamic libraries:
0x00007ff7d2e90000 - 0x00007ff7d2e9e000 	C:\Users\USER\.antigravity-ide\extensions\redhat.java-1.56.0-win32-x64\jre\21.0.12.1-win32-x86_64\bin\java.exe
0x00007ff995f60000 - 0x00007ff9961c7000 	C:\WINDOWS\SYSTEM32\ntdll.dll
0x00007ff995170000 - 0x00007ff995239000 	C:\WINDOWS\System32\KERNEL32.DLL
0x00007ff992e80000 - 0x00007ff993277000 	C:\WINDOWS\System32\KERNELBASE.dll
0x00007ff992d30000 - 0x00007ff992e7b000 	C:\WINDOWS\System32\ucrtbase.dll
0x00007ff96f100000 - 0x00007ff96f118000 	C:\Users\USER\.antigravity-ide\extensions\redhat.java-1.56.0-win32-x64\jre\21.0.12.1-win32-x86_64\bin\jli.dll
0x00007ff993db0000 - 0x00007ff993f76000 	C:\WINDOWS\System32\USER32.dll
0x00007ff992c70000 - 0x00007ff992c97000 	C:\WINDOWS\System32\win32u.dll
0x00007ff995a90000 - 0x00007ff995abb000 	C:\WINDOWS\System32\GDI32.dll
0x00007ff993280000 - 0x00007ff9933ac000 	C:\WINDOWS\System32\gdi32full.dll
0x00007ff992bc0000 - 0x00007ff992c63000 	C:\WINDOWS\System32\msvcp_win.dll
0x00007ff974d30000 - 0x00007ff974d4e000 	C:\Users\USER\.antigravity-ide\extensions\redhat.java-1.56.0-win32-x64\jre\21.0.12.1-win32-x86_64\bin\VCRUNTIME140.dll
0x00007ff980750000 - 0x00007ff9809e2000 	C:\WINDOWS\WinSxS\amd64_microsoft.windows.common-controls_6595b64144ccf1df_6.0.26100.8457_none_3e0b2faee331e92d\COMCTL32.dll
0x00007ff9959e0000 - 0x00007ff995a89000 	C:\WINDOWS\System32\msvcrt.dll
0x00007ff995ac0000 - 0x00007ff995af2000 	C:\WINDOWS\System32\IMM32.DLL
0x00007ff98ed30000 - 0x00007ff98ed3c000 	C:\Users\USER\.antigravity-ide\extensions\redhat.java-1.56.0-win32-x64\jre\21.0.12.1-win32-x86_64\bin\vcruntime140_1.dll
0x00007ff968700000 - 0x00007ff96878d000 	C:\Users\USER\.antigravity-ide\extensions\redhat.java-1.56.0-win32-x64\jre\21.0.12.1-win32-x86_64\bin\msvcp140.dll
0x00007ff8d3000000 - 0x00007ff8d3da2000 	C:\Users\USER\.antigravity-ide\extensions\redhat.java-1.56.0-win32-x64\jre\21.0.12.1-win32-x86_64\bin\server\jvm.dll
0x00007ff993ce0000 - 0x00007ff993d96000 	C:\WINDOWS\System32\ADVAPI32.dll
0x00007ff995c00000 - 0x00007ff995ca7000 	C:\WINDOWS\System32\sechost.dll
0x00007ff9952d0000 - 0x00007ff9953e8000 	C:\WINDOWS\System32\RPCRT4.dll
0x00007ff995240000 - 0x00007ff9952c0000 	C:\WINDOWS\System32\WS2_32.dll
0x00007ff9927f0000 - 0x00007ff99284e000 	C:\WINDOWS\SYSTEM32\POWRPROF.dll
0x00007ff977860000 - 0x00007ff977896000 	C:\WINDOWS\SYSTEM32\WINMM.dll
0x00007ff987410000 - 0x00007ff98741b000 	C:\WINDOWS\SYSTEM32\VERSION.dll
0x00007ff9927d0000 - 0x00007ff9927e4000 	C:\WINDOWS\SYSTEM32\UMPDC.dll
0x00007ff9916e0000 - 0x00007ff9916fb000 	C:\WINDOWS\SYSTEM32\kernel.appcore.dll
0x00007ff97d550000 - 0x00007ff97d55a000 	C:\Users\USER\.antigravity-ide\extensions\redhat.java-1.56.0-win32-x64\jre\21.0.12.1-win32-x86_64\bin\jimage.dll
0x00007ff9778a0000 - 0x00007ff977ae2000 	C:\WINDOWS\SYSTEM32\DBGHELP.DLL
0x00007ff9949d0000 - 0x00007ff994d53000 	C:\WINDOWS\System32\combase.dll
0x00007ff994d60000 - 0x00007ff994e39000 	C:\WINDOWS\System32\OLEAUT32.dll
0x00007ff98ed80000 - 0x00007ff98edbb000 	C:\WINDOWS\SYSTEM32\dbgcore.DLL
0x00007ff992b10000 - 0x00007ff992bb8000 	C:\WINDOWS\System32\bcryptPrimitives.dll
0x00007ff97d3e0000 - 0x00007ff97d3ef000 	C:\Users\USER\.antigravity-ide\extensions\redhat.java-1.56.0-win32-x64\jre\21.0.12.1-win32-x86_64\bin\instrument.dll
0x00007ff96b550000 - 0x00007ff96b570000 	C:\Users\USER\.antigravity-ide\extensions\redhat.java-1.56.0-win32-x64\jre\21.0.12.1-win32-x86_64\bin\java.dll
0x00007ff994150000 - 0x00007ff9948be000 	C:\WINDOWS\System32\SHELL32.dll
0x00007ff9933b0000 - 0x00007ff993c1c000 	C:\WINDOWS\System32\windows.storage.dll
0x00007ff9948d0000 - 0x00007ff9949c6000 	C:\WINDOWS\System32\SHCORE.dll
0x00007ff995440000 - 0x00007ff9954a6000 	C:\WINDOWS\System32\shlwapi.dll
0x00007ff9928b0000 - 0x00007ff9928d9000 	C:\WINDOWS\SYSTEM32\profapi.dll
0x00007ff969240000 - 0x00007ff969258000 	C:\Users\USER\.antigravity-ide\extensions\redhat.java-1.56.0-win32-x64\jre\21.0.12.1-win32-x86_64\bin\zip.dll
0x00007ff977af0000 - 0x00007ff977b00000 	C:\Users\USER\.antigravity-ide\extensions\redhat.java-1.56.0-win32-x64\jre\21.0.12.1-win32-x86_64\bin\net.dll
0x00007ff98cc30000 - 0x00007ff98cd59000 	C:\WINDOWS\SYSTEM32\WINHTTP.dll
0x00007ff991c30000 - 0x00007ff991c9c000 	C:\WINDOWS\system32\mswsock.dll
0x00007ff9630b0000 - 0x00007ff9630c6000 	C:\Users\USER\.antigravity-ide\extensions\redhat.java-1.56.0-win32-x64\jre\21.0.12.1-win32-x86_64\bin\nio.dll
0x00007ff974d80000 - 0x00007ff974d90000 	C:\Users\USER\.antigravity-ide\extensions\redhat.java-1.56.0-win32-x64\jre\21.0.12.1-win32-x86_64\bin\verify.dll
0x00007ff9687a0000 - 0x00007ff9687c7000 	D:\gradle_cache\native\c067742578af261105cb4f569cf0c3c89f3d7b1fecec35dd04571415982c5e48\windows-amd64\native-platform.dll
0x00007ff92ac40000 - 0x00007ff92ad84000 	D:\gradle_cache\native\38dada09dfb8b06ba9b0570ebf7e218e3eb74d4ef43ca46872605cf95ebc2f47\windows-amd64\native-platform-file-events.dll
0x00007ff9900d0000 - 0x00007ff9900da000 	C:\Users\USER\.antigravity-ide\extensions\redhat.java-1.56.0-win32-x64\jre\21.0.12.1-win32-x86_64\bin\management.dll
0x00007ff98e060000 - 0x00007ff98e06c000 	C:\Users\USER\.antigravity-ide\extensions\redhat.java-1.56.0-win32-x64\jre\21.0.12.1-win32-x86_64\bin\management_ext.dll
0x00007ff995bf0000 - 0x00007ff995bf8000 	C:\WINDOWS\System32\PSAPI.DLL
0x00007ff992030000 - 0x00007ff99204b000 	C:\WINDOWS\SYSTEM32\CRYPTSP.dll
0x00007ff991640000 - 0x00007ff991679000 	C:\WINDOWS\system32\rsaenh.dll
0x00007ff991ce0000 - 0x00007ff991d13000 	C:\WINDOWS\SYSTEM32\USERENV.dll
0x00007ff992880000 - 0x00007ff9928aa000 	C:\WINDOWS\SYSTEM32\bcrypt.dll
0x00007ff991e90000 - 0x00007ff991e9c000 	C:\WINDOWS\SYSTEM32\CRYPTBASE.dll
0x00007ff9910d0000 - 0x00007ff991102000 	C:\WINDOWS\SYSTEM32\IPHLPAPI.DLL
0x00007ff993da0000 - 0x00007ff993daa000 	C:\WINDOWS\System32\NSI.dll
0x00007ff9900e0000 - 0x00007ff9900e9000 	C:\Users\USER\.antigravity-ide\extensions\redhat.java-1.56.0-win32-x64\jre\21.0.12.1-win32-x86_64\bin\extnet.dll
0x00007ff9900f0000 - 0x00007ff9900fe000 	C:\Users\USER\.antigravity-ide\extensions\redhat.java-1.56.0-win32-x64\jre\21.0.12.1-win32-x86_64\bin\sunmscapi.dll
0x00007ff992990000 - 0x00007ff992b08000 	C:\WINDOWS\System32\CRYPT32.dll
0x00007ff992190000 - 0x00007ff9921c0000 	C:\WINDOWS\SYSTEM32\ncrypt.dll
0x00007ff992140000 - 0x00007ff99217f000 	C:\WINDOWS\SYSTEM32\NTASN1.dll
0x00007ff93c270000 - 0x00007ff93c278000 	C:\WINDOWS\system32\wshunix.dll

JVMTI agents:
D:\gradle_cache\wrapper\dists\gradle-8.7-bin\bhs2wmbdwecv87pi65oeuq5iu\gradle-8.7\lib\agents\gradle-instrumentation-agent-8.7.jar path:C:\Users\USER\.antigravity-ide\extensions\redhat.java-1.56.0-win32-x64\jre\21.0.12.1-win32-x86_64\bin\instrument.dll, loaded, initialized, instrumentlib options:none

dbghelp: loaded successfully - version: 4.0.5 - missing functions: none
symbol engine: initialized successfully - sym options: 0x614 - pdb path: .;C:\Users\USER\.antigravity-ide\extensions\redhat.java-1.56.0-win32-x64\jre\21.0.12.1-win32-x86_64\bin;C:\WINDOWS\SYSTEM32;C:\WINDOWS\WinSxS\amd64_microsoft.windows.common-controls_6595b64144ccf1df_6.0.26100.8457_none_3e0b2faee331e92d;C:\Users\USER\.antigravity-ide\extensions\redhat.java-1.56.0-win32-x64\jre\21.0.12.1-win32-x86_64\bin\server;D:\gradle_cache\native\c067742578af261105cb4f569cf0c3c89f3d7b1fecec35dd04571415982c5e48\windows-amd64;D:\gradle_cache\native\38dada09dfb8b06ba9b0570ebf7e218e3eb74d4ef43ca46872605cf95ebc2f47\windows-amd64

VM Arguments:
jvm_args: -XX:MaxMetaspaceSize=512m --add-opens=java.base/java.util=ALL-UNNAMED --add-opens=java.base/java.lang=ALL-UNNAMED --add-opens=java.base/java.lang.invoke=ALL-UNNAMED --add-opens=java.prefs/java.util.prefs=ALL-UNNAMED --add-opens=java.base/java.nio.charset=ALL-UNNAMED --add-opens=java.base/java.net=ALL-UNNAMED --add-opens=java.base/java.util.concurrent.atomic=ALL-UNNAMED -Xmx2048m -Dfile.encoding=utf8 -Duser.country=US -Duser.language=en -Duser.variant -javaagent:D:\gradle_cache\wrapper\dists\gradle-8.7-bin\bhs2wmbdwecv87pi65oeuq5iu\gradle-8.7\lib\agents\gradle-instrumentation-agent-8.7.jar 
java_command: org.gradle.launcher.daemon.bootstrap.GradleDaemon 8.7
java_class_path (initial): D:\gradle_cache\wrapper\dists\gradle-8.7-bin\bhs2wmbdwecv87pi65oeuq5iu\gradle-8.7\lib\gradle-launcher-8.7.jar
Launcher Type: SUN_STANDARD

[Global flags]
     intx CICompilerCount                          = 4                                         {product} {ergonomic}
   size_t CompressedClassSpaceSize                 = 436207616                                 {product} {ergonomic}
     uint ConcGCThreads                            = 2                                         {product} {ergonomic}
     uint G1ConcRefinementThreads                  = 8                                         {product} {ergonomic}
   size_t G1HeapRegionSize                         = 1048576                                   {product} {ergonomic}
    uintx GCDrainStackTargetSize                   = 64                                        {product} {ergonomic}
   size_t InitialHeapSize                          = 266338304                                 {product} {ergonomic}
   size_t MarkStackSize                            = 4194304                                   {product} {ergonomic}
   size_t MaxHeapSize                              = 2147483648                                {product} {command line}
   size_t MaxMetaspaceSize                         = 536870912                                 {product} {command line}
   size_t MaxNewSize                               = 1287651328                                {product} {ergonomic}
   size_t MinHeapDeltaBytes                        = 1048576                                   {product} {ergonomic}
   size_t MinHeapSize                              = 8388608                                   {product} {ergonomic}
    uintx NonNMethodCodeHeapSize                   = 5839372                                {pd product} {ergonomic}
    uintx NonProfiledCodeHeapSize                  = 122909434                              {pd product} {ergonomic}
    uintx ProfiledCodeHeapSize                     = 122909434                              {pd product} {ergonomic}
    uintx ReservedCodeCacheSize                    = 251658240                              {pd product} {ergonomic}
     bool SegmentedCodeCache                       = true                                      {product} {ergonomic}
   size_t SoftMaxHeapSize                          = 2147483648                             {manageable} {ergonomic}
     bool UseCompressedOops                        = true                           {product lp64_product} {ergonomic}
     bool UseG1GC                                  = true                                      {product} {ergonomic}
     bool UseLargePagesIndividualAllocation        = false                                  {pd product} {ergonomic}

Logging:
Log output configuration:
 #0: stdout all=warning uptime,level,tags foldmultilines=false
 #1: stderr all=off uptime,level,tags foldmultilines=false

Release file:
JAVA_VERSION="21.0.12.1" 
MODULES="java.base java.compiler java.datatransfer java.xml java.prefs java.desktop java.instrument java.logging java.management java.security.sasl java.naming java.rmi java.management.rmi java.net.http java.scripting java.security.jgss java.transaction.xa java.sql java.sql.rowset java.xml.crypto java.se java.smartcardio jdk.accessibility jdk.internal.jvmstat jdk.attach jdk.charsets jdk.internal.opt jdk.zipfs jdk.compiler jdk.crypto.ec jdk.crypto.cryptoki jdk.crypto.mscapi jdk.dynalink jdk.internal.ed jdk.editpad jdk.hotspot.agent jdk.httpserver jdk.internal.le jdk.internal.vm.ci jdk.internal.vm.compiler jdk.internal.vm.compiler.management jdk.jartool jdk.javadoc jdk.jcmd jdk.management jdk.management.agent jdk.jconsole jdk.jdeps jdk.jdwp.agent jdk.jdi jdk.jfr jdk.jshell jdk.jsobject jdk.jstatd jdk.localedata jdk.management.jfr jdk.naming.dns jdk.naming.rmi jdk.net jdk.nio.mapmode jdk.random jdk.sctp jdk.security.auth jdk.security.jgss jdk.unsupported jdk.unsupported.desktop jdk.xml.dom" 

Environment Variables:
PATH=C:\Program Files\Common Files\Oracle\Java\javapath;C:\Program Files (x86)\Common Files\Intel\Shared Libraries\redist\intel64\compiler;C:\WINDOWS\system32;C:\WINDOWS;C:\WINDOWS\System32\Wbem;C:\WINDOWS\System32\WindowsPowerShell\v1.0\;C:\WINDOWS\System32\OpenSSH\;C:\ProgramData\chocolatey\bin;C:\Program Files\Git\cmd;C:\Users\USER\AppData\Roaming\nvm;C:\Program Files\nodejs;C:\Program Files\nodejs\;D:\flutter\bin;C:\Users\USER\AppData\Local\Android\Sdk\platform-tools;D:\Java;C:\Users\USER\AppData\Local\Android\Sdk\tools\bin;C:\Users\USER\AppData\Local\Microsoft\WindowsApps;C:\Users\USER\AppData\Local\Programs\Microsoft VS Code\bin;C:\Program Files\Git\bin;C:\Users\USER\AppData\Roaming\npm;C:\Users\USER\AppData\Local\Pub\Cache\bin;C:\Program Files\Android\Android Studio\bin;D:\cursor\resources\app\bin;C:\Users\USER\AppData\Local\PowerToys\;C:\Users\USER\AppData\Local\Programs\Antigravity IDE\bin
USERNAME=USER
OS=Windows_NT
PROCESSOR_IDENTIFIER=Intel64 Family 6 Model 165 Stepping 3, GenuineIntel
TMP=C:\Users\USER\AppData\Local\Temp
TEMP=C:\Users\USER\AppData\Local\Temp




Periodic native trim disabled

---------------  S Y S T E M  ---------------

OS:
 Windows 11 , 64 bit Build 26100 (10.0.26100.8328)
OS uptime: 0 days 5:52 hours
Hyper-V role detected

CPU: total 8 (initial active 8) (4 cores per cpu, 2 threads per core) family 6 model 165 stepping 3 microcode 0xea, cx8, cmov, fxsr, ht, mmx, 3dnowpref, sse, sse2, sse3, ssse3, sse4.1, sse4.2, popcnt, lzcnt, tsc, tscinvbit, avx, avx2, aes, erms, clmul, bmi1, bmi2, adx, fma, vzeroupper, clflush, clflushopt, hv, rdtscp, f16c
Processor Information for the first 8 processors :
  Max Mhz: 3696, Current Mhz: 3696, Mhz Limit: 3696

Memory: 4k page, system-wide physical 16165M (906M free)
TotalPageFile size 28450M (AvailPageFile size 576M)
current process WorkingSet (physical memory assigned to process): 266M, peak: 273M
current process commit charge ("private bytes"): 301M, peak: 418M

vm_info: OpenJDK 64-Bit Server VM (21.0.12.1+1-LTS) for windows-amd64 JRE (21.0.12.1+1-LTS), built on 2026-08-18T00:00:00Z by "admin" with MS VC++ 17.12 (VS2022)

END.
