#
# There is insufficient memory for the Java Runtime Environment to continue.
# Native memory allocation (mmap) failed to map 65536 bytes. Error detail: Failed to commit metaspace.
# Possible reasons:
#   The system is out of physical RAM or swap space
#   This process is running with CompressedOops enabled, and the Java Heap may be blocking the growth of the native heap
# Possible solutions:
#   Reduce memory load on the system
#   Increase physical memory or swap space
#   Check if swap backing store is full
#   Decrease Java heap size (-Xmx/-Xms)
#   Decrease number of Java threads
#   Decrease Java thread stack sizes (-Xss)
#   Set larger code cache with -XX:ReservedCodeCacheSize=
#   JVM is running with Unscaled Compressed Oops mode in which the Java heap is
#     placed in the first 4GB address space. The Java Heap base address is the
#     maximum limit for the native heap growth. Please use -XX:HeapBaseMinAddress
#     to set the Java Heap base and to place the Java Heap above 4GB virtual address.
# This output file may be truncated or incomplete.
#
#  Out of Memory Error (virtualSpaceNode.cpp:113), pid=15776, tid=16268
#
# JRE version: OpenJDK Runtime Environment Temurin-21.0.12.1+1 (21.0.12.1+1) (build 21.0.12.1+1-LTS)
# Java VM: OpenJDK 64-Bit Server VM Temurin-21.0.12.1+1 (21.0.12.1+1-LTS, mixed mode, sharing, tiered, compressed oops, compressed class ptrs, g1 gc, windows-amd64)
# No core dump will be written. Minidumps are not enabled by default on client versions of Windows
#

---------------  S U M M A R Y ------------

Command Line: -XX:MaxMetaspaceSize=512m --add-opens=java.base/java.util=ALL-UNNAMED --add-opens=java.base/java.lang=ALL-UNNAMED --add-opens=java.base/java.lang.invoke=ALL-UNNAMED --add-opens=java.prefs/java.util.prefs=ALL-UNNAMED --add-opens=java.base/java.nio.charset=ALL-UNNAMED --add-opens=java.base/java.net=ALL-UNNAMED --add-opens=java.base/java.util.concurrent.atomic=ALL-UNNAMED -Xmx2048m -Dfile.encoding=utf8 -Duser.country=US -Duser.language=en -Duser.variant -javaagent:D:\gradle_cache\wrapper\dists\gradle-8.7-bin\bhs2wmbdwecv87pi65oeuq5iu\gradle-8.7\lib\agents\gradle-instrumentation-agent-8.7.jar org.gradle.launcher.daemon.bootstrap.GradleDaemon 8.7

Host: Intel(R) Core(TM) i3-10105 CPU @ 3.70GHz, 8 cores, 15G,  Windows 11 , 64 bit Build 26100 (10.0.26100.8328)
Time: Wed Sep 23 14:56:34 2026 India Standard Time elapsed time: 42.858270 seconds (0d 0h 0m 42s)

---------------  T H R E A D  ---------------

Current thread (0x000001ec42a5e910):  JavaThread "Daemon worker"        [_thread_in_vm, id=16268, stack(0x0000001cdd500000,0x0000001cdd600000) (1024K)]

Stack: [0x0000001cdd500000,0x0000001cdd600000]
Native frames: (J=compiled Java code, j=interpreted, Vv=VM code, C=native code)
V  [jvm.dll+0x6d83e9]
V  [jvm.dll+0x8b5736]
V  [jvm.dll+0x8b7cee]
V  [jvm.dll+0x8b83d3]
V  [jvm.dll+0x284596]
V  [jvm.dll+0x8b147e]
V  [jvm.dll+0x679ad4]
V  [jvm.dll+0x1e849b]
V  [jvm.dll+0x1e825e]
V  [jvm.dll+0x67c3d2]
V  [jvm.dll+0x67c202]
V  [jvm.dll+0x67a4ae]
V  [jvm.dll+0x68b5ad]
V  [jvm.dll+0x68492e]
V  [jvm.dll+0x3ddbe1]
C  0x000001ec145abc1b

The last pc belongs to method entry point (kind = zerolocals) (printed below).
Java frames: (J=compiled Java code, j=interpreted, Vv=VM code)
j  org.gradle.configurationcache.flow.BuildFlowScope$State$Initial.getPendingActions()Ljava/util/List;+0
j  org.gradle.configurationcache.flow.BuildFlowScope.schedulePendingActions()V+8
j  org.gradle.configurationcache.flow.BuildFlowScope.buildFinished(Lorg/gradle/BuildResult;)V+15
J 4801 c1 java.lang.invoke.LambdaForm$DMH+0x000001ec230a0000.invokeInterface(Ljava/lang/Object;Ljava/lang/Object;Ljava/lang/Object;)V java.base@21.0.12.1 (28 bytes) @ 0x000001ec0d88abf4 [0x000001ec0d88a580+0x0000000000000674]
j  java.lang.invoke.LambdaForm$MH+0x000001ec230c0800.invoke(Ljava/lang/Object;Ljava/lang/Object;Ljava/lang/Object;)Ljava/lang/Object;+52 java.base@21.0.12.1
J 2086 c1 jdk.internal.reflect.DirectMethodHandleAccessor.invoke(Ljava/lang/Object;[Ljava/lang/Object;)Ljava/lang/Object; java.base@21.0.12.1 (92 bytes) @ 0x000001ec0d44643c [0x000001ec0d444840+0x0000000000001bfc]
J 7179 c1 org.gradle.internal.dispatch.ReflectionDispatch.dispatch(Lorg/gradle/internal/dispatch/MethodInvocation;)V (42 bytes) @ 0x000001ec0dbfd204 [0x000001ec0dbfc960+0x00000000000008a4]
J 4230 c1 org.gradle.internal.dispatch.ReflectionDispatch.dispatch(Ljava/lang/Object;)V (9 bytes) @ 0x000001ec0d0dea3c [0x000001ec0d0de8c0+0x000000000000017c]
j  org.gradle.internal.event.DefaultListenerManager$ListenerDetails.dispatch(Lorg/gradle/internal/dispatch/MethodInvocation;)V+15
j  org.gradle.internal.event.DefaultListenerManager$ListenerDetails.dispatch(Ljava/lang/Object;)V+5
j  org.gradle.internal.event.AbstractBroadcastDispatch.dispatch(Lorg/gradle/internal/dispatch/MethodInvocation;Ljava/util/Iterator;)V+25
J 5035 c1 org.gradle.internal.event.AbstractBroadcastDispatch.dispatch(Lorg/gradle/internal/dispatch/MethodInvocation;Ljava/util/List;)V (65 bytes) @ 0x000001ec0d90517c [0x000001ec0d904f20+0x000000000000025c]
J 6649 c1 org.gradle.internal.event.DefaultListenerManager$EventBroadcast$ListenerDispatch.dispatch(Lorg/gradle/internal/dispatch/MethodInvocation;)V (41 bytes) @ 0x000001ec0d2a4c8c [0x000001ec0d2a4b00+0x000000000000018c]
J 6651 c1 org.gradle.internal.event.DefaultListenerManager$EventBroadcast$ListenerDispatch.dispatch(Ljava/lang/Object;)V (9 bytes) @ 0x000001ec0d31693c [0x000001ec0d3167c0+0x000000000000017c]
J 4229 c1 org.gradle.internal.event.AbstractBroadcastDispatch.dispatch(Lorg/gradle/internal/dispatch/MethodInvocation;Lorg/gradle/internal/dispatch/Dispatch;)V (74 bytes) @ 0x000001ec0d0abb84 [0x000001ec0d0aba60+0x0000000000000124]
J 4787 c1 org.gradle.internal.event.BroadcastDispatch$SingletonDispatch.dispatch(Ljava/lang/Object;)V (9 bytes) @ 0x000001ec0d0a6f7c [0x000001ec0d0a6d40+0x000000000000023c]
j  org.gradle.internal.event.AbstractBroadcastDispatch.dispatch(Lorg/gradle/internal/dispatch/MethodInvocation;Ljava/util/Iterator;)V+25
J 5035 c1 org.gradle.internal.event.AbstractBroadcastDispatch.dispatch(Lorg/gradle/internal/dispatch/MethodInvocation;Ljava/util/List;)V (65 bytes) @ 0x000001ec0d90517c [0x000001ec0d904f20+0x000000000000025c]
j  org.gradle.internal.event.BroadcastDispatch$CompositeDispatch.dispatch(Lorg/gradle/internal/dispatch/MethodInvocation;)V+6
j  org.gradle.internal.event.BroadcastDispatch$CompositeDispatch.dispatch(Ljava/lang/Object;)V+5
J 7536 c1 org.gradle.internal.event.ListenerBroadcast.dispatch(Ljava/lang/Object;)V (9 bytes) @ 0x000001ec0dcca114 [0x000001ec0dcc9e60+0x00000000000002b4]
J 7100 c1 org.gradle.internal.dispatch.ProxyDispatchAdapter$DispatchingInvocationHandler.invoke(Ljava/lang/Object;Ljava/lang/reflect/Method;[Ljava/lang/Object;)Ljava/lang/Object; (184 bytes) @ 0x000001ec0d54436c [0x000001ec0d542cc0+0x00000000000016ac]
j  jdk.proxy1.$Proxy38.buildFinished(Lorg/gradle/BuildResult;)V+16 jdk.proxy1
j  org.gradle.internal.build.DefaultBuildLifecycleController.lambda$finishBuild$11(Lorg/gradle/BuildResult;)V+5
j  org.gradle.internal.build.DefaultBuildLifecycleController$$Lambda+0x000001ec23a5b628.run()V+8
j  org.gradle.internal.build.ExecutionResult.maybeFailing(Ljava/lang/Runnable;)Lorg/gradle/internal/build/ExecutionResult;+1
j  org.gradle.internal.build.DefaultBuildLifecycleController.lambda$finishBuild$12(Ljava/lang/Throwable;Lorg/gradle/internal/build/ExecutionResult;)Lorg/gradle/internal/build/ExecutionResult;+68
j  org.gradle.internal.build.DefaultBuildLifecycleController$$Lambda+0x000001ec23a5b1b8.apply(Ljava/lang/Object;)Ljava/lang/Object;+12
j  org.gradle.internal.model.StateTransitionController.doTransitionWithFailures(Lorg/gradle/internal/model/StateTransitionController$State;Ljava/util/function/Function;Lorg/gradle/internal/model/StateTransitionController$CurrentState;)Lorg/gradle/internal/build/ExecutionResult;+18
j  org.gradle.internal.model.StateTransitionController.lambda$transition$13(Ljava/util/List;Lorg/gradle/internal/model/StateTransitionController$State;Ljava/util/function/Function;)Lorg/gradle/internal/build/ExecutionResult;+19
j  org.gradle.internal.model.StateTransitionController$$Lambda+0x000001ec23a5b400.create()Ljava/lang/Object;+16
j  org.gradle.internal.work.DefaultSynchronizer.withLock(Lorg/gradle/internal/Factory;)Ljava/lang/Object;+6
j  org.gradle.internal.model.StateTransitionController.transition(Ljava/util/List;Lorg/gradle/internal/model/StateTransitionController$State;Ljava/util/function/Function;)Lorg/gradle/internal/build/ExecutionResult;+13
j  org.gradle.internal.build.DefaultBuildLifecycleController.finishBuild(Ljava/lang/Throwable;)Lorg/gradle/internal/build/ExecutionResult;+17
j  org.gradle.composite.internal.DefaultIncludedBuild.finishBuild()Lorg/gradle/internal/build/ExecutionResult;+5
j  org.gradle.internal.buildtree.DefaultBuildTreeFinishExecutor.lambda$finishBuildTree$0(Ljava/util/List;Lorg/gradle/internal/build/BuildState;)V+11
j  org.gradle.internal.buildtree.DefaultBuildTreeFinishExecutor$$Lambda+0x000001ec23a5af80.accept(Ljava/lang/Object;)V+8
j  org.gradle.composite.internal.DefaultIncludedBuildRegistry.visitBuilds(Ljava/util/function/Consumer;)V+61
j  org.gradle.internal.buildtree.DefaultBuildTreeFinishExecutor.finishBuildTree(Ljava/util/List;)Ljava/lang/RuntimeException;+19
j  org.gradle.composite.internal.OperationFiringBuildTreeFinishExecutor$1.call(Lorg/gradle/internal/operations/BuildOperationContext;)Ljava/lang/RuntimeException;+11
j  org.gradle.composite.internal.OperationFiringBuildTreeFinishExecutor$1.call(Lorg/gradle/internal/operations/BuildOperationContext;)Ljava/lang/Object;+2
j  org.gradle.internal.operations.DefaultBuildOperationRunner$CallableBuildOperationWorker.execute(Lorg/gradle/internal/operations/CallableBuildOperation;Lorg/gradle/internal/operations/BuildOperationContext;)V+3
j  org.gradle.internal.operations.DefaultBuildOperationRunner$CallableBuildOperationWorker.execute(Lorg/gradle/internal/operations/BuildOperation;Lorg/gradle/internal/operations/BuildOperationContext;)V+6
J 7544 c1 org.gradle.internal.operations.DefaultBuildOperationRunner$2.execute(Lorg/gradle/internal/operations/BuildOperationDescriptor;Lorg/gradle/internal/operations/BuildOperationState;Lorg/gradle/internal/operations/BuildOperationState;Lorg/gradle/internal/operations/DefaultBuildOperationRunner$ReadableBuildOperationContext;Lorg/gradle/internal/operations/DefaultBuildOperationRunner$BuildOperationExecutionListener;)Lorg/gradle/internal/operations/BuildOperation; (110 bytes) @ 0x000001ec0dccd544 [0x000001ec0dccd340+0x0000000000000204]
J 7543 c1 org.gradle.internal.operations.DefaultBuildOperationRunner$2.execute(Lorg/gradle/internal/operations/BuildOperationDescriptor;Lorg/gradle/internal/operations/BuildOperationState;Lorg/gradle/internal/operations/BuildOperationState;Lorg/gradle/internal/operations/DefaultBuildOperationRunner$ReadableBuildOperationContext;Lorg/gradle/internal/operations/DefaultBuildOperationRunner$BuildOperationExecutionListener;)Ljava/lang/Object; (12 bytes) @ 0x000001ec0dcccf3c [0x000001ec0dcccec0+0x000000000000007c]
J 7072 c1 org.gradle.internal.operations.DefaultBuildOperationRunner.execute(Lorg/gradle/internal/operations/BuildOperationDescriptor$Builder;Lorg/gradle/internal/operations/BuildOperationState;Lorg/gradle/internal/operations/DefaultBuildOperationRunner$BuildOperationExecution;)Ljava/lang/Object; (147 bytes) @ 0x000001ec0d6b2994 [0x000001ec0d6b1e00+0x0000000000000b94]
J 7070 c1 org.gradle.internal.operations.DefaultBuildOperationRunner.execute(Lorg/gradle/internal/operations/BuildOperation;Lorg/gradle/internal/operations/BuildOperationWorker;Lorg/gradle/internal/operations/BuildOperationState;)V (23 bytes) @ 0x000001ec0d354a94 [0x000001ec0d3547e0+0x00000000000002b4]
j  org.gradle.internal.operations.DefaultBuildOperationRunner.call(Lorg/gradle/internal/operations/CallableBuildOperation;)Ljava/lang/Object;+16
j  org.gradle.internal.operations.DefaultBuildOperationExecutor.call(Lorg/gradle/internal/operations/CallableBuildOperation;)Ljava/lang/Object;+5
j  org.gradle.composite.internal.OperationFiringBuildTreeFinishExecutor.finishBuildTree(Ljava/util/List;)Ljava/lang/RuntimeException;+13
j  org.gradle.internal.buildtree.DefaultBuildTreeLifecycleController.lambda$runBuild$4(Ljava/util/function/Supplier;)Ljava/lang/Object;+27
j  org.gradle.internal.buildtree.DefaultBuildTreeLifecycleController$$Lambda+0x000001ec23395470.get()Ljava/lang/Object;+8
j  org.gradle.internal.model.StateTransitionController.lambda$transition$6(Ljava/util/function/Supplier;)Lorg/gradle/internal/build/ExecutionResult;+1
j  org.gradle.internal.model.StateTransitionController$$Lambda+0x000001ec233958c0.get()Ljava/lang/Object;+4
j  org.gradle.internal.model.StateTransitionController.doTransition(Lorg/gradle/internal/model/StateTransitionController$State;Lorg/gradle/internal/model/StateTransitionController$State;Ljava/util/function/Supplier;)Lorg/gradle/internal/build/ExecutionResult;+24
j  org.gradle.internal.model.StateTransitionController.lambda$transition$7(Lorg/gradle/internal/model/StateTransitionController$State;Lorg/gradle/internal/model/StateTransitionController$State;Ljava/util/function/Supplier;)Ljava/lang/Object;+9
j  org.gradle.internal.model.StateTransitionController$$Lambda+0x000001ec23395698.create()Ljava/lang/Object;+16
j  org.gradle.internal.work.DefaultSynchronizer.withLock(Lorg/gradle/internal/Factory;)Ljava/lang/Object;+6
j  org.gradle.internal.model.StateTransitionController.transition(Lorg/gradle/internal/model/StateTransitionController$State;Lorg/gradle/internal/model/StateTransitionController$State;Ljava/util/function/Supplier;)Ljava/lang/Object;+13
j  org.gradle.internal.buildtree.DefaultBuildTreeLifecycleController.runBuild(Ljava/util/function/Supplier;)Ljava/lang/Object;+17
j  org.gradle.internal.buildtree.DefaultBuildTreeLifecycleController.fromBuildModel(ZLorg/gradle/internal/buildtree/BuildTreeModelAction;)Ljava/lang/Object;+9
j  org.gradle.tooling.internal.provider.runner.BuildModelActionRunner.run(Lorg/gradle/internal/invocation/BuildAction;Lorg/gradle/internal/buildtree/BuildTreeLifecycleController;)Lorg/gradle/internal/buildtree/BuildActionRunner$Result;+40
j  org.gradle.launcher.exec.ChainingBuildActionRunner.run(Lorg/gradle/internal/invocation/BuildAction;Lorg/gradle/internal/buildtree/BuildTreeLifecycleController;)Lorg/gradle/internal/buildtree/BuildActionRunner$Result;+34
j  org.gradle.internal.buildtree.ProblemReportingBuildActionRunner.run(Lorg/gradle/internal/invocation/BuildAction;Lorg/gradle/internal/buildtree/BuildTreeLifecycleController;)Lorg/gradle/internal/buildtree/BuildActionRunner$Result;+12
j  org.gradle.launcher.exec.BuildOutcomeReportingBuildActionRunner.run(Lorg/gradle/internal/invocation/BuildAction;Lorg/gradle/internal/buildtree/BuildTreeLifecycleController;)Lorg/gradle/internal/buildtree/BuildActionRunner$Result;+69
j  org.gradle.tooling.internal.provider.FileSystemWatchingBuildActionRunner.run(Lorg/gradle/internal/invocation/BuildAction;Lorg/gradle/internal/buildtree/BuildTreeLifecycleController;)Lorg/gradle/internal/buildtree/BuildActionRunner$Result;+335
j  org.gradle.launcher.exec.BuildCompletionNotifyingBuildActionRunner.run(Lorg/gradle/internal/invocation/BuildAction;Lorg/gradle/internal/buildtree/BuildTreeLifecycleController;)Lorg/gradle/internal/buildtree/BuildActionRunner$Result;+6
j  org.gradle.launcher.exec.RootBuildLifecycleBuildActionExecutor.lambda$execute$0(Lorg/gradle/internal/invocation/BuildAction;Lorg/gradle/internal/buildtree/BuildTreeLifecycleController;)Lorg/gradle/internal/buildtree/BuildActionRunner$Result;+6
j  org.gradle.launcher.exec.RootBuildLifecycleBuildActionExecutor$$Lambda+0x000001ec23384208.apply(Ljava/lang/Object;)Ljava/lang/Object;+12
j  org.gradle.composite.internal.DefaultRootBuildState.run(Ljava/util/function/Function;)Ljava/lang/Object;+87
j  org.gradle.launcher.exec.RootBuildLifecycleBuildActionExecutor.execute(Lorg/gradle/internal/invocation/BuildAction;Lorg/gradle/internal/buildtree/BuildTreeContext;)Lorg/gradle/internal/buildtree/BuildActionRunner$Result;+28
j  org.gradle.internal.buildtree.InitDeprecationLoggingActionExecutor.execute(Lorg/gradle/internal/invocation/BuildAction;Lorg/gradle/internal/buildtree/BuildTreeContext;)Lorg/gradle/internal/buildtree/BuildActionRunner$Result;+83
j  org.gradle.internal.buildtree.InitProblems.execute(Lorg/gradle/internal/invocation/BuildAction;Lorg/gradle/internal/buildtree/BuildTreeContext;)Lorg/gradle/internal/buildtree/BuildActionRunner$Result;+13
j  org.gradle.internal.buildtree.DefaultBuildTreeContext.execute(Lorg/gradle/internal/invocation/BuildAction;)Lorg/gradle/internal/buildtree/BuildActionRunner$Result;+64
j  org.gradle.launcher.exec.BuildTreeLifecycleBuildActionExecutor.lambda$execute$0(Lorg/gradle/internal/invocation/BuildAction;Lorg/gradle/internal/buildtree/BuildTreeContext;)Lorg/gradle/internal/buildtree/BuildActionRunner$Result;+2
j  org.gradle.launcher.exec.BuildTreeLifecycleBuildActionExecutor$$Lambda+0x000001ec2329c858.apply(Ljava/lang/Object;)Ljava/lang/Object;+8
j  org.gradle.internal.buildtree.BuildTreeState.run(Ljava/util/function/Function;)Ljava/lang/Object;+45
j  org.gradle.launcher.exec.BuildTreeLifecycleBuildActionExecutor.execute(Lorg/gradle/internal/invocation/BuildAction;Lorg/gradle/internal/session/BuildSessionContext;)Lorg/gradle/internal/buildtree/BuildActionRunner$Result;+74
j  org.gradle.launcher.exec.RunAsBuildOperationBuildActionExecutor$3.call(Lorg/gradle/internal/operations/BuildOperationContext;)Lorg/gradle/internal/buildtree/BuildActionRunner$Result;+25
j  org.gradle.launcher.exec.RunAsBuildOperationBuildActionExecutor$3.call(Lorg/gradle/internal/operations/BuildOperationContext;)Ljava/lang/Object;+2
j  org.gradle.internal.operations.DefaultBuildOperationRunner$CallableBuildOperationWorker.execute(Lorg/gradle/internal/operations/CallableBuildOperation;Lorg/gradle/internal/operations/BuildOperationContext;)V+3
j  org.gradle.internal.operations.DefaultBuildOperationRunner$CallableBuildOperationWorker.execute(Lorg/gradle/internal/operations/BuildOperation;Lorg/gradle/internal/operations/BuildOperationContext;)V+6
j  org.gradle.internal.operations.DefaultBuildOperationRunner$2.execute(Lorg/gradle/internal/operations/BuildOperationDescriptor;Lorg/gradle/internal/operations/BuildOperationState;Lorg/gradle/internal/operations/BuildOperationState;Lorg/gradle/internal/operations/DefaultBuildOperationRunner$ReadableBuildOperationContext;Lorg/gradle/internal/operations/DefaultBuildOperationRunner$BuildOperationExecutionListener;)Lorg/gradle/internal/operations/BuildOperation;+22
j  org.gradle.internal.operations.DefaultBuildOperationRunner$2.execute(Lorg/gradle/internal/operations/BuildOperationDescriptor;Lorg/gradle/internal/operations/BuildOperationState;Lorg/gradle/internal/operations/BuildOperationState;Lorg/gradle/internal/operations/DefaultBuildOperationRunner$ReadableBuildOperationContext;Lorg/gradle/internal/operations/DefaultBuildOperationRunner$BuildOperationExecutionListener;)Ljava/lang/Object;+8
j  org.gradle.internal.operations.DefaultBuildOperationRunner.execute(Lorg/gradle/internal/operations/BuildOperationDescriptor$Builder;Lorg/gradle/internal/operations/BuildOperationState;Lorg/gradle/internal/operations/DefaultBuildOperationRunner$BuildOperationExecution;)Ljava/lang/Object;+141
j  org.gradle.internal.operations.DefaultBuildOperationRunner.execute(Lorg/gradle/internal/operations/BuildOperation;Lorg/gradle/internal/operations/BuildOperationWorker;Lorg/gradle/internal/operations/BuildOperationState;)V+18
j  org.gradle.internal.operations.DefaultBuildOperationRunner.call(Lorg/gradle/internal/operations/CallableBuildOperation;)Ljava/lang/Object;+16
j  org.gradle.internal.operations.DefaultBuildOperationExecutor.call(Lorg/gradle/internal/operations/CallableBuildOperation;)Ljava/lang/Object;+5
j  org.gradle.launcher.exec.RunAsBuildOperationBuildActionExecutor.execute(Lorg/gradle/internal/invocation/BuildAction;Lorg/gradle/internal/session/BuildSessionContext;)Lorg/gradle/internal/buildtree/BuildActionRunner$Result;+23
j  org.gradle.launcher.exec.RunAsWorkerThreadBuildActionExecutor.lambda$execute$0(Lorg/gradle/internal/invocation/BuildAction;Lorg/gradle/internal/session/BuildSessionContext;)Lorg/gradle/internal/buildtree/BuildActionRunner$Result;+6
j  org.gradle.launcher.exec.RunAsWorkerThreadBuildActionExecutor$$Lambda+0x000001ec2326f7a0.create()Ljava/lang/Object;+12
j  org.gradle.internal.work.DefaultWorkerLeaseService.withLocks(Ljava/util/Collection;Lorg/gradle/internal/Factory;)Ljava/lang/Object;+28
j  org.gradle.internal.work.DefaultWorkerLeaseService.runAsWorkerThread(Lorg/gradle/internal/Factory;)Ljava/lang/Object;+33
j  org.gradle.launcher.exec.RunAsWorkerThreadBuildActionExecutor.execute(Lorg/gradle/internal/invocation/BuildAction;Lorg/gradle/internal/session/BuildSessionContext;)Lorg/gradle/internal/buildtree/BuildActionRunner$Result;+12
j  org.gradle.tooling.internal.provider.continuous.ContinuousBuildActionExecutor.execute(Lorg/gradle/internal/invocation/BuildAction;Lorg/gradle/internal/session/BuildSessionContext;)Lorg/gradle/internal/buildtree/BuildActionRunner$Result;+58
j  org.gradle.tooling.internal.provider.SubscribableBuildActionExecutor.execute(Lorg/gradle/internal/invocation/BuildAction;Lorg/gradle/internal/session/BuildSessionContext;)Lorg/gradle/internal/buildtree/BuildActionRunner$Result;+30
j  org.gradle.internal.session.DefaultBuildSessionContext.execute(Lorg/gradle/internal/invocation/BuildAction;)Lorg/gradle/internal/buildtree/BuildActionRunner$Result;+64
j  org.gradle.tooling.internal.provider.BuildSessionLifecycleBuildActionExecuter$ActionImpl.apply(Lorg/gradle/internal/session/BuildSessionContext;)Lorg/gradle/launcher/exec/BuildActionResult;+6
j  org.gradle.tooling.internal.provider.BuildSessionLifecycleBuildActionExecuter$ActionImpl.apply(Ljava/lang/Object;)Ljava/lang/Object;+5
j  org.gradle.internal.session.BuildSessionState.run(Ljava/util/function/Function;)Ljava/lang/Object;+5
j  org.gradle.tooling.internal.provider.BuildSessionLifecycleBuildActionExecuter.execute(Lorg/gradle/internal/invocation/BuildAction;Lorg/gradle/launcher/exec/BuildActionParameters;Lorg/gradle/initialization/BuildRequestContext;)Lorg/gradle/launcher/exec/BuildActionResult;+95
j  org.gradle.tooling.internal.provider.BuildSessionLifecycleBuildActionExecuter.execute(Lorg/gradle/internal/invocation/BuildAction;Ljava/lang/Object;Ljava/lang/Object;)Lorg/gradle/launcher/exec/BuildActionResult;+10
j  org.gradle.tooling.internal.provider.StartParamsValidatingActionExecuter.execute(Lorg/gradle/internal/invocation/BuildAction;Lorg/gradle/launcher/exec/BuildActionParameters;Lorg/gradle/initialization/BuildRequestContext;)Lorg/gradle/launcher/exec/BuildActionResult;+203
j  org.gradle.tooling.internal.provider.StartParamsValidatingActionExecuter.execute(Lorg/gradle/internal/invocation/BuildAction;Ljava/lang/Object;Ljava/lang/Object;)Lorg/gradle/launcher/exec/BuildActionResult;+10
j  org.gradle.tooling.internal.provider.SessionFailureReportingActionExecuter.execute(Lorg/gradle/internal/invocation/BuildAction;Lorg/gradle/launcher/exec/BuildActionParameters;Lorg/gradle/initialization/BuildRequestContext;)Lorg/gradle/launcher/exec/BuildActionResult;+7
j  org.gradle.tooling.internal.provider.SessionFailureReportingActionExecuter.execute(Lorg/gradle/internal/invocation/BuildAction;Ljava/lang/Object;Ljava/lang/Object;)Lorg/gradle/launcher/exec/BuildActionResult;+10
j  org.gradle.tooling.internal.provider.SetupLoggingActionExecuter.execute(Lorg/gradle/internal/invocation/BuildAction;Lorg/gradle/launcher/exec/BuildActionParameters;Lorg/gradle/initialization/BuildRequestContext;)Lorg/gradle/launcher/exec/BuildActionResult;+50
j  org.gradle.tooling.internal.provider.SetupLoggingActionExecuter.execute(Lorg/gradle/internal/invocation/BuildAction;Ljava/lang/Object;Ljava/lang/Object;)Lorg/gradle/launcher/exec/BuildActionResult;+10
j  org.gradle.launcher.daemon.server.exec.ExecuteBuild.doBuild(Lorg/gradle/launcher/daemon/server/api/DaemonCommandExecution;Lorg/gradle/launcher/daemon/protocol/Build;)V+117
j  org.gradle.launcher.daemon.server.exec.BuildCommandOnly.execute(Lorg/gradle/launcher/daemon/server/api/DaemonCommandExecution;)V+49
j  org.gradle.launcher.daemon.server.api.DaemonCommandExecution.proceed()Z+23
j  org.gradle.launcher.daemon.server.exec.WatchForDisconnection.execute(Lorg/gradle/launcher/daemon/server/api/DaemonCommandExecution;)V+19
j  org.gradle.launcher.daemon.server.api.DaemonCommandExecution.proceed()Z+23
j  org.gradle.launcher.daemon.server.exec.ResetDeprecationLogger.execute(Lorg/gradle/launcher/daemon/server/api/DaemonCommandExecution;)V+7
j  org.gradle.launcher.daemon.server.api.DaemonCommandExecution.proceed()Z+23
j  org.gradle.launcher.daemon.server.exec.RequestStopIfSingleUsedDaemon.execute(Lorg/gradle/launcher/daemon/server/api/DaemonCommandExecution;)V+33
j  org.gradle.launcher.daemon.server.api.DaemonCommandExecution.proceed()Z+23
j  org.gradle.launcher.daemon.server.exec.ForwardClientInput$2.create()Ljava/lang/Void;+4
j  org.gradle.launcher.daemon.server.exec.ForwardClientInput$2.create()Ljava/lang/Object;+1
j  org.gradle.util.internal.Swapper.swap(Ljava/lang/Object;Lorg/gradle/internal/Factory;)Ljava/lang/Object;+21
j  org.gradle.launcher.daemon.server.exec.ForwardClientInput.execute(Lorg/gradle/launcher/daemon/server/api/DaemonCommandExecution;)V+63
j  org.gradle.launcher.daemon.server.api.DaemonCommandExecution.proceed()Z+23
j  org.gradle.launcher.daemon.server.exec.LogAndCheckHealth.execute(Lorg/gradle/launcher/daemon/server/api/DaemonCommandExecution;)V+51
j  org.gradle.launcher.daemon.server.api.DaemonCommandExecution.proceed()Z+23
j  org.gradle.launcher.daemon.server.exec.LogToClient.doBuild(Lorg/gradle/launcher/daemon/server/api/DaemonCommandExecution;Lorg/gradle/launcher/daemon/protocol/Build;)V+87
j  org.gradle.launcher.daemon.server.exec.BuildCommandOnly.execute(Lorg/gradle/launcher/daemon/server/api/DaemonCommandExecution;)V+49
j  org.gradle.launcher.daemon.server.api.DaemonCommandExecution.proceed()Z+23
j  org.gradle.launcher.daemon.server.exec.EstablishBuildEnvironment.doBuild(Lorg/gradle/launcher/daemon/server/api/DaemonCommandExecution;Lorg/gradle/launcher/daemon/protocol/Build;)V+356
j  org.gradle.launcher.daemon.server.exec.BuildCommandOnly.execute(Lorg/gradle/launcher/daemon/server/api/DaemonCommandExecution;)V+49
j  org.gradle.launcher.daemon.server.api.DaemonCommandExecution.proceed()Z+23
j  org.gradle.launcher.daemon.server.exec.StartBuildOrRespondWithBusy$1.run()V+44
j  org.gradle.launcher.daemon.server.DaemonStateCoordinator$1.run()V+4
j  org.gradle.internal.concurrent.ExecutorPolicy$CatchAndRecordFailures.onExecute(Ljava/lang/Runnable;)V+1
j  org.gradle.internal.concurrent.AbstractManagedExecutor$1.run()V+25
j  java.util.concurrent.ThreadPoolExecutor.runWorker(Ljava/util/concurrent/ThreadPoolExecutor$Worker;)V+92 java.base@21.0.12.1
j  java.util.concurrent.ThreadPoolExecutor$Worker.run()V+5 java.base@21.0.12.1
j  java.lang.Thread.runWith(Ljava/lang/Object;Ljava/lang/Runnable;)V+5 java.base@21.0.12.1
j  java.lang.Thread.run()V+19 java.base@21.0.12.1
v  ~StubRoutines::call_stub 0x000001ec145a100d
method entry point (kind = zerolocals)  [0x000001ec145aba40, 0x000001ec145abe08]  968 bytes
[MachCode]
  0x000001ec145aba40: 488b 5308 | 0fb7 4a2e | 0fb7 522c | 2bd1 81fa | f501 0000 | 0f86 2500 | 0000 488b | c248 c1e0 
  0x000001ec145aba60: 0348 83c0 | 5849 0387 | d004 0000 | 483b e00f | 870a 0000 | 0058 498b | e550 e901 | acff ff58 
  0x000001ec145aba80: 4c8d 74cc | f885 d20f | 8e09 0000 | 0068 0000 | 0000 ffca | 7ff7 5055 | 488b ec41 | 5568 0000 
  0x000001ec145abaa0: 0000 4c8b | 6b08 4d8d | 6d38 5348 | 8b53 0848 | 8b52 0848 | 8b52 1848 | 8b52 7048 | 8b12 5248 
  0x000001ec145abac0: 8b53 1048 | 85d2 0f84 | 0700 0000 | 4881 c208 | 0100 0052 | 488b 5308 | 488b 5208 | 488b 5210 
  0x000001ec145abae0: 5249 8bc6 | 482b c548 | c1e8 0350 | 4155 6800 | 0000 0048 | 8924 2441 | c687 7904 | 0000 0148 
  0x000001ec145abb00: 8b45 d848 | 85c0 0f84 | 9100 0000 | 8b48 fc85 | c90f 8886 | 0000 0048 | 03c1 488b | 4808 4883 
  0x000001ec145abb20: e902 488b | 54c8 1048 | f7da 498b | 14d6 4885 | d275 10f6 | 44c8 1801 | 755d f048 | 834c c818 
  0x000001ec145abb40: 01eb 548b | 5208 49ba | 0000 0022 | ec01 0000 | 4903 d24c | 8bd2 4833 | 54c8 1848 | f7c2 fcff 
  0x000001ec145abb60: ffff 7433 | f6c2 0275 | 2e48 837c | c818 0074 | 2148 837c | c818 0174 | 1949 8bd2 | 4833 54c8 
  0x000001ec145abb80: 1848 f7c2 | fcff ffff | 740d 4883 | 4cc8 1802 | eb05 4889 | 54c8 1848 | 83e9 0279 | 8548 8b43 
  0x000001ec145abba0: 1048 85c0 | 7420 8b88 | cc00 0000 | 83c1 0289 | 88cc 0000 | 0023 88e0 | 0000 000f | 8496 0100 
  0x000001ec145abbc0: 00e9 cf00 | 0000 488b | 4318 4885 | c00f 85b0 | 0000 00e8 | 0500 0000 | e999 0000 | 0048 8bd3 
  0x000001ec145abbe0: 488d 4424 | 084c 896d | c049 8bcf | c5f8 7749 | 89af b003 | 0000 4989 | 87a0 0300 | 0048 83ec 
  0x000001ec145abc00: 2040 f6c4 | 0f0f 8419 | 0000 0048 | 83ec 0848 | b8c0 dbe4 | 3eff 7f00 | 00ff d048 | 83c4 08e9 
  0x000001ec145abc20: 0c00 0000 | 48b8 c0db | e43e ff7f | 0000 ffd0 | 4883 c420 | 49c7 87a0 | 0300 0000 | 0000 0049 
  0x000001ec145abc40: c787 b003 | 0000 0000 | 0000 49c7 | 87a8 0300 | 0000 0000 | 00c5 f877 | 4983 7f08 | 000f 8405 
  0x000001ec145abc60: 0000 00e9 | 9852 ffff | 4c8b 6dc0 | 4c8b 75c8 | 4e8d 74f5 | 00c3 488b | 4318 4885 | c00f 8412 
  0x000001ec145abc80: 0000 008b | 4808 83c1 | 0289 4808 | 2348 1c0f | 84c2 0000 | 0049 3ba7 | e804 0000 | 0f87 4800 
  0x000001ec145abca0: 0000 8984 | 2400 f0ff | ff89 8424 | 00e0 ffff | 8984 2400 | d0ff ff89 | 8424 00c0 | ffff 8984 
  0x000001ec145abcc0: 2400 b0ff | ff89 8424 | 00a0 ffff | 8984 2400 | 90ff ff89 | 8424 0080 | ffff 493b | a7e0 0400 
  0x000001ec145abce0: 0076 0749 | 89a7 e804 | 0000 41c6 | 8779 0400 | 0000 49ba | 066d 713f | ff7f 0000 | 4180 3a00 
  0x000001ec145abd00: 0f84 3e00 | 0000 488b | 55e8 498b | cf48 83ec | 2040 f6c4 | 0f0f 8419 | 0000 0048 | 83ec 0848 
  0x000001ec145abd20: b8e0 ea1a | 3fff 7f00 | 00ff d048 | 83c4 08e9 | 0c00 0000 | 48b8 e0ea | 1a3f ff7f | 0000 ffd0 
  0x000001ec145abd40: 4883 c420 | 410f b65d | 0049 ba50 | 3d74 3fff | 7f00 0041 | ff24 daba | 0000 0000 | e805 0000 
  0x000001ec145abd60: 00e9 9600 | 0000 488d | 4424 084c | 896d c049 | 8bcf c5f8 | 7749 89af | b003 0000 | 4989 87a0 
  0x000001ec145abd80: 0300 0048 | 83ec 2040 | f6c4 0f0f | 8419 0000 | 0048 83ec | 0848 b880 | e6e4 3eff | 7f00 00ff 
  0x000001ec145abda0: d048 83c4 | 08e9 0c00 | 0000 48b8 | 80e6 e43e | ff7f 0000 | ffd0 4883 | c420 49c7 | 87a0 0300 
  0x000001ec145abdc0: 0000 0000 | 0049 c787 | b003 0000 | 0000 0000 | 49c7 87a8 | 0300 0000 | 0000 00c5 | f877 4983 
  0x000001ec145abde0: 7f08 000f | 8405 0000 | 00e9 1251 | ffff 4c8b | 6dc0 4c8b | 75c8 4e8d | 74f5 00c3 | 488b 5de8 
  0x000001ec145abe00: e990 feff | ff66 6690 
[/MachCode]

Compiled method (c1) 42885 4801       3       java.lang.invoke.LambdaForm$DMH/0x000001ec230a0000::invokeInterface (28 bytes)
 total in heap  [0x000001ec0d88a390,0x000001ec0d88ae60] = 2768
 relocation     [0x000001ec0d88a4f0,0x000001ec0d88a578] = 136
 main code      [0x000001ec0d88a580,0x000001ec0d88acb0] = 1840
 stub code      [0x000001ec0d88acb0,0x000001ec0d88ad18] = 104
 oops           [0x000001ec0d88ad18,0x000001ec0d88ad20] = 8
 metadata       [0x000001ec0d88ad20,0x000001ec0d88ad30] = 16
 scopes data    [0x000001ec0d88ad30,0x000001ec0d88ada0] = 112
 scopes pcs     [0x000001ec0d88ada0,0x000001ec0d88ae40] = 160
 dependencies   [0x000001ec0d88ae40,0x000001ec0d88ae48] = 8
 nul chk table  [0x000001ec0d88ae48,0x000001ec0d88ae60] = 24

[Constant Pool (empty)]

[MachCode]
[Verified Entry Point]
  # {method} {0x000001ec3d5ac2b0} 'invokeInterface' '(Ljava/lang/Object;Ljava/lang/Object;Ljava/lang/Object;)V' in 'java/lang/invoke/LambdaForm$DMH+0x000001ec230a0000'
  # parm0:    rdx:rdx   = 'java/lang/Object'
  # parm1:    r8:r8     = 'java/lang/Object'
  # parm2:    r9:r9     = 'java/lang/Object'
  #           [sp+0x60]  (sp of caller)
  0x000001ec0d88a580: 8984 2400 | 80ff ff55 | 4883 ec50 | 4181 7f20 | 0c00 0000 

  0x000001ec0d88a594: ;   {runtime_call StubRoutines (final stubs)}
  0x000001ec0d88a594: 7405 e805 

  0x000001ec0d88a598: ;   {metadata(method data for {method} {0x000001ec3d5ac2b0} 'invokeInterface' '(Ljava/lang/Object;Ljava/lang/Object;Ljava/lang/Object;)V' in 'java/lang/invoke/LambdaForm$DMH+0x000001ec230a0000')}
  0x000001ec0d88a598: bfd4 0648 | be10 c55a | 3dec 0100 | 0048 8db6 | a802 0000 | 4885 d275 | 0cf6 0601 | 754d f048 
  0x000001ec0d88a5b8: 830e 01eb | 468b 7a08 | 49ba 0000 | 0022 ec01 | 0000 4903 | fa4c 8bd7 | 4833 3e48 | f7c7 fcff 
  0x000001ec0d88a5d8: ffff 7427 | 40f6 c702 | 7521 48f7 | 06fe ffff | ff74 1549 | 8bfa 4833 | 3e48 f7c7 | fcff ffff 
  0x000001ec0d88a5f8: 7409 4883 | 0e02 eb03 | 4889 3e4d | 85c0 750e | f646 1001 | 7554 f048 | 834e 1001 | eb4c 418b 
  0x000001ec0d88a618: 7808 49ba | 0000 0022 | ec01 0000 | 4903 fa4c | 8bd7 4833 | 7e10 48f7 | c7fc ffff | ff74 2b40 
  0x000001ec0d88a638: f6c7 0275 | 2548 f746 | 10fe ffff | ff74 1749 | 8bfa 4833 | 7e10 48f7 | c7fc ffff | ff74 0b48 
  0x000001ec0d88a658: 834e 1002 | eb04 4889 

  0x000001ec0d88a660: ;   {metadata(method data for {method} {0x000001ec3d5ac2b0} 'invokeInterface' '(Ljava/lang/Object;Ljava/lang/Object;Ljava/lang/Object;)V' in 'java/lang/invoke/LambdaForm$DMH+0x000001ec230a0000')}
  0x000001ec0d88a660: 7e10 48be | 10c5 5a3d | ec01 0000 | 8bbe cc00 | 0000 83c7 | 0289 becc | 0000 0081 | e7fe 0700 
  0x000001ec0d88a680: 0085 ff0f | 8486 0500 | 004c 894c 

  0x000001ec0d88a68c: ;   {metadata(method data for {method} {0x000001ec3d5ac2b0} 'invokeInterface' '(Ljava/lang/Object;Ljava/lang/Object;Ljava/lang/Object;)V' in 'java/lang/invoke/LambdaForm$DMH+0x000001ec230a0000')}
  0x000001ec0d88a68c: 2430 48be | 10c5 5a3d | ec01 0000 | 488d b620 | 0100 0048 | 85d2 750e | f646 0801 | 7553 f048 
  0x000001ec0d88a6ac: 834e 0801 | eb4b 8b7a | 0849 ba00 | 0000 22ec | 0100 0049 | 03fa 4c8b | d748 337e | 0848 f7c7 
  0x000001ec0d88a6cc: fcff ffff | 742b 40f6 | c702 7525 | 48f7 4608 | feff ffff | 7417 498b | fa48 337e | 0848 f7c7 
  0x000001ec0d88a6ec: fcff ffff | 740b 4883 | 4e08 02eb | 0448 897e 

  0x000001ec0d88a6fc: ;   {metadata(method data for {method} {0x000001ec3d5ac2b0} 'invokeInterface' '(Ljava/lang/Object;Ljava/lang/Object;Ljava/lang/Object;)V' in 'java/lang/invoke/LambdaForm$DMH+0x000001ec230a0000')}
  0x000001ec0d88a6fc: 0848 be10 | c55a 3dec | 0100 0048 | 8386 1001 

  0x000001ec0d88a70c: ;   {metadata(method data for {method} {0x000001ec220a0f28} 'internalMemberName' '(Ljava/lang/Object;)Ljava/lang/Object;' in 'java/lang/invoke/DirectMethodHandle')}
  0x000001ec0d88a70c: 0000 0148 | be50 6621 | 3dec 0100 | 008b becc | 0000 0083 | c702 89be | cc00 0000 | 81e7 feff 
  0x000001ec0d88a72c: 1f00 85ff | 0f84 fa04 | 0000 4885 

  0x000001ec0d88a738: ;   {metadata(method data for {method} {0x000001ec220a0f28} 'internalMemberName' '(Ljava/lang/Object;)Ljava/lang/Object;' in 'java/lang/invoke/DirectMethodHandle')}
  0x000001ec0d88a738: d275 1648 | bb50 6621 | 3dec 0100 | 0080 8b09 | 0100 0001 | e9cd 0000 

  0x000001ec0d88a750: ;   {metadata('java/lang/invoke/DirectMethodHandle')}
  0x000001ec0d88a750: 0048 b898 | e609 22ec | 0100 008b | 5a08 49ba | 0000 0022 | ec01 0000 | 4903 da48 | 3b43 400f 
  0x000001ec0d88a770: 858d 0000 

  0x000001ec0d88a774: ;   {metadata(method data for {method} {0x000001ec220a0f28} 'internalMemberName' '(Ljava/lang/Object;)Ljava/lang/Object;' in 'java/lang/invoke/DirectMethodHandle')}
  0x000001ec0d88a774: 0048 bb50 | 6621 3dec | 0100 008b | 4208 49ba | 0000 0022 | ec01 0000 | 4903 c248 | 3b83 2001 
  0x000001ec0d88a794: 0000 750d | 4883 8328 | 0100 0001 | e979 0000 | 0048 3b83 | 3001 0000 | 750d 4883 | 8338 0100 
  0x000001ec0d88a7b4: 0001 e963 | 0000 0048 | 83bb 2001 | 0000 0075 | 1748 8983 | 2001 0000 | 48c7 8328 | 0100 0001 
  0x000001ec0d88a7d4: 0000 00e9 | 4200 0000 | 4883 bb30 | 0100 0000 | 7517 4889 | 8330 0100 | 0048 c783 | 3801 0000 
  0x000001ec0d88a7f4: 0100 0000 | e921 0000 | 00e9 1c00 

  0x000001ec0d88a800: ;   {metadata(method data for {method} {0x000001ec220a0f28} 'internalMemberName' '(Ljava/lang/Object;)Ljava/lang/Object;' in 'java/lang/invoke/DirectMethodHandle')}
  0x000001ec0d88a800: 0000 48bb | 5066 213d | ec01 0000 | 4883 ab10 | 0100 0001 | e938 0400 | 00e9 0000 | 0000 488b 
  0x000001ec0d88a820: f28b 7620 

  0x000001ec0d88a824: ;   {metadata(method data for {method} {0x000001ec3d5ac2b0} 'invokeInterface' '(Ljava/lang/Object;Ljava/lang/Object;Ljava/lang/Object;)V' in 'java/lang/invoke/LambdaForm$DMH+0x000001ec230a0000')}
  0x000001ec0d88a824: 48bf 10c5 | 5a3d ec01 | 0000 488d | bf30 0100 | 0048 85f6 | 750c f607 | 0175 46f0 | 4883 0f01 
  0x000001ec0d88a844: ;   {metadata('java/lang/invoke/MemberName')}
  0x000001ec0d88a844: eb3f 48bb | 880f 0922 | ec01 0000 | 4c8b d348 | 331f 48f7 | c3fc ffff | ff74 26f6 | c302 7521 
  0x000001ec0d88a864: 48f7 07fe | ffff ff74 | 1549 8bda | 4833 1f48 | f7c3 fcff | ffff 7409 | 4883 0f02 | eb03 4889 
  0x000001ec0d88a884: 1f48 85d2 

  0x000001ec0d88a888: ;   {metadata(method data for {method} {0x000001ec3d5ac2b0} 'invokeInterface' '(Ljava/lang/Object;Ljava/lang/Object;Ljava/lang/Object;)V' in 'java/lang/invoke/LambdaForm$DMH+0x000001ec230a0000')}
  0x000001ec0d88a888: 7516 48bb | 10c5 5a3d | ec01 0000 | 808b 3901 | 0000 01e9 | cd00 0000 

  0x000001ec0d88a8a0: ;   {metadata('java/lang/invoke/DirectMethodHandle')}
  0x000001ec0d88a8a0: 48b8 98e6 | 0922 ec01 | 0000 8b5a | 0849 ba00 | 0000 22ec | 0100 0049 | 03da 483b | 4340 0f85 
  0x000001ec0d88a8c0: 8d00 0000 

  0x000001ec0d88a8c4: ;   {metadata(method data for {method} {0x000001ec3d5ac2b0} 'invokeInterface' '(Ljava/lang/Object;Ljava/lang/Object;Ljava/lang/Object;)V' in 'java/lang/invoke/LambdaForm$DMH+0x000001ec230a0000')}
  0x000001ec0d88a8c4: 48bb 10c5 | 5a3d ec01 | 0000 8b42 | 0849 ba00 | 0000 22ec | 0100 0049 | 03c2 483b | 8350 0100 
  0x000001ec0d88a8e4: 0075 0d48 | 8383 5801 | 0000 01e9 | 7900 0000 | 483b 8360 | 0100 0075 | 0d48 8383 | 6801 0000 
  0x000001ec0d88a904: 01e9 6300 | 0000 4883 | bb50 0100 | 0000 7517 | 4889 8350 | 0100 0048 | c783 5801 | 0000 0100 
  0x000001ec0d88a924: 0000 e942 | 0000 0048 | 83bb 6001 | 0000 0075 | 1748 8983 | 6001 0000 | 48c7 8368 | 0100 0001 
  0x000001ec0d88a944: 0000 00e9 | 2100 0000 | e91c 0000 

  0x000001ec0d88a950: ;   {metadata(method data for {method} {0x000001ec3d5ac2b0} 'invokeInterface' '(Ljava/lang/Object;Ljava/lang/Object;Ljava/lang/Object;)V' in 'java/lang/invoke/LambdaForm$DMH+0x000001ec230a0000')}
  0x000001ec0d88a950: 0048 bb10 | c55a 3dec | 0100 0048 | 83ab 4001 | 0000 01e9 | f702 0000 | e900 0000 | 0048 3b02 
  0x000001ec0d88a970: ;   {metadata(method data for {method} {0x000001ec3d5ac2b0} 'invokeInterface' '(Ljava/lang/Object;Ljava/lang/Object;Ljava/lang/Object;)V' in 'java/lang/invoke/LambdaForm$DMH+0x000001ec230a0000')}
  0x000001ec0d88a970: 48bf 10c5 | 5a3d ec01 | 0000 488d | bfb0 0100 | 004d 85c0 | 750e f647 | 0801 7553 | f048 834f 
  0x000001ec0d88a990: 0801 eb4b | 418b 5808 | 49ba 0000 | 0022 ec01 | 0000 4903 | da4c 8bd3 | 4833 5f08 | 48f7 c3fc 
  0x000001ec0d88a9b0: ffff ff74 | 2af6 c302 | 7525 48f7 | 4708 feff | ffff 7417 | 498b da48 | 335f 0848 | f7c3 fcff 
  0x000001ec0d88a9d0: ffff 740b | 4883 4f08 | 02eb 0448 | 895f 0848 

  0x000001ec0d88a9e0: ;   {metadata(method data for {method} {0x000001ec3d5ac2b0} 'invokeInterface' '(Ljava/lang/Object;Ljava/lang/Object;Ljava/lang/Object;)V' in 'java/lang/invoke/LambdaForm$DMH+0x000001ec230a0000')}
  0x000001ec0d88a9e0: 8bfa 48bb | 10c5 5a3d | ec01 0000 | 8b7f 0849 | ba00 0000 | 22ec 0100 | 0049 03fa | 483b bb88 
  0x000001ec0d88aa00: 0100 0075 | 0d48 8383 | 9001 0000 | 01e9 6000 | 0000 483b | bb98 0100 | 0075 0d48 | 8383 a001 
  0x000001ec0d88aa20: 0000 01e9 | 4a00 0000 | 4883 bb88 | 0100 0000 | 7517 4889 | bb88 0100 | 0048 c783 | 9001 0000 
  0x000001ec0d88aa40: 0100 0000 | e929 0000 | 0048 83bb | 9801 0000 | 0075 1748 | 89bb 9801 | 0000 48c7 | 83a0 0100 
  0x000001ec0d88aa60: 0001 0000 | 00e9 0800 | 0000 4883 | 8378 0100 | 0001 4889 | 7424 3866 | 0f1f 4400 | 0048 b8e8 
  0x000001ec0d88aa80: 9314 22ec 

  0x000001ec0d88aa84: ;   {virtual_call}
  0x000001ec0d88aa84: 0100 00e8 

  0x000001ec0d88aa88: ; ImmutableOopMap {[48]=Oop [56]=Oop }
                      ;*invokevirtual checkReceiver {reexecute=0 rethrow=0 return_oop=0}
                      ; - java.lang.invoke.LambdaForm$DMH/0x000001ec230a0000::invokeInterface@12
  0x000001ec0d88aa88: 34c0 a9ff 

  0x000001ec0d88aa8c: ;   {other}
  0x000001ec0d88aa8c: 0f1f 8400 | fc06 0000 

  0x000001ec0d88aa94: ;   {metadata(method data for {method} {0x000001ec3d5ac2b0} 'invokeInterface' '(Ljava/lang/Object;Ljava/lang/Object;Ljava/lang/Object;)V' in 'java/lang/invoke/LambdaForm$DMH+0x000001ec230a0000')}
  0x000001ec0d88aa94: 48ba 10c5 | 5a3d ec01 | 0000 488d | 92c0 0100 | 0048 85c0 | 750c f602 | 0175 4ef0 | 4883 0a01 
  0x000001ec0d88aab4: eb47 448b | 4008 49ba | 0000 0022 | ec01 0000 | 4d03 c24d | 8bd0 4c33 | 0249 f7c0 | fcff ffff 
  0x000001ec0d88aad4: 7427 41f6 | c002 7521 | 48f7 02fe | ffff ff74 | 154d 8bc2 | 4c33 0249 | f7c0 fcff | ffff 7409 
  0x000001ec0d88aaf4: 4883 0a02 | eb03 4c89 

  0x000001ec0d88aafc: ;   {metadata(method data for {method} {0x000001ec3d5ac2b0} 'invokeInterface' '(Ljava/lang/Object;Ljava/lang/Object;Ljava/lang/Object;)V' in 'java/lang/invoke/LambdaForm$DMH+0x000001ec230a0000')}
  0x000001ec0d88aafc: 0248 ba10 | c55a 3dec | 0100 0048 | 8d92 1802 | 0000 4885 | c075 0ef6 | 4208 0175 | 54f0 4883 
  0x000001ec0d88ab1c: 4a08 01eb | 4c44 8b40 | 0849 ba00 | 0000 22ec | 0100 004d | 03c2 4d8b | d04c 3342 | 0849 f7c0 
  0x000001ec0d88ab3c: fcff ffff | 742b 41f6 | c002 7525 | 48f7 4208 | feff ffff | 7417 4d8b | c24c 3342 | 0849 f7c0 
  0x000001ec0d88ab5c: fcff ffff | 740b 4883 | 4a08 02eb | 044c 8942 | 084c 8b4c | 2430 4d85 | c975 0ef6 | 4218 0175 
  0x000001ec0d88ab7c: 54f0 4883 | 4a18 01eb | 4c45 8b41 | 0849 ba00 | 0000 22ec | 0100 004d | 03c2 4d8b | d04c 3342 
  0x000001ec0d88ab9c: 1849 f7c0 | fcff ffff | 742b 41f6 | c002 7525 | 48f7 4218 | feff ffff | 7417 4d8b | c24c 3342 
  0x000001ec0d88abbc: 1849 f7c0 | fcff ffff | 740b 4883 | 4a18 02eb | 044c 8942 

  0x000001ec0d88abd0: ;   {metadata(method data for {method} {0x000001ec3d5ac2b0} 'invokeInterface' '(Ljava/lang/Object;Ljava/lang/Object;Ljava/lang/Object;)V' in 'java/lang/invoke/LambdaForm$DMH+0x000001ec230a0000')}
  0x000001ec0d88abd0: 1848 ba10 | c55a 3dec | 0100 0048 | 8382 0802 | 0000 0148 | 8bd0 4d8b | c14c 8b4c 

  0x000001ec0d88abec: ;   {static_call}
  0x000001ec0d88abec: 2438 90e8 

  0x000001ec0d88abf0: ; ImmutableOopMap {}
                      ;*invokestatic linkToInterface {reexecute=0 rethrow=0 return_oop=0}
                      ; - java.lang.invoke.LambdaForm$DMH/0x000001ec230a0000::invokeInterface@24
  0x000001ec0d88abf0: 8ce0 3207 

  0x000001ec0d88abf4: ;   {other}
  0x000001ec0d88abf4: 0f1f 8400 | 6408 0001 | 4883 c450 

  0x000001ec0d88ac00: ;   {poll_return}
  0x000001ec0d88ac00: 5d49 3ba7 | 5004 0000 | 0f87 5f00 

  0x000001ec0d88ac0c: ;   {metadata({method} {0x000001ec3d5ac2b0} 'invokeInterface' '(Ljava/lang/Object;Ljava/lang/Object;Ljava/lang/Object;)V' in 'java/lang/invoke/LambdaForm$DMH+0x000001ec230a0000')}
  0x000001ec0d88ac0c: 0000 c349 | baa8 c25a | 3dec 0100 | 004c 8954 | 2408 48c7 | 0424 ffff 

  0x000001ec0d88ac24: ;   {runtime_call counter_overflow Runtime1 stub}
  0x000001ec0d88ac24: ffff e8d5 

  0x000001ec0d88ac28: ; ImmutableOopMap {rdx=Oop r8=Oop r9=Oop }
                      ;*synchronization entry
                      ; - java.lang.invoke.LambdaForm$DMH/0x000001ec230a0000::invokeInterface@-1
  0x000001ec0d88ac28: b1e2 06e9 | 59fa ffff 

  0x000001ec0d88ac30: ;   {metadata({method} {0x000001ec220a0f28} 'internalMemberName' '(Ljava/lang/Object;)Ljava/lang/Object;' in 'java/lang/invoke/DirectMethodHandle')}
  0x000001ec0d88ac30: 49ba 200f | 0a22 ec01 | 0000 4c89 | 5424 0848 | c704 24ff 

  0x000001ec0d88ac44: ;   {runtime_call counter_overflow Runtime1 stub}
  0x000001ec0d88ac44: ffff ffe8 

  0x000001ec0d88ac48: ; ImmutableOopMap {rdx=Oop r8=Oop [48]=Oop }
                      ;*synchronization entry
                      ; - java.lang.invoke.DirectMethodHandle::internalMemberName@-1
                      ; - java.lang.invoke.LambdaForm$DMH/0x000001ec230a0000::invokeInterface@1
  0x000001ec0d88ac48: b4b1 e206 | e9e5 faff | ff48 8914 

  0x000001ec0d88ac54: ;   {runtime_call throw_class_cast_exception Runtime1 stub}
  0x000001ec0d88ac54: 24e8 a684 

  0x000001ec0d88ac58: ; ImmutableOopMap {rdx=Oop r8=Oop [48]=Oop }
                      ;*checkcast {reexecute=0 rethrow=0 return_oop=0}
                      ; - java.lang.invoke.DirectMethodHandle::internalMemberName@1
                      ; - java.lang.invoke.LambdaForm$DMH/0x000001ec230a0000::invokeInterface@1
                      ;   {runtime_call throw_null_pointer_exception Runtime1 stub}
  0x000001ec0d88ac58: e206 e8a1 

  0x000001ec0d88ac5c: ; ImmutableOopMap {rdx=Oop r8=Oop [48]=Oop }
                      ;*getfield member {reexecute=1 rethrow=0 return_oop=0}
                      ; - (reexecute) java.lang.invoke.DirectMethodHandle::internalMemberName@4
                      ; - java.lang.invoke.LambdaForm$DMH/0x000001ec230a0000::invokeInterface@1
  0x000001ec0d88ac5c: 6ad9 0648 

  0x000001ec0d88ac60: ;   {runtime_call throw_class_cast_exception Runtime1 stub}
  0x000001ec0d88ac60: 8914 24e8 

  0x000001ec0d88ac64: ; ImmutableOopMap {r8=Oop rsi=Oop [48]=Oop }
                      ;*checkcast {reexecute=0 rethrow=0 return_oop=0}
                      ; - java.lang.invoke.LambdaForm$DMH/0x000001ec230a0000::invokeInterface@6
  0x000001ec0d88ac64: 9884 e206 

  0x000001ec0d88ac68: ;   {runtime_call throw_null_pointer_exception Runtime1 stub}
  0x000001ec0d88ac68: e893 6ad9 

  0x000001ec0d88ac6c: ; ImmutableOopMap {r8=Oop rsi=Oop rdx=Oop [48]=Oop }
                      ;*invokevirtual checkReceiver {reexecute=0 rethrow=0 return_oop=0}
                      ; - java.lang.invoke.LambdaForm$DMH/0x000001ec230a0000::invokeInterface@12
                      ;   {internal_word}
  0x000001ec0d88ac6c: 0649 ba01 | ac88 0dec | 0100 004d | 8997 6804 

  0x000001ec0d88ac7c: ;   {runtime_call SafepointBlob}
  0x000001ec0d88ac7c: 0000 e9fd | a7d6 0649 | 8b87 0005 | 0000 49c7 | 8700 0500 | 0000 0000 | 0049 c787 | 0805 0000 
  0x000001ec0d88ac9c: 0000 0000 | 4883 c450 

  0x000001ec0d88aca4: ;   {runtime_call unwind_exception Runtime1 stub}
  0x000001ec0d88aca4: 5de9 5679 | d906 f4f4 | f4f4 f4f4 
[Stub Code]
  0x000001ec0d88acb0: ;   {no_reloc}
  0x000001ec0d88acb0: 0f1f 4400 

  0x000001ec0d88acb4: ;   {static_stub}
  0x000001ec0d88acb4: 0048 bb00 | 0000 0000 

  0x000001ec0d88acbc: ;   {runtime_call nmethod}
  0x000001ec0d88acbc: 0000 00e9 | fbff ffff 

  0x000001ec0d88acc4: ;   {static_stub}
  0x000001ec0d88acc4: 48bb 0000 | 0000 0000 

  0x000001ec0d88accc: ;   {runtime_call nmethod}
  0x000001ec0d88accc: 0000 e9fb 

  0x000001ec0d88acd0: ;   {runtime_call handle_exception_from_callee Runtime1 stub}
  0x000001ec0d88acd0: ffff ffe8 | 2898 d906 

  0x000001ec0d88acd8: ;   {external_word}
  0x000001ec0d88acd8: 48b9 5063 | 473f ff7f | 0000 4883 

  0x000001ec0d88ace4: ;   {runtime_call}
  0x000001ec0d88ace4: e4f0 48b8 | c0c9 093f | ff7f 0000 

  0x000001ec0d88acf0: ;   {section_word}
  0x000001ec0d88acf0: ffd0 f449 | baf3 ac88 | 0dec 0100 

  0x000001ec0d88acfc: ;   {runtime_call DeoptimizationBlob}
  0x000001ec0d88acfc: 0041 52e9 | 1c9a d606 
[Deopt MH Handler Code]
  0x000001ec0d88ad04: ;   {section_word}
  0x000001ec0d88ad04: 49ba 04ad | 880d ec01 | 0000 4152 

  0x000001ec0d88ad10: ;   {runtime_call DeoptimizationBlob}
  0x000001ec0d88ad10: e90b 9ad6 | 06f4 f4f4 
[/MachCode]


Compiled method (c1) 42910 2086   !   3       jdk.internal.reflect.DirectMethodHandleAccessor::invoke (92 bytes)
 total in heap  [0x000001ec0d444310,0x000001ec0d448f10] = 19456
 relocation     [0x000001ec0d444470,0x000001ec0d444840] = 976
 main code      [0x000001ec0d444840,0x000001ec0d4477b0] = 12144
 stub code      [0x000001ec0d4477b0,0x000001ec0d4478e0] = 304
 oops           [0x000001ec0d4478e0,0x000001ec0d447918] = 56
 metadata       [0x000001ec0d447918,0x000001ec0d447990] = 120
 scopes data    [0x000001ec0d447990,0x000001ec0d447f00] = 1392
 scopes pcs     [0x000001ec0d447f00,0x000001ec0d448560] = 1632
 dependencies   [0x000001ec0d448560,0x000001ec0d448568] = 8
 handler table  [0x000001ec0d448568,0x000001ec0d448e38] = 2256
 nul chk table  [0x000001ec0d448e38,0x000001ec0d448f10] = 216

[Constant Pool (empty)]

[MachCode]
[Entry Point]
  # {method} {0x000001ec2219cf00} 'invoke' '(Ljava/lang/Object;[Ljava/lang/Object;)Ljava/lang/Object;' in 'jdk/internal/reflect/DirectMethodHandleAccessor'
  # this:     rdx:rdx   = 'jdk/internal/reflect/DirectMethodHandleAccessor'
  # parm0:    r8:r8     = 'java/lang/Object'
  # parm1:    r9:r9     = '[Ljava/lang/Object;'
  #           [sp+0x180]  (sp of caller)
  0x000001ec0d444840: 448b 5208 | 49bb 0000 | 0022 ec01 | 0000 4d03 | d34c 3bd0 

  0x000001ec0d444854: ;   {runtime_call ic_miss_stub}
  0x000001ec0d444854: 0f85 269f | 1a07 660f | 1f44 0000 
[Verified Entry Point]
  0x000001ec0d444860: 8984 2400 | 80ff ff55 | 4881 ec70 | 0100 0090 | 4181 7f20 | 0c00 0000 

  0x000001ec0d444878: ;   {runtime_call StubRoutines (final stubs)}
  0x000001ec0d444878: 7405 e821 | 1c19 0748 | 8994 24b0 | 0000 004c | 8984 24c0 | 0000 004c | 898c 24b8 

  0x000001ec0d444894: ;   {metadata(method data for {method} {0x000001ec2219cf00} 'invoke' '(Ljava/lang/Object;[Ljava/lang/Object;)Ljava/lang/Object;' in 'jdk/internal/reflect/DirectMethodHandleAccessor')}
  0x000001ec0d444894: 0000 0048 | be00 a881 | 3dec 0100 | 008b becc | 0000 0083 | c702 89be | cc00 0000 | 81e7 fe07 
  0x000001ec0d4448b4: 0000 85ff | 0f84 2b29 | 0000 488b 

  0x000001ec0d4448c0: ;   {metadata(method data for {method} {0x000001ec2219cf00} 'invoke' '(Ljava/lang/Object;[Ljava/lang/Object;)Ljava/lang/Object;' in 'jdk/internal/reflect/DirectMethodHandleAccessor')}
  0x000001ec0d4448c0: f248 bf00 | a881 3dec | 0100 0048 | 8387 1001 

  0x000001ec0d4448d0: ;   {metadata(method data for {method} {0x000001ec223c8780} 'isStatic' '()Z' in 'jdk/internal/reflect/DirectMethodHandleAccessor')}
  0x000001ec0d4448d0: 0000 0148 | be38 ab81 | 3dec 0100 | 008b becc | 0000 0083 | c702 89be | cc00 0000 | 81e7 feff 
  0x000001ec0d4448f0: 1f00 85ff | 0f84 1029 | 0000 8b72 | 1081 e600 | 0200 0081 | fe00 0200 

  0x000001ec0d444908: ;   {metadata(method data for {method} {0x000001ec223c8780} 'isStatic' '()Z' in 'jdk/internal/reflect/DirectMethodHandleAccessor')}
  0x000001ec0d444908: 0048 be38 | ab81 3dec | 0100 0048 | c7c7 1001 | 0000 7507 | 48c7 c720 | 0100 0048 | 8b1c 3e48 
  0x000001ec0d444928: 8d5b 0148 | 891c 3e0f | 851a 0000 

  0x000001ec0d444934: ;   {metadata(method data for {method} {0x000001ec223c8780} 'isStatic' '()Z' in 'jdk/internal/reflect/DirectMethodHandleAccessor')}
  0x000001ec0d444934: 0048 be38 | ab81 3dec | 0100 00ff | 8630 0100 | 00be 0100 | 0000 e905 | 0000 00be | 0000 0000 
  0x000001ec0d444954: 83e6 0185 

  0x000001ec0d444958: ;   {metadata(method data for {method} {0x000001ec2219cf00} 'invoke' '(Ljava/lang/Object;[Ljava/lang/Object;)Ljava/lang/Object;' in 'jdk/internal/reflect/DirectMethodHandleAccessor')}
  0x000001ec0d444958: f648 be00 | a881 3dec | 0100 0048 | c7c7 4801 | 0000 7507 | 48c7 c758 | 0100 0048 | 8b1c 3e48 
  0x000001ec0d444978: 8d5b 0148 | 891c 3e0f | 85d5 0000 | 0048 8bf2 

  0x000001ec0d444988: ;   {metadata(method data for {method} {0x000001ec2219cf00} 'invoke' '(Ljava/lang/Object;[Ljava/lang/Object;)Ljava/lang/Object;' in 'jdk/internal/reflect/DirectMethodHandleAccessor')}
  0x000001ec0d444988: 48bf 00a8 | 813d ec01 | 0000 4883 | 8768 0100 

  0x000001ec0d444998: ;   {metadata(method data for {method} {0x000001ec223c86d0} 'checkReceiver' '(Ljava/lang/Object;)V' in 'jdk/internal/reflect/DirectMethodHandleAccessor')}
  0x000001ec0d444998: 0001 48be | a8ac 813d | ec01 0000 | 8bbe cc00 | 0000 83c7 | 0289 becc | 0000 0081 | e7fe ff1f 
  0x000001ec0d4449b8: 0085 ff0f | 846a 2800 | 008b 7214 

  0x000001ec0d4449c4: ; implicit exception: dispatches to 0x000001ec0d44724c
  0x000001ec0d4449c4: 493b 0049 

  0x000001ec0d4449c8: ;   {metadata(method data for {method} {0x000001ec223c86d0} 'checkReceiver' '(Ljava/lang/Object;)V' in 'jdk/internal/reflect/DirectMethodHandleAccessor')}
  0x000001ec0d4449c8: 8bf8 48bb | a8ac 813d | ec01 0000 | 4883 8310 | 0100 0001 | 418b 7808 | 49ba 0000 | 0022 ec01 
  0x000001ec0d4449e8: 0000 4903 | fa48 8b7f | 7048 8b3f 

  0x000001ec0d4449f4: ; implicit exception: dispatches to 0x000001ec0d447251
  0x000001ec0d4449f4: 483b 0648 

  0x000001ec0d4449f8: ;   {metadata(method data for {method} {0x000001ec223c86d0} 'checkReceiver' '(Ljava/lang/Object;)V' in 'jdk/internal/reflect/DirectMethodHandleAccessor')}
  0x000001ec0d4449f8: 8bde 48b8 | a8ac 813d | ec01 0000 | 4883 8048 | 0100 0001 | 4c8b c748 | 8bd6 0f1f 

  0x000001ec0d444a14: ;   {optimized virtual_call}
  0x000001ec0d444a14: 4400 00e8 

  0x000001ec0d444a18: ; ImmutableOopMap {[176]=Oop [184]=Oop [192]=Oop }
                      ;*invokevirtual isAssignableFrom {reexecute=0 rethrow=0 return_oop=0}
                      ; - jdk.internal.reflect.DirectMethodHandleAccessor::checkReceiver@8
                      ; - jdk.internal.reflect.DirectMethodHandleAccessor::invoke@9
  0x000001ec0d444a18: a408 7107 

  0x000001ec0d444a1c: ;   {other}
  0x000001ec0d444a1c: 0f1f 8400 | 0c07 0000 

  0x000001ec0d444a24: ;   {metadata(method data for {method} {0x000001ec223c86d0} 'checkReceiver' '(Ljava/lang/Object;)V' in 'jdk/internal/reflect/DirectMethodHandleAccessor')}
  0x000001ec0d444a24: 85c0 48ba | a8ac 813d | ec01 0000 | 49c7 c090 | 0100 0074 | 0749 c7c0 | 8001 0000 | 4a8b 3402 
  0x000001ec0d444a44: 488d 7601 | 4a89 3402 | 0f84 2f26 | 0000 488b | 9424 b000 | 0000 448b 

  0x000001ec0d444a5c: ;   {metadata(method data for {method} {0x000001ec2219cf00} 'invoke' '(Ljava/lang/Object;[Ljava/lang/Object;)Ljava/lang/Object;' in 'jdk/internal/reflect/DirectMethodHandleAccessor')}
  0x000001ec0d444a5c: 420c 48be | 00a8 813d | ec01 0000 | 4883 86a0 | 0100 0001 | 498b d04c | 8b84 24b8 | 0000 000f 
  0x000001ec0d444a7c: ;   {static_call}
  0x000001ec0d444a7c: 1f40 00e8 

  0x000001ec0d444a80: ; ImmutableOopMap {[176]=Oop [184]=Oop [192]=Oop }
                      ;*invokestatic checkArgumentCount {reexecute=0 rethrow=0 return_oop=0}
                      ; - jdk.internal.reflect.DirectMethodHandleAccessor::invoke@17
  0x000001ec0d444a80: 7cbe 1200 

  0x000001ec0d444a84: ;   {other}
  0x000001ec0d444a84: 0f1f 8400 | 7407 0001 | 488b 9424 | b000 0000 

  0x000001ec0d444a94: ;   {metadata(method data for {method} {0x000001ec2219cf00} 'invoke' '(Ljava/lang/Object;[Ljava/lang/Object;)Ljava/lang/Object;' in 'jdk/internal/reflect/DirectMethodHandleAccessor')}
  0x000001ec0d444a94: 488b f248 | bf00 a881 | 3dec 0100 | 0048 8387 | b001 0000 

  0x000001ec0d444aa8: ;   {metadata(method data for {method} {0x000001ec223c8518} 'invokeImpl' '(Ljava/lang/Object;[Ljava/lang/Object;)Ljava/lang/Object;' in 'jdk/internal/reflect/DirectMethodHandleAccessor')}
  0x000001ec0d444aa8: 0148 bee8 | b181 3dec | 0100 008b | becc 0000 | 0083 c702 | 89be cc00 | 0000 81e7 | feff 1f00 
  0x000001ec0d444ac8: 85ff 0f84 | 8627 0000 

  0x000001ec0d444ad0: ;   {metadata(method data for {method} {0x000001ec223c8518} 'invokeImpl' '(Ljava/lang/Object;[Ljava/lang/Object;)Ljava/lang/Object;' in 'jdk/internal/reflect/DirectMethodHandleAccessor')}
  0x000001ec0d444ad0: 8b72 0c48 | bfe8 b181 | 3dec 0100 | 0048 c7c3 | 1801 0000 | 85f6 488b | c348 c7c3 | 2801 0000 
  0x000001ec0d444af0: 480f 45d8 | 83fe 0148 | 8bc3 48c7 | c338 0100 | 0048 0f45 | d883 fe02 | 488b c348 | c7c3 4801 
  0x000001ec0d444b10: 0000 480f | 45d8 83fe | 0348 8bc3 | 48c7 c358 | 0100 0048 | 0f45 d848 | 8b04 1f49 | c7c2 0100 
  0x000001ec0d444b30: 0000 4903 | c248 8904 | 1f85 f60f | 84f9 1900 | 0083 fe01 | 0f84 9813 | 0000 83fe | 020f 8407 
  0x000001ec0d444b50: 0d00 0083 | fe03 0f84 | 3606 0000 | 4c8b 8424 | c000 0000 | 8b72 1848 | 89b4 24c8 

  0x000001ec0d444b6c: ;   {metadata(method data for {method} {0x000001ec223c8518} 'invokeImpl' '(Ljava/lang/Object;[Ljava/lang/Object;)Ljava/lang/Object;' in 'jdk/internal/reflect/DirectMethodHandleAccessor')}
  0x000001ec0d444b6c: 0000 0048 | bfe8 b181 | 3dec 0100 | 0048 8dbf | 9803 0000 | 4d85 c075 | 0ef6 4708 | 0175 53f0 
  0x000001ec0d444b8c: 4883 4f08 | 01eb 4b41 | 8b58 0849 | ba00 0000 | 22ec 0100 | 0049 03da | 4c8b d348 | 335f 0848 
  0x000001ec0d444bac: f7c3 fcff | ffff 742a | f6c3 0275 | 2548 f747 | 08fe ffff | ff74 1749 | 8bda 4833 | 5f08 48f7 
  0x000001ec0d444bcc: c3fc ffff | ff74 0b48 | 834f 0802 | eb04 4889 

  0x000001ec0d444bdc: ;   {metadata(method data for {method} {0x000001ec220ae518} 'invokeExact_MT' '(Ljava/lang/Object;Ljava/lang/Object;Ljava/lang/Object;Ljava/lang/Object;)Ljava/lang/Object;' in 'java/lang/invoke/Invokers$Holder')}
  0x000001ec0d444bdc: 5f08 48bf | 40dc 813d | ec01 0000 | 488d bfb8 | 0200 0048 | 85f6 750c | f607 0175 | 4cf0 4883 
  0x000001ec0d444bfc: 0f01 eb45 | 8b5e 0849 | ba00 0000 | 22ec 0100 | 0049 03da | 4c8b d348 | 331f 48f7 | c3fc ffff 
  0x000001ec0d444c1c: ff74 26f6 | c302 7521 | 48f7 07fe | ffff ff74 | 1549 8bda | 4833 1f48 | f7c3 fcff | ffff 7409 
  0x000001ec0d444c3c: 4883 0f02 | eb03 4889 | 1f4d 85c0 | 750e f647 | 1001 7553 | f048 834f | 1001 eb4b | 418b 5808 
  0x000001ec0d444c5c: 49ba 0000 | 0022 ec01 | 0000 4903 | da4c 8bd3 | 4833 5f10 | 48f7 c3fc | ffff ff74 | 2af6 c302 
  0x000001ec0d444c7c: 7525 48f7 | 4710 feff | ffff 7417 | 498b da48 | 335f 1048 | f7c3 fcff | ffff 740b | 4883 4f10 
  0x000001ec0d444c9c: 02eb 0448 

  0x000001ec0d444ca0: ;   {metadata(method data for {method} {0x000001ec223c8518} 'invokeImpl' '(Ljava/lang/Object;[Ljava/lang/Object;)Ljava/lang/Object;' in 'jdk/internal/reflect/DirectMethodHandleAccessor')}
  0x000001ec0d444ca0: 895f 1048 | bfe8 b181 | 3dec 0100 | 0048 8387 | 6003 0000 

  0x000001ec0d444cb4: ;   {metadata(method data for {method} {0x000001ec220ae518} 'invokeExact_MT' '(Ljava/lang/Object;Ljava/lang/Object;Ljava/lang/Object;Ljava/lang/Object;)Ljava/lang/Object;' in 'java/lang/invoke/Invokers$Holder')}
  0x000001ec0d444cb4: 0148 bf40 | dc81 3dec | 0100 008b | 9fcc 0000 | 0083 c302 | 899f cc00 | 0000 81e3 | feff 1f00 
  0x000001ec0d444cd4: 85db 0f84 | 9b25 0000 

  0x000001ec0d444cdc: ;   {metadata(method data for {method} {0x000001ec220ae518} 'invokeExact_MT' '(Ljava/lang/Object;Ljava/lang/Object;Ljava/lang/Object;Ljava/lang/Object;)Ljava/lang/Object;' in 'java/lang/invoke/Invokers$Holder')}
  0x000001ec0d444cdc: 48bf 40dc | 813d ec01 | 0000 488d | bf90 0100 | 0048 85f6 | 750e f647 | 0801 7552 | f048 834f 
  0x000001ec0d444cfc: 0801 eb4a | 8b5e 0849 | ba00 0000 | 22ec 0100 | 0049 03da | 4c8b d348 | 335f 0848 | f7c3 fcff 
  0x000001ec0d444d1c: ffff 742a | f6c3 0275 | 2548 f747 | 08fe ffff | ff74 1749 | 8bda 4833 | 5f08 48f7 | c3fc ffff 
  0x000001ec0d444d3c: ff74 0b48 | 834f 0802 | eb04 4889 

  0x000001ec0d444d48: ;   {oop(a 'java/lang/invoke/MethodType'{0x0000000080b07e08} = (Ljava/lang/Object;[Ljava/lang/Object;)Ljava/lang/Object;)}
  0x000001ec0d444d48: 5f08 48bb | 087e b080 | 0000 0000 | 4885 db75 | 0cf6 4718 | 0175 06f0 | 4883 4f18 

  0x000001ec0d444d64: ;   {metadata(method data for {method} {0x000001ec220ae518} 'invokeExact_MT' '(Ljava/lang/Object;Ljava/lang/Object;Ljava/lang/Object;Ljava/lang/Object;)Ljava/lang/Object;' in 'java/lang/invoke/Invokers$Holder')}
  0x000001ec0d444d64: 0148 bf40 | dc81 3dec | 0100 0048 | 8387 8001 

  0x000001ec0d444d74: ;   {metadata(method data for {method} {0x000001ec223dc408} 'checkExactType' '(Ljava/lang/invoke/MethodHandle;Ljava/lang/invoke/MethodType;)V' in 'java/lang/invoke/Invokers')}
  0x000001ec0d444d74: 0000 0148 | bff0 f222 | 3dec 0100 | 008b 87cc | 0000 0083 | c002 8987 | cc00 0000 | 25fe ff1f 
  0x000001ec0d444d94: 0085 c00f | 84fb 2400 | 0048 3b06 

  0x000001ec0d444da0: ;   {metadata(method data for {method} {0x000001ec223dc408} 'checkExactType' '(Ljava/lang/invoke/MethodHandle;Ljava/lang/invoke/MethodType;)V' in 'java/lang/invoke/Invokers')}
  0x000001ec0d444da0: 488b fe48 | b8f0 f222 | 3dec 0100 | 008b 7f08 | 49ba 0000 | 0022 ec01 | 0000 4903 | fa48 3bb8 
  0x000001ec0d444dc0: 2001 0000 | 750d 4883 | 8028 0100 | 0001 e960 | 0000 0048 | 3bb8 3001 | 0000 750d | 4883 8038 
  0x000001ec0d444de0: 0100 0001 | e94a 0000 | 0048 83b8 | 2001 0000 | 0075 1748 | 89b8 2001 | 0000 48c7 | 8028 0100 
  0x000001ec0d444e00: 0001 0000 | 00e9 2900 | 0000 4883 | b830 0100 | 0000 7517 | 4889 b830 | 0100 0048 | c780 3801 
  0x000001ec0d444e20: 0000 0100 | 0000 e908 | 0000 0048 | 8380 1001 | 0000 018b | 7e10 483b 

  0x000001ec0d444e38: ;   {metadata(method data for {method} {0x000001ec223dc408} 'checkExactType' '(Ljava/lang/invoke/MethodHandle;Ljava/lang/invoke/MethodType;)V' in 'java/lang/invoke/Invokers')}
  0x000001ec0d444e38: fb48 bbf0 | f222 3dec | 0100 0048 | c7c0 5801 | 0000 7507 | 48c7 c048 | 0100 0048 | 8b0c 0348 
  0x000001ec0d444e58: 8d49 0148 | 890c 030f | 85ba 1d00 

  0x000001ec0d444e64: ;   {metadata(method data for {method} {0x000001ec220ae518} 'invokeExact_MT' '(Ljava/lang/Object;Ljava/lang/Object;Ljava/lang/Object;Ljava/lang/Object;)Ljava/lang/Object;' in 'java/lang/invoke/Invokers$Holder')}
  0x000001ec0d444e64: 0048 bf40 | dc81 3dec | 0100 0048 | 8dbf c801 | 0000 8b5e | 0849 ba00 | 0000 22ec | 0100 0049 
  0x000001ec0d444e84: 03da 4c8b | d348 335f | 0848 f7c3 | fcff ffff | 742a f6c3 | 0275 2548 | f747 08fe | ffff ff74 
  0x000001ec0d444ea4: 1749 8bda | 4833 5f08 | 48f7 c3fc | ffff ff74 | 0b48 834f | 0802 eb04 | 4889 5f08 

  0x000001ec0d444ec0: ;   {metadata(method data for {method} {0x000001ec220ae518} 'invokeExact_MT' '(Ljava/lang/Object;Ljava/lang/Object;Ljava/lang/Object;Ljava/lang/Object;)Ljava/lang/Object;' in 'java/lang/invoke/Invokers$Holder')}
  0x000001ec0d444ec0: 48bf 40dc | 813d ec01 | 0000 4883 | 87b8 0100 

  0x000001ec0d444ed0: ;   {metadata(method data for {method} {0x000001ec223dc300} 'checkCustomized' '(Ljava/lang/invoke/MethodHandle;)V' in 'java/lang/invoke/Invokers')}
  0x000001ec0d444ed0: 0001 48bf | b0ec 223d | ec01 0000 | 8b9f cc00 | 0000 83c3 | 0289 9fcc | 0000 0081 | e3fe ff1f 
  0x000001ec0d444ef0: 0085 db0f | 84c5 2300 

  0x000001ec0d444ef8: ;   {metadata(method data for {method} {0x000001ec223dc300} 'checkCustomized' '(Ljava/lang/invoke/MethodHandle;)V' in 'java/lang/invoke/Invokers')}
  0x000001ec0d444ef8: 0048 bfb0 | ec22 3dec | 0100 0048 | 8387 1001 

  0x000001ec0d444f08: ;   {metadata(method data for {method} {0x000001ec220944d8} 'isCompileConstant' '(Ljava/lang/Object;)Z' in 'java/lang/invoke/MethodHandleImpl')}
  0x000001ec0d444f08: 0000 0148 | bf60 ee22 | 3dec 0100 | 008b 9fcc | 0000 0083 | c302 899f | cc00 0000 | 81e3 feff 
  0x000001ec0d444f28: 1f00 85db | 0f84 ad23 

  0x000001ec0d444f30: ;   {metadata(method data for {method} {0x000001ec223dc300} 'checkCustomized' '(Ljava/lang/invoke/MethodHandle;)V' in 'java/lang/invoke/Invokers')}
  0x000001ec0d444f30: 0000 48bf | b0ec 223d | ec01 0000 | ff87 2001 | 0000 8b7e | 148b 7f1c 

  0x000001ec0d444f48: ;   {metadata(method data for {method} {0x000001ec223dc300} 'checkCustomized' '(Ljava/lang/invoke/MethodHandle;)V' in 'java/lang/invoke/Invokers')}
  0x000001ec0d444f48: 4885 ff48 | bfb0 ec22 | 3dec 0100 | 0048 c7c3 | 4001 0000 | 7507 48c7 | c350 0100 | 0048 8b04 
  0x000001ec0d444f68: 1f48 8d40 | 0148 8904 | 1f0f 8525 

  0x000001ec0d444f74: ;   {metadata(method data for {method} {0x000001ec223dc300} 'checkCustomized' '(Ljava/lang/invoke/MethodHandle;)V' in 'java/lang/invoke/Invokers')}
  0x000001ec0d444f74: 0000 0048 | bfb0 ec22 | 3dec 0100 | 0048 8387 | 6001 0000 | 0148 8bd6 

  0x000001ec0d444f8c: ;   {static_call}
  0x000001ec0d444f8c: 6666 90e8 

  0x000001ec0d444f90: ; ImmutableOopMap {[176]=Oop [184]=Oop [192]=Oop [200]=Oop }
                      ;*invokestatic maybeCustomize {reexecute=0 rethrow=0 return_oop=0}
                      ; - java.lang.invoke.Invokers::checkCustomized@19
                      ; - java.lang.invoke.Invokers$Holder::invokeExact_MT@14
                      ; - jdk.internal.reflect.DirectMethodHandleAccessor::invokeImpl@104
                      ; - jdk.internal.reflect.DirectMethodHandleAccessor::invoke@23
  0x000001ec0d444f90: 8ccd 9607 

  0x000001ec0d444f94: ;   {other}
  0x000001ec0d444f94: 0f1f 8400 | 840c 0002 | 4c8b 8c24 | b800 0000 | 4c8b 8424 | c000 0000 

  0x000001ec0d444fac: ;   {metadata(method data for {method} {0x000001ec220ae518} 'invokeExact_MT' '(Ljava/lang/Object;Ljava/lang/Object;Ljava/lang/Object;Ljava/lang/Object;)Ljava/lang/Object;' in 'java/lang/invoke/Invokers$Holder')}
  0x000001ec0d444fac: 48ba 40dc | 813d ec01 | 0000 488d | 9218 0200 | 004d 85c0 | 750e f642 | 0801 7554 | f048 834a 
  0x000001ec0d444fcc: 0801 eb4c | 418b 7008 | 49ba 0000 | 0022 ec01 | 0000 4903 | f24c 8bd6 | 4833 7208 | 48f7 c6fc 
  0x000001ec0d444fec: ffff ff74 | 2b40 f6c6 | 0275 2548 | f742 08fe | ffff ff74 | 1749 8bf2 | 4833 7208 | 48f7 c6fc 
  0x000001ec0d44500c: ffff ff74 | 0b48 834a | 0802 eb04 | 4889 7208 | 4d85 c975 | 0ef6 4218 | 0175 54f0 | 4883 4a18 
  0x000001ec0d44502c: 01eb 4c41 | 8b71 0849 | ba00 0000 | 22ec 0100 | 0049 03f2 | 4c8b d648 | 3372 1848 | f7c6 fcff 
  0x000001ec0d44504c: ffff 742b | 40f6 c602 | 7525 48f7 | 4218 feff | ffff 7417 | 498b f248 | 3372 1848 | f7c6 fcff 
  0x000001ec0d44506c: ffff 740b | 4883 4a18 | 02eb 0448 | 8972 1848 | 8bb4 24c8 

  0x000001ec0d445080: ;   {metadata(method data for {method} {0x000001ec220ae518} 'invokeExact_MT' '(Ljava/lang/Object;Ljava/lang/Object;Ljava/lang/Object;Ljava/lang/Object;)Ljava/lang/Object;' in 'java/lang/invoke/Invokers$Holder')}
  0x000001ec0d445080: 0000 0048 | ba40 dc81 | 3dec 0100 | 0048 8382 | e001 0000 | 0148 8b94 | 24c8 0000 

  0x000001ec0d44509c: ;   {optimized virtual_call}
  0x000001ec0d44509c: 0066 90e8 

  0x000001ec0d4450a0: ; ImmutableOopMap {[176]=Oop }
                      ;*invokevirtual invokeBasic {reexecute=0 rethrow=0 return_oop=0}
                      ; - java.lang.invoke.Invokers$Holder::invokeExact_MT@20
                      ; - jdk.internal.reflect.DirectMethodHandleAccessor::invokeImpl@104
                      ; - jdk.internal.reflect.DirectMethodHandleAccessor::invoke@23
  0x000001ec0d4450a0: 5ce9 7007 

  0x000001ec0d4450a4: ;   {other}
  0x000001ec0d4450a4: 0f1f 8400 | 940d 0003 

  0x000001ec0d4450ac: ;   {metadata(method data for {method} {0x000001ec220ae518} 'invokeExact_MT' '(Ljava/lang/Object;Ljava/lang/Object;Ljava/lang/Object;Ljava/lang/Object;)Ljava/lang/Object;' in 'java/lang/invoke/Invokers$Holder')}
  0x000001ec0d4450ac: 48ba 40dc | 813d ec01 | 0000 488d | 9238 0200 | 0048 85c0 | 750c f602 | 0175 4df0 | 4883 0a01 
  0x000001ec0d4450cc: eb46 8b70 | 0849 ba00 | 0000 22ec | 0100 0049 | 03f2 4c8b | d648 3332 | 48f7 c6fc | ffff ff74 
  0x000001ec0d4450ec: 2740 f6c6 | 0275 2148 | f702 feff | ffff 7415 | 498b f248 | 3332 48f7 | c6fc ffff | ff74 0948 
  0x000001ec0d44510c: 830a 02eb | 0348 8932 

  0x000001ec0d445114: ;   {metadata(method data for {method} {0x000001ec223c8518} 'invokeImpl' '(Ljava/lang/Object;[Ljava/lang/Object;)Ljava/lang/Object;' in 'jdk/internal/reflect/DirectMethodHandleAccessor')}
  0x000001ec0d445114: 48ba e8b1 | 813d ec01 | 0000 488d | 92b8 0300 | 0048 85c0 | 750c f602 | 0175 4df0 | 4883 0a01 
  0x000001ec0d445134: eb46 8b70 | 0849 ba00 | 0000 22ec | 0100 0049 | 03f2 4c8b | d648 3332 | 48f7 c6fc | ffff ff74 
  0x000001ec0d445154: 2740 f6c6 | 0275 2148 | f702 feff | ffff 7415 | 498b f248 | 3332 48f7 | c6fc ffff | ff74 0948 
  0x000001ec0d445174: 830a 02eb | 0348 8932 | 4881 c470 | 0100 005d 

  0x000001ec0d445184: ;   {poll_return}
  0x000001ec0d445184: 493b a750 | 0400 000f | 8774 2100 | 00c3 4c8b | 8c24 b800 | 0000 4c8b | 8424 c000 | 0000 8b72 
  0x000001ec0d4451a4: 1848 89b4 | 24d8 0000 | 0041 8379 | 0c00 0f86 | 6d21 0000 | 418b 7910 | 4889 bc24 | d000 0000 
  0x000001ec0d4451c4: 4183 790c | 010f 8668 | 2100 0041 | 8b59 1448 | 899c 24e0 | 0000 0041 | 8379 0c02 | 0f86 6321 
  0x000001ec0d4451e4: 0000 418b | 4118 4889 | 8424 e800 

  0x000001ec0d4451f0: ;   {metadata(method data for {method} {0x000001ec223c8518} 'invokeImpl' '(Ljava/lang/Object;[Ljava/lang/Object;)Ljava/lang/Object;' in 'jdk/internal/reflect/DirectMethodHandleAccessor')}
  0x000001ec0d4451f0: 0000 48b9 | e8b1 813d | ec01 0000 | 488d 8918 | 0300 004d | 85c0 750e | f641 0801 | 7554 f048 
  0x000001ec0d445210: 8349 0801 | eb4c 458b | 4808 49ba | 0000 0022 | ec01 0000 | 4d03 ca4d | 8bd1 4c33 | 4908 49f7 
  0x000001ec0d445230: c1fc ffff | ff74 2b41 | f6c1 0275 | 2548 f741 | 08fe ffff | ff74 174d | 8bca 4c33 | 4908 49f7 
  0x000001ec0d445250: c1fc ffff | ff74 0b48 | 8349 0802 | eb04 4c89 

  0x000001ec0d445260: ;   {metadata(method data for {method} {0x000001ec3d6f2ab8} 'invokeExact_MT' '(Ljava/lang/Object;Ljava/lang/Object;Ljava/lang/Object;Ljava/lang/Object;Ljava/lang/Object;Ljava/lang/Object;)Ljava/lang/Object;' in 'java/lang/invoke/LambdaForm$MH+0x000001ec230e8c00')}
  0x000001ec0d445260: 4908 48b9 | 182d 6f3d | ec01 0000 | 488d 89c8 | 0200 0048 | 85f6 750c | f601 0175 | 4ef0 4883 
  0x000001ec0d445280: 0901 eb47 | 448b 4e08 | 49ba 0000 | 0022 ec01 | 0000 4d03 | ca4d 8bd1 | 4c33 0949 | f7c1 fcff 
  0x000001ec0d4452a0: ffff 7427 | 41f6 c102 | 7521 48f7 | 01fe ffff | ff74 154d | 8bca 4c33 | 0949 f7c1 | fcff ffff 
  0x000001ec0d4452c0: 7409 4883 | 0902 eb03 | 4c89 094d | 85c0 750e | f641 1001 | 7554 f048 | 8349 1001 | eb4c 458b 
  0x000001ec0d4452e0: 4808 49ba | 0000 0022 | ec01 0000 | 4d03 ca4d | 8bd1 4c33 | 4910 49f7 | c1fc ffff | ff74 2b41 
  0x000001ec0d445300: f6c1 0275 | 2548 f741 | 10fe ffff | ff74 174d | 8bca 4c33 | 4910 49f7 | c1fc ffff | ff74 0b48 
  0x000001ec0d445320: 8349 1002 | eb04 4c89 

  0x000001ec0d445328: ;   {metadata(method data for {method} {0x000001ec223c8518} 'invokeImpl' '(Ljava/lang/Object;[Ljava/lang/Object;)Ljava/lang/Object;' in 'jdk/internal/reflect/DirectMethodHandleAccessor')}
  0x000001ec0d445328: 4910 48b9 | e8b1 813d | ec01 0000 | 4883 81e0 | 0200 0001 

  0x000001ec0d44533c: ;   {metadata(method data for {method} {0x000001ec3d6f2ab8} 'invokeExact_MT' '(Ljava/lang/Object;Ljava/lang/Object;Ljava/lang/Object;Ljava/lang/Object;Ljava/lang/Object;Ljava/lang/Object;)Ljava/lang/Object;' in 'java/lang/invoke/LambdaForm$MH+0x000001ec230e8c00')}
  0x000001ec0d44533c: 48b9 182d | 6f3d ec01 | 0000 448b | 89cc 0000 | 0041 83c1 | 0244 8989 | cc00 0000 | 4181 e1fe 
  0x000001ec0d44535c: ff1f 0045 | 85c9 0f84 | f31f 0000 

  0x000001ec0d445368: ;   {metadata(method data for {method} {0x000001ec3d6f2ab8} 'invokeExact_MT' '(Ljava/lang/Object;Ljava/lang/Object;Ljava/lang/Object;Ljava/lang/Object;Ljava/lang/Object;Ljava/lang/Object;)Ljava/lang/Object;' in 'java/lang/invoke/LambdaForm$MH+0x000001ec230e8c00')}
  0x000001ec0d445368: 48b9 182d | 6f3d ec01 | 0000 488d | 8990 0100 | 0048 85f6 | 750e f641 | 0801 7554 | f048 8349 
  0x000001ec0d445388: 0801 eb4c | 448b 4e08 | 49ba 0000 | 0022 ec01 | 0000 4d03 | ca4d 8bd1 | 4c33 4908 | 49f7 c1fc 
  0x000001ec0d4453a8: ffff ff74 | 2b41 f6c1 | 0275 2548 | f741 08fe | ffff ff74 | 174d 8bca | 4c33 4908 | 49f7 c1fc 
  0x000001ec0d4453c8: ffff ff74 | 0b48 8349 | 0802 eb04 | 4c89 4908 

  0x000001ec0d4453d8: ;   {oop(a 'java/lang/invoke/MethodType'{0x000000008070c1f0} = (Ljava/lang/Object;Ljava/lang/Object;Ljava/lang/Object;Ljava/lang/Object;)Ljava/lang/Object;)}
  0x000001ec0d4453d8: 49b9 f0c1 | 7080 0000 | 0000 4d85 | c975 0cf6 | 4118 0175 | 06f0 4883 

  0x000001ec0d4453f0: ;   {metadata(method data for {method} {0x000001ec3d6f2ab8} 'invokeExact_MT' '(Ljava/lang/Object;Ljava/lang/Object;Ljava/lang/Object;Ljava/lang/Object;Ljava/lang/Object;Ljava/lang/Object;)Ljava/lang/Object;' in 'java/lang/invoke/LambdaForm$MH+0x000001ec230e8c00')}
  0x000001ec0d4453f0: 4918 0148 | b918 2d6f | 3dec 0100 | 0048 8381 | 8001 0000 

  0x000001ec0d445404: ;   {metadata(method data for {method} {0x000001ec223dc408} 'checkExactType' '(Ljava/lang/invoke/MethodHandle;Ljava/lang/invoke/MethodType;)V' in 'java/lang/invoke/Invokers')}
  0x000001ec0d445404: 0148 b9f0 | f222 3dec | 0100 0044 | 8b99 cc00 | 0000 4183 | c302 4489 | 99cc 0000 | 0041 81e3 
  0x000001ec0d445424: feff 1f00 | 4585 db0f | 844b 1f00 | 0048 3b06 

  0x000001ec0d445434: ;   {metadata(method data for {method} {0x000001ec223dc408} 'checkExactType' '(Ljava/lang/invoke/MethodHandle;Ljava/lang/invoke/MethodType;)V' in 'java/lang/invoke/Invokers')}
  0x000001ec0d445434: 488b ce49 | bbf0 f222 | 3dec 0100 | 008b 4908 | 49ba 0000 | 0022 ec01 | 0000 4903 | ca49 3b8b 
  0x000001ec0d445454: 2001 0000 | 750d 4983 | 8328 0100 | 0001 e960 | 0000 0049 | 3b8b 3001 | 0000 750d | 4983 8338 
  0x000001ec0d445474: 0100 0001 | e94a 0000 | 0049 83bb | 2001 0000 | 0075 1749 | 898b 2001 | 0000 49c7 | 8328 0100 
  0x000001ec0d445494: 0001 0000 | 00e9 2900 | 0000 4983 | bb30 0100 | 0000 7517 | 4989 8b30 | 0100 0049 | c783 3801 
  0x000001ec0d4454b4: 0000 0100 | 0000 e908 | 0000 0049 | 8383 1001 | 0000 018b | 4e10 493b 

  0x000001ec0d4454cc: ;   {metadata(method data for {method} {0x000001ec223dc408} 'checkExactType' '(Ljava/lang/invoke/MethodHandle;Ljava/lang/invoke/MethodType;)V' in 'java/lang/invoke/Invokers')}
  0x000001ec0d4454cc: c949 b9f0 | f222 3dec | 0100 0049 | c7c3 5801 | 0000 7507 | 49c7 c348 | 0100 004f | 8b2c 194d 
  0x000001ec0d4454ec: 8d6d 014f | 892c 190f | 85e6 1600 

  0x000001ec0d4454f8: ;   {metadata(method data for {method} {0x000001ec3d6f2ab8} 'invokeExact_MT' '(Ljava/lang/Object;Ljava/lang/Object;Ljava/lang/Object;Ljava/lang/Object;Ljava/lang/Object;Ljava/lang/Object;)Ljava/lang/Object;' in 'java/lang/invoke/LambdaForm$MH+0x000001ec230e8c00')}
  0x000001ec0d4454f8: 0048 b918 | 2d6f 3dec | 0100 0048 | 8d89 c801 | 0000 448b | 4e08 49ba | 0000 0022 | ec01 0000 
  0x000001ec0d445518: 4d03 ca4d | 8bd1 4c33 | 4908 49f7 | c1fc ffff | ff74 2b41 | f6c1 0275 | 2548 f741 | 08fe ffff 
  0x000001ec0d445538: ff74 174d | 8bca 4c33 | 4908 49f7 | c1fc ffff | ff74 0b48 | 8349 0802 | eb04 4c89 

  0x000001ec0d445554: ;   {metadata(method data for {method} {0x000001ec3d6f2ab8} 'invokeExact_MT' '(Ljava/lang/Object;Ljava/lang/Object;Ljava/lang/Object;Ljava/lang/Object;Ljava/lang/Object;Ljava/lang/Object;)Ljava/lang/Object;' in 'java/lang/invoke/LambdaForm$MH+0x000001ec230e8c00')}
  0x000001ec0d445554: 4908 48b9 | 182d 6f3d | ec01 0000 | 4883 81b8 | 0100 0001 

  0x000001ec0d445568: ;   {metadata(method data for {method} {0x000001ec223dc300} 'checkCustomized' '(Ljava/lang/invoke/MethodHandle;)V' in 'java/lang/invoke/Invokers')}
  0x000001ec0d445568: 48b9 b0ec | 223d ec01 | 0000 448b | 89cc 0000 | 0041 83c1 | 0244 8989 | cc00 0000 | 4181 e1fe 
  0x000001ec0d445588: ff1f 0045 | 85c9 0f84 | 0e1e 0000 

  0x000001ec0d445594: ;   {metadata(method data for {method} {0x000001ec223dc300} 'checkCustomized' '(Ljava/lang/invoke/MethodHandle;)V' in 'java/lang/invoke/Invokers')}
  0x000001ec0d445594: 48b9 b0ec | 223d ec01 | 0000 4883 | 8110 0100 

  0x000001ec0d4455a4: ;   {metadata(method data for {method} {0x000001ec220944d8} 'isCompileConstant' '(Ljava/lang/Object;)Z' in 'java/lang/invoke/MethodHandleImpl')}
  0x000001ec0d4455a4: 0001 48b9 | 60ee 223d | ec01 0000 | 448b 89cc | 0000 0041 | 83c1 0244 | 8989 cc00 | 0000 4181 
  0x000001ec0d4455c4: e1fe ff1f | 0045 85c9 | 0f84 f11d 

  0x000001ec0d4455d0: ;   {metadata(method data for {method} {0x000001ec223dc300} 'checkCustomized' '(Ljava/lang/invoke/MethodHandle;)V' in 'java/lang/invoke/Invokers')}
  0x000001ec0d4455d0: 0000 48b9 | b0ec 223d | ec01 0000 | ff81 2001 | 0000 8b4e | 148b 491c 

  0x000001ec0d4455e8: ;   {metadata(method data for {method} {0x000001ec223dc300} 'checkCustomized' '(Ljava/lang/invoke/MethodHandle;)V' in 'java/lang/invoke/Invokers')}
  0x000001ec0d4455e8: 4885 c948 | b9b0 ec22 | 3dec 0100 | 0049 c7c1 | 4001 0000 | 7507 49c7 | c150 0100 | 004e 8b1c 
  0x000001ec0d445608: 094d 8d5b | 014e 891c | 090f 8525 

  0x000001ec0d445614: ;   {metadata(method data for {method} {0x000001ec223dc300} 'checkCustomized' '(Ljava/lang/invoke/MethodHandle;)V' in 'java/lang/invoke/Invokers')}
  0x000001ec0d445614: 0000 0048 | b9b0 ec22 | 3dec 0100 | 0048 8381 | 6001 0000 | 0148 8bd6 

  0x000001ec0d44562c: ;   {static_call}
  0x000001ec0d44562c: 6666 90e8 

  0x000001ec0d445630: ; ImmutableOopMap {[176]=Oop [192]=Oop [208]=Oop [216]=Oop [224]=Oop [232]=Oop }
                      ;*invokestatic maybeCustomize {reexecute=0 rethrow=0 return_oop=0}
                      ; - java.lang.invoke.Invokers::checkCustomized@19
                      ; - java.lang.invoke.LambdaForm$MH/0x000001ec230e8c00::invokeExact_MT@15
                      ; - jdk.internal.reflect.DirectMethodHandleAccessor::invokeImpl@92
                      ; - jdk.internal.reflect.DirectMethodHandleAccessor::invoke@23
  0x000001ec0d445630: ecc6 9607 

  0x000001ec0d445634: ;   {other}
  0x000001ec0d445634: 0f1f 8400 | 2413 0004 | 488b bc24 | d000 0000 | 4c8b 8424 | c000 0000 

  0x000001ec0d44564c: ;   {metadata(method data for {method} {0x000001ec3d6f2ab8} 'invokeExact_MT' '(Ljava/lang/Object;Ljava/lang/Object;Ljava/lang/Object;Ljava/lang/Object;Ljava/lang/Object;Ljava/lang/Object;)Ljava/lang/Object;' in 'java/lang/invoke/LambdaForm$MH+0x000001ec230e8c00')}
  0x000001ec0d44564c: 49b9 182d | 6f3d ec01 | 0000 4d8d | 8918 0200 | 004d 85c0 | 750f 41f6 | 4108 0175 | 54f0 4983 
  0x000001ec0d44566c: 4908 01eb | 4c41 8b70 | 0849 ba00 | 0000 22ec | 0100 0049 | 03f2 4c8b | d649 3371 | 0848 f7c6 
  0x000001ec0d44568c: fcff ffff | 742b 40f6 | c602 7525 | 49f7 4108 | feff ffff | 7417 498b | f249 3371 | 0848 f7c6 
  0x000001ec0d4456ac: fcff ffff | 740b 4983 | 4908 02eb | 0449 8971 | 0848 85ff | 750f 41f6 | 4118 0175 | 53f0 4983 
  0x000001ec0d4456cc: 4918 01eb | 4b8b 7708 | 49ba 0000 | 0022 ec01 | 0000 4903 | f24c 8bd6 | 4933 7118 | 48f7 c6fc 
  0x000001ec0d4456ec: ffff ff74 | 2b40 f6c6 | 0275 2549 | f741 18fe | ffff ff74 | 1749 8bf2 | 4933 7118 | 48f7 c6fc 
  0x000001ec0d44570c: ffff ff74 | 0b49 8349 | 1802 eb04 | 4989 7118 | 488b b424 | d800 0000 

  0x000001ec0d445724: ;   {metadata(method data for {method} {0x000001ec3d6f2ab8} 'invokeExact_MT' '(Ljava/lang/Object;Ljava/lang/Object;Ljava/lang/Object;Ljava/lang/Object;Ljava/lang/Object;Ljava/lang/Object;)Ljava/lang/Object;' in 'java/lang/invoke/LambdaForm$MH+0x000001ec230e8c00')}
  0x000001ec0d445724: 49b9 182d | 6f3d ec01 | 0000 4983 | 81e0 0100 | 0001 4c8b | cf48 8bbc | 24e0 0000 | 0048 8bb4 
  0x000001ec0d445744: 24e8 0000 | 0048 8b94 | 24d8 0000 | 0066 0f1f 

  0x000001ec0d445754: ;   {optimized virtual_call}
  0x000001ec0d445754: 4400 00e8 

  0x000001ec0d445758: ; ImmutableOopMap {[176]=Oop }
                      ;*invokevirtual invokeBasic {reexecute=0 rethrow=0 return_oop=0}
                      ; - java.lang.invoke.LambdaForm$MH/0x000001ec230e8c00::invokeExact_MT@24
                      ; - jdk.internal.reflect.DirectMethodHandleAccessor::invokeImpl@92
                      ; - jdk.internal.reflect.DirectMethodHandleAccessor::invoke@23
  0x000001ec0d445758: 24f1 7007 

  0x000001ec0d44575c: ;   {other}
  0x000001ec0d44575c: 0f1f 8400 | 4c14 0005 

  0x000001ec0d445764: ;   {metadata(method data for {method} {0x000001ec3d6f2ab8} 'invokeExact_MT' '(Ljava/lang/Object;Ljava/lang/Object;Ljava/lang/Object;Ljava/lang/Object;Ljava/lang/Object;Ljava/lang/Object;)Ljava/lang/Object;' in 'java/lang/invoke/LambdaForm$MH+0x000001ec230e8c00')}
  0x000001ec0d445764: 48ba 182d | 6f3d ec01 | 0000 488d | 9238 0200 | 0048 85c0 | 750c f602 | 0175 4df0 | 4883 0a01 
  0x000001ec0d445784: eb46 8b70 | 0849 ba00 | 0000 22ec | 0100 0049 | 03f2 4c8b | d648 3332 | 48f7 c6fc | ffff ff74 
  0x000001ec0d4457a4: 2740 f6c6 | 0275 2148 | f702 feff | ffff 7415 | 498b f248 | 3332 48f7 | c6fc ffff | ff74 0948 
  0x000001ec0d4457c4: 830a 02eb | 0348 8932 

  0x000001ec0d4457cc: ;   {metadata(method data for {method} {0x000001ec223c8518} 'invokeImpl' '(Ljava/lang/Object;[Ljava/lang/Object;)Ljava/lang/Object;' in 'jdk/internal/reflect/DirectMethodHandleAccessor')}
  0x000001ec0d4457cc: 48ba e8b1 | 813d ec01 | 0000 488d | 9238 0300 | 0048 85c0 | 750c f602 | 0175 4df0 | 4883 0a01 
  0x000001ec0d4457ec: eb46 8b70 | 0849 ba00 | 0000 22ec | 0100 0049 | 03f2 4c8b | d648 3332 | 48f7 c6fc | ffff ff74 
  0x000001ec0d44580c: 2740 f6c6 | 0275 2148 | f702 feff | ffff 7415 | 498b f248 | 3332 48f7 | c6fc ffff | ff74 0948 
  0x000001ec0d44582c: 830a 02eb | 0348 8932 

  0x000001ec0d445834: ;   {metadata(method data for {method} {0x000001ec223c8518} 'invokeImpl' '(Ljava/lang/Object;[Ljava/lang/Object;)Ljava/lang/Object;' in 'jdk/internal/reflect/DirectMethodHandleAccessor')}
  0x000001ec0d445834: 48ba e8b1 | 813d ec01 | 0000 ff82 | 4803 0000 | 4881 c470 | 0100 005d 

  0x000001ec0d44584c: ;   {poll_return}
  0x000001ec0d44584c: 493b a750 | 0400 000f | 8790 1b00 | 00c3 4c8b | 8c24 b800 | 0000 4c8b | 8424 c000 | 0000 8b72 
  0x000001ec0d44586c: 1848 89b4 | 24f8 0000 | 0041 8379 | 0c00 0f86 | 891b 0000 | 418b 7910 | 4889 bc24 | f000 0000 
  0x000001ec0d44588c: 4183 790c | 010f 8684 | 1b00 0041 | 8b59 1448 | 899c 2400 

  0x000001ec0d4458a0: ;   {metadata(method data for {method} {0x000001ec223c8518} 'invokeImpl' '(Ljava/lang/Object;[Ljava/lang/Object;)Ljava/lang/Object;' in 'jdk/internal/reflect/DirectMethodHandleAccessor')}
  0x000001ec0d4458a0: 0100 0048 | b8e8 b181 | 3dec 0100 | 0048 8d80 | 9802 0000 | 4d85 c075 | 0ef6 4008 | 0175 53f0 
  0x000001ec0d4458c0: 4883 4808 | 01eb 4b41 | 8b48 0849 | ba00 0000 | 22ec 0100 | 0049 03ca | 4c8b d148 | 3348 0848 
  0x000001ec0d4458e0: f7c1 fcff | ffff 742a | f6c1 0275 | 2548 f740 | 08fe ffff | ff74 1749 | 8bca 4833 | 4808 48f7 
  0x000001ec0d445900: c1fc ffff | ff74 0b48 | 8348 0802 | eb04 4889 

  0x000001ec0d445910: ;   {metadata(method data for {method} {0x000001ec3d4052b8} 'invokeExact_MT' '(Ljava/lang/Object;Ljava/lang/Object;Ljava/lang/Object;Ljava/lang/Object;Ljava/lang/Object;)Ljava/lang/Object;' in 'java/lang/invoke/LambdaForm$MH+0x000001ec23002800')}
  0x000001ec0d445910: 4808 48b8 | 1855 403d | ec01 0000 | 488d 80c0 | 0200 0048 | 85f6 750c | f600 0175 | 4cf0 4883 
  0x000001ec0d445930: 0801 eb45 | 8b4e 0849 | ba00 0000 | 22ec 0100 | 0049 03ca | 4c8b d148 | 3308 48f7 | c1fc ffff 
  0x000001ec0d445950: ff74 26f6 | c102 7521 | 48f7 00fe | ffff ff74 | 1549 8bca | 4833 0848 | f7c1 fcff | ffff 7409 
  0x000001ec0d445970: 4883 0802 | eb03 4889 | 084d 85c0 | 750e f640 | 1001 7553 | f048 8348 | 1001 eb4b | 418b 4808 
  0x000001ec0d445990: 49ba 0000 | 0022 ec01 | 0000 4903 | ca4c 8bd1 | 4833 4810 | 48f7 c1fc | ffff ff74 | 2af6 c102 
  0x000001ec0d4459b0: 7525 48f7 | 4010 feff | ffff 7417 | 498b ca48 | 3348 1048 | f7c1 fcff | ffff 740b | 4883 4810 
  0x000001ec0d4459d0: 02eb 0448 

  0x000001ec0d4459d4: ;   {metadata(method data for {method} {0x000001ec223c8518} 'invokeImpl' '(Ljava/lang/Object;[Ljava/lang/Object;)Ljava/lang/Object;' in 'jdk/internal/reflect/DirectMethodHandleAccessor')}
  0x000001ec0d4459d4: 8948 1048 | b8e8 b181 | 3dec 0100 | 0048 8380 | 6002 0000 

  0x000001ec0d4459e8: ;   {metadata(method data for {method} {0x000001ec3d4052b8} 'invokeExact_MT' '(Ljava/lang/Object;Ljava/lang/Object;Ljava/lang/Object;Ljava/lang/Object;Ljava/lang/Object;)Ljava/lang/Object;' in 'java/lang/invoke/LambdaForm$MH+0x000001ec23002800')}
  0x000001ec0d4459e8: 0148 b818 | 5540 3dec | 0100 008b | 88cc 0000 | 0083 c102 | 8988 cc00 | 0000 81e1 | feff 1f00 
  0x000001ec0d445a08: 85c9 0f84 | 1d1a 0000 

  0x000001ec0d445a10: ;   {metadata(method data for {method} {0x000001ec3d4052b8} 'invokeExact_MT' '(Ljava/lang/Object;Ljava/lang/Object;Ljava/lang/Object;Ljava/lang/Object;Ljava/lang/Object;)Ljava/lang/Object;' in 'java/lang/invoke/LambdaForm$MH+0x000001ec23002800')}
  0x000001ec0d445a10: 48b8 1855 | 403d ec01 | 0000 488d | 8090 0100 | 0048 85f6 | 750e f640 | 0801 7552 | f048 8348 
  0x000001ec0d445a30: 0801 eb4a | 8b4e 0849 | ba00 0000 | 22ec 0100 | 0049 03ca | 4c8b d148 | 3348 0848 | f7c1 fcff 
  0x000001ec0d445a50: ffff 742a | f6c1 0275 | 2548 f740 | 08fe ffff | ff74 1749 | 8bca 4833 | 4808 48f7 | c1fc ffff 
  0x000001ec0d445a70: ff74 0b48 | 8348 0802 | eb04 4889 

  0x000001ec0d445a7c: ;   {oop(a 'java/lang/invoke/MethodType'{0x00000000807181d8} = (Ljava/lang/Object;Ljava/lang/Object;Ljava/lang/Object;)Ljava/lang/Object;)}
  0x000001ec0d445a7c: 4808 48b9 | d881 7180 | 0000 0000 | 4885 c975 | 0cf6 4018 | 0175 06f0 | 4883 4818 

  0x000001ec0d445a98: ;   {metadata(method data for {method} {0x000001ec3d4052b8} 'invokeExact_MT' '(Ljava/lang/Object;Ljava/lang/Object;Ljava/lang/Object;Ljava/lang/Object;Ljava/lang/Object;)Ljava/lang/Object;' in 'java/lang/invoke/LambdaForm$MH+0x000001ec23002800')}
  0x000001ec0d445a98: 0148 b818 | 5540 3dec | 0100 0048 | 8380 8001 

  0x000001ec0d445aa8: ;   {metadata(method data for {method} {0x000001ec223dc408} 'checkExactType' '(Ljava/lang/invoke/MethodHandle;Ljava/lang/invoke/MethodType;)V' in 'java/lang/invoke/Invokers')}
  0x000001ec0d445aa8: 0000 0148 | b8f0 f222 | 3dec 0100 | 0044 8b88 | cc00 0000 | 4183 c102 | 4489 88cc | 0000 0041 
  0x000001ec0d445ac8: 81e1 feff | 1f00 4585 | c90f 8477 | 1900 0048 | 3b06 488b 

  0x000001ec0d445adc: ;   {metadata(method data for {method} {0x000001ec223dc408} 'checkExactType' '(Ljava/lang/invoke/MethodHandle;Ljava/lang/invoke/MethodType;)V' in 'java/lang/invoke/Invokers')}
  0x000001ec0d445adc: c649 b9f0 | f222 3dec | 0100 008b | 4008 49ba | 0000 0022 | ec01 0000 | 4903 c249 | 3b81 2001 
  0x000001ec0d445afc: 0000 750d | 4983 8128 | 0100 0001 | e960 0000 | 0049 3b81 | 3001 0000 | 750d 4983 | 8138 0100 
  0x000001ec0d445b1c: 0001 e94a | 0000 0049 | 83b9 2001 | 0000 0075 | 1749 8981 | 2001 0000 | 49c7 8128 | 0100 0001 
  0x000001ec0d445b3c: 0000 00e9 | 2900 0000 | 4983 b930 | 0100 0000 | 7517 4989 | 8130 0100 | 0049 c781 | 3801 0000 
  0x000001ec0d445b5c: 0100 0000 | e908 0000 | 0049 8381 | 1001 0000 | 018b 4610 

  0x000001ec0d445b70: ;   {metadata(method data for {method} {0x000001ec223dc408} 'checkExactType' '(Ljava/lang/invoke/MethodHandle;Ljava/lang/invoke/MethodType;)V' in 'java/lang/invoke/Invokers')}
  0x000001ec0d445b70: 483b c148 | b9f0 f222 | 3dec 0100 | 0049 c7c1 | 5801 0000 | 7507 49c7 | c148 0100 | 004e 8b1c 
  0x000001ec0d445b90: 094d 8d5b | 014e 891c | 090f 8500 

  0x000001ec0d445b9c: ;   {metadata(method data for {method} {0x000001ec3d4052b8} 'invokeExact_MT' '(Ljava/lang/Object;Ljava/lang/Object;Ljava/lang/Object;Ljava/lang/Object;Ljava/lang/Object;)Ljava/lang/Object;' in 'java/lang/invoke/LambdaForm$MH+0x000001ec23002800')}
  0x000001ec0d445b9c: 1000 0048 | b818 5540 | 3dec 0100 | 0048 8d80 | c801 0000 | 8b4e 0849 | ba00 0000 | 22ec 0100 
  0x000001ec0d445bbc: 0049 03ca | 4c8b d148 | 3348 0848 | f7c1 fcff | ffff 742a | f6c1 0275 | 2548 f740 | 08fe ffff 
  0x000001ec0d445bdc: ff74 1749 | 8bca 4833 | 4808 48f7 | c1fc ffff | ff74 0b48 | 8348 0802 | eb04 4889 

  0x000001ec0d445bf8: ;   {metadata(method data for {method} {0x000001ec3d4052b8} 'invokeExact_MT' '(Ljava/lang/Object;Ljava/lang/Object;Ljava/lang/Object;Ljava/lang/Object;Ljava/lang/Object;)Ljava/lang/Object;' in 'java/lang/invoke/LambdaForm$MH+0x000001ec23002800')}
  0x000001ec0d445bf8: 4808 48b8 | 1855 403d | ec01 0000 | 4883 80b8 | 0100 0001 

  0x000001ec0d445c0c: ;   {metadata(method data for {method} {0x000001ec223dc300} 'checkCustomized' '(Ljava/lang/invoke/MethodHandle;)V' in 'java/lang/invoke/Invokers')}
  0x000001ec0d445c0c: 48b8 b0ec | 223d ec01 | 0000 8b88 | cc00 0000 | 83c1 0289 | 88cc 0000 | 0081 e1fe | ff1f 0085 
  0x000001ec0d445c2c: c90f 8441 

  0x000001ec0d445c30: ;   {metadata(method data for {method} {0x000001ec223dc300} 'checkCustomized' '(Ljava/lang/invoke/MethodHandle;)V' in 'java/lang/invoke/Invokers')}
  0x000001ec0d445c30: 1800 0048 | b8b0 ec22 | 3dec 0100 | 0048 8380 | 1001 0000 

  0x000001ec0d445c44: ;   {metadata(method data for {method} {0x000001ec220944d8} 'isCompileConstant' '(Ljava/lang/Object;)Z' in 'java/lang/invoke/MethodHandleImpl')}
  0x000001ec0d445c44: 0148 b860 | ee22 3dec | 0100 008b | 88cc 0000 | 0083 c102 | 8988 cc00 | 0000 81e1 | feff 1f00 
  0x000001ec0d445c64: 85c9 0f84 | 2918 0000 

  0x000001ec0d445c6c: ;   {metadata(method data for {method} {0x000001ec223dc300} 'checkCustomized' '(Ljava/lang/invoke/MethodHandle;)V' in 'java/lang/invoke/Invokers')}
  0x000001ec0d445c6c: 48b8 b0ec | 223d ec01 | 0000 ff80 | 2001 0000 | 8b46 148b | 401c 4885 

  0x000001ec0d445c84: ;   {metadata(method data for {method} {0x000001ec223dc300} 'checkCustomized' '(Ljava/lang/invoke/MethodHandle;)V' in 'java/lang/invoke/Invokers')}
  0x000001ec0d445c84: c048 b8b0 | ec22 3dec | 0100 0048 | c7c1 4001 | 0000 7507 | 48c7 c150 | 0100 004c | 8b0c 084d 
  0x000001ec0d445ca4: 8d49 014c | 890c 080f | 8523 0000 

  0x000001ec0d445cb0: ;   {metadata(method data for {method} {0x000001ec223dc300} 'checkCustomized' '(Ljava/lang/invoke/MethodHandle;)V' in 'java/lang/invoke/Invokers')}
  0x000001ec0d445cb0: 0048 b8b0 | ec22 3dec | 0100 0048 | 8380 6001 | 0000 0148 

  0x000001ec0d445cc4: ;   {static_call}
  0x000001ec0d445cc4: 8bd6 90e8 

  0x000001ec0d445cc8: ; ImmutableOopMap {[176]=Oop [192]=Oop [240]=Oop [248]=Oop [256]=Oop }
                      ;*invokestatic maybeCustomize {reexecute=0 rethrow=0 return_oop=0}
                      ; - java.lang.invoke.Invokers::checkCustomized@19
                      ; - java.lang.invoke.LambdaForm$MH/0x000001ec23002800::invokeExact_MT@15
                      ; - jdk.internal.reflect.DirectMethodHandleAccessor::invokeImpl@72
                      ; - jdk.internal.reflect.DirectMethodHandleAccessor::invoke@23
  0x000001ec0d445cc8: 54c0 9607 

  0x000001ec0d445ccc: ;   {other}
  0x000001ec0d445ccc: 0f1f 8400 | bc19 0006 | 488b bc24 | f000 0000 | 4c8b 8424 | c000 0000 

  0x000001ec0d445ce4: ;   {metadata(method data for {method} {0x000001ec3d4052b8} 'invokeExact_MT' '(Ljava/lang/Object;Ljava/lang/Object;Ljava/lang/Object;Ljava/lang/Object;Ljava/lang/Object;)Ljava/lang/Object;' in 'java/lang/invoke/LambdaForm$MH+0x000001ec23002800')}
  0x000001ec0d445ce4: 49b9 1855 | 403d ec01 | 0000 4d8d | 8918 0200 | 004d 85c0 | 750f 41f6 | 4108 0175 | 53f0 4983 
  0x000001ec0d445d04: 4908 01eb | 4b41 8b50 | 0849 ba00 | 0000 22ec | 0100 0049 | 03d2 4c8b | d249 3351 | 0848 f7c2 
  0x000001ec0d445d24: fcff ffff | 742a f6c2 | 0275 2549 | f741 08fe | ffff ff74 | 1749 8bd2 | 4933 5108 | 48f7 c2fc 
  0x000001ec0d445d44: ffff ff74 | 0b49 8349 | 0802 eb04 | 4989 5108 | 4885 ff75 | 0f41 f641 | 1801 7552 | f049 8349 
  0x000001ec0d445d64: 1801 eb4a | 8b57 0849 | ba00 0000 | 22ec 0100 | 0049 03d2 | 4c8b d249 | 3351 1848 | f7c2 fcff 
  0x000001ec0d445d84: ffff 742a | f6c2 0275 | 2549 f741 | 18fe ffff | ff74 1749 | 8bd2 4933 | 5118 48f7 | c2fc ffff 
  0x000001ec0d445da4: ff74 0b49 | 8349 1802 | eb04 4989 | 5118 488b | b424 f800 

  0x000001ec0d445db8: ;   {metadata(method data for {method} {0x000001ec3d4052b8} 'invokeExact_MT' '(Ljava/lang/Object;Ljava/lang/Object;Ljava/lang/Object;Ljava/lang/Object;Ljava/lang/Object;)Ljava/lang/Object;' in 'java/lang/invoke/LambdaForm$MH+0x000001ec23002800')}
  0x000001ec0d445db8: 0000 49b9 | 1855 403d | ec01 0000 | 4983 81e0 | 0100 0001 | 4c8b cf48 | 8bbc 2400 | 0100 0048 
  0x000001ec0d445dd8: 8b94 24f8 

  0x000001ec0d445ddc: ;   {optimized virtual_call}
  0x000001ec0d445ddc: 0000 00e8 

  0x000001ec0d445de0: ; ImmutableOopMap {[176]=Oop }
                      ;*invokevirtual invokeBasic {reexecute=0 rethrow=0 return_oop=0}
                      ; - java.lang.invoke.LambdaForm$MH/0x000001ec23002800::invokeExact_MT@22
                      ; - jdk.internal.reflect.DirectMethodHandleAccessor::invokeImpl@72
                      ; - jdk.internal.reflect.DirectMethodHandleAccessor::invoke@23
  0x000001ec0d445de0: 9c01 7107 

  0x000001ec0d445de4: ;   {other}
  0x000001ec0d445de4: 0f1f 8400 | d41a 0007 

  0x000001ec0d445dec: ;   {metadata(method data for {method} {0x000001ec3d4052b8} 'invokeExact_MT' '(Ljava/lang/Object;Ljava/lang/Object;Ljava/lang/Object;Ljava/lang/Object;Ljava/lang/Object;)Ljava/lang/Object;' in 'java/lang/invoke/LambdaForm$MH+0x000001ec23002800')}
  0x000001ec0d445dec: 48ba 1855 | 403d ec01 | 0000 488d | 9238 0200 | 0048 85c0 | 750c f602 | 0175 4df0 | 4883 0a01 
  0x000001ec0d445e0c: eb46 8b70 | 0849 ba00 | 0000 22ec | 0100 0049 | 03f2 4c8b | d648 3332 | 48f7 c6fc | ffff ff74 
  0x000001ec0d445e2c: 2740 f6c6 | 0275 2148 | f702 feff | ffff 7415 | 498b f248 | 3332 48f7 | c6fc ffff | ff74 0948 
  0x000001ec0d445e4c: 830a 02eb | 0348 8932 

  0x000001ec0d445e54: ;   {metadata(method data for {method} {0x000001ec223c8518} 'invokeImpl' '(Ljava/lang/Object;[Ljava/lang/Object;)Ljava/lang/Object;' in 'jdk/internal/reflect/DirectMethodHandleAccessor')}
  0x000001ec0d445e54: 48ba e8b1 | 813d ec01 | 0000 488d | 92b8 0200 | 0048 85c0 | 750c f602 | 0175 4df0 | 4883 0a01 
  0x000001ec0d445e74: eb46 8b70 | 0849 ba00 | 0000 22ec | 0100 0049 | 03f2 4c8b | d648 3332 | 48f7 c6fc | ffff ff74 
  0x000001ec0d445e94: 2740 f6c6 | 0275 2148 | f702 feff | ffff 7415 | 498b f248 | 3332 48f7 | c6fc ffff | ff74 0948 
  0x000001ec0d445eb4: 830a 02eb | 0348 8932 

  0x000001ec0d445ebc: ;   {metadata(method data for {method} {0x000001ec223c8518} 'invokeImpl' '(Ljava/lang/Object;[Ljava/lang/Object;)Ljava/lang/Object;' in 'jdk/internal/reflect/DirectMethodHandleAccessor')}
  0x000001ec0d445ebc: 48ba e8b1 | 813d ec01 | 0000 ff82 | c802 0000 | 4881 c470 | 0100 005d 

  0x000001ec0d445ed4: ;   {poll_return}
  0x000001ec0d445ed4: 493b a750 | 0400 000f | 87da 1500 | 00c3 4c8b | 8c24 b800 | 0000 4c8b | 8424 c000 | 0000 8b72 
  0x000001ec0d445ef4: 1848 89b4 | 2410 0100 | 0041 8379 | 0c00 0f86 | d315 0000 | 418b 7910 | 4889 bc24 | 0801 0000 
  0x000001ec0d445f14: ;   {metadata(method data for {method} {0x000001ec223c8518} 'invokeImpl' '(Ljava/lang/Object;[Ljava/lang/Object;)Ljava/lang/Object;' in 'jdk/internal/reflect/DirectMethodHandleAccessor')}
  0x000001ec0d445f14: 48bb e8b1 | 813d ec01 | 0000 488d | 9b18 0200 | 004d 85c0 | 750e f643 | 0801 7550 | f048 834b 
  0x000001ec0d445f34: 0801 eb48 | 418b 4008 | 49ba 0000 | 0022 ec01 | 0000 4903 | c24c 8bd0 | 4833 4308 | 48a9 fcff 
  0x000001ec0d445f54: ffff 7428 | a802 7524 | 48f7 4308 | feff ffff | 7416 498b | c248 3343 | 0848 a9fc | ffff ff74 
  0x000001ec0d445f74: 0b48 834b | 0802 eb04 | 4889 4308 

  0x000001ec0d445f80: ;   {metadata(method data for {method} {0x000001ec220ae518} 'invokeExact_MT' '(Ljava/lang/Object;Ljava/lang/Object;Ljava/lang/Object;Ljava/lang/Object;)Ljava/lang/Object;' in 'java/lang/invoke/Invokers$Holder')}
  0x000001ec0d445f80: 48bb 40dc | 813d ec01 | 0000 488d | 9bb8 0200 | 0048 85f6 | 750c f603 | 0175 49f0 | 4883 0b01 
  0x000001ec0d445fa0: eb42 8b46 | 0849 ba00 | 0000 22ec | 0100 0049 | 03c2 4c8b | d048 3303 | 48a9 fcff | ffff 7424 
  0x000001ec0d445fc0: a802 7520 | 48f7 03fe | ffff ff74 | 1449 8bc2 | 4833 0348 | a9fc ffff | ff74 0948 | 830b 02eb 
  0x000001ec0d445fe0: 0348 8903 | 4d85 c075 | 0ef6 4310 | 0175 50f0 | 4883 4b10 | 01eb 4841 | 8b40 0849 | ba00 0000 
  0x000001ec0d446000: 22ec 0100 | 0049 03c2 | 4c8b d048 | 3343 1048 | a9fc ffff | ff74 28a8 | 0275 2448 | f743 10fe 
  0x000001ec0d446020: ffff ff74 | 1649 8bc2 | 4833 4310 | 48a9 fcff | ffff 740b | 4883 4b10 | 02eb 0448 

  0x000001ec0d44603c: ;   {metadata(method data for {method} {0x000001ec223c8518} 'invokeImpl' '(Ljava/lang/Object;[Ljava/lang/Object;)Ljava/lang/Object;' in 'jdk/internal/reflect/DirectMethodHandleAccessor')}
  0x000001ec0d44603c: 8943 1048 | bbe8 b181 | 3dec 0100 | 0048 8383 | e001 0000 

  0x000001ec0d446050: ;   {metadata(method data for {method} {0x000001ec220ae518} 'invokeExact_MT' '(Ljava/lang/Object;Ljava/lang/Object;Ljava/lang/Object;Ljava/lang/Object;)Ljava/lang/Object;' in 'java/lang/invoke/Invokers$Holder')}
  0x000001ec0d446050: 0148 bb40 | dc81 3dec | 0100 008b | 83cc 0000 | 0083 c002 | 8983 cc00 | 0000 25fe | ff1f 0085 
  0x000001ec0d446070: c00f 8476 

  0x000001ec0d446074: ;   {metadata(method data for {method} {0x000001ec220ae518} 'invokeExact_MT' '(Ljava/lang/Object;Ljava/lang/Object;Ljava/lang/Object;Ljava/lang/Object;)Ljava/lang/Object;' in 'java/lang/invoke/Invokers$Holder')}
  0x000001ec0d446074: 1400 0048 | bb40 dc81 | 3dec 0100 | 0048 8d9b | 9001 0000 | 4885 f675 | 0ef6 4308 | 0175 4ff0 
  0x000001ec0d446094: 4883 4b08 | 01eb 478b | 4608 49ba | 0000 0022 | ec01 0000 | 4903 c24c | 8bd0 4833 | 4308 48a9 
  0x000001ec0d4460b4: fcff ffff | 7428 a802 | 7524 48f7 | 4308 feff | ffff 7416 | 498b c248 | 3343 0848 | a9fc ffff 
  0x000001ec0d4460d4: ff74 0b48 | 834b 0802 | eb04 4889 

  0x000001ec0d4460e0: ;   {oop(a 'java/lang/invoke/MethodType'{0x00000000807180e0} = (Ljava/lang/Object;Ljava/lang/Object;)Ljava/lang/Object;)}
  0x000001ec0d4460e0: 4308 48b8 | e080 7180 | 0000 0000 | 4885 c075 | 0cf6 4318 | 0175 06f0 | 4883 4b18 

  0x000001ec0d4460fc: ;   {metadata(method data for {method} {0x000001ec220ae518} 'invokeExact_MT' '(Ljava/lang/Object;Ljava/lang/Object;Ljava/lang/Object;Ljava/lang/Object;)Ljava/lang/Object;' in 'java/lang/invoke/Invokers$Holder')}
  0x000001ec0d4460fc: 0148 bb40 | dc81 3dec | 0100 0048 | 8383 8001 

  0x000001ec0d44610c: ;   {metadata(method data for {method} {0x000001ec223dc408} 'checkExactType' '(Ljava/lang/invoke/MethodHandle;Ljava/lang/invoke/MethodType;)V' in 'java/lang/invoke/Invokers')}
  0x000001ec0d44610c: 0000 0148 | bbf0 f222 | 3dec 0100 | 008b 8bcc | 0000 0083 | c102 898b | cc00 0000 | 81e1 feff 
  0x000001ec0d44612c: 1f00 85c9 | 0f84 d813 | 0000 483b | 0648 8bde 

  0x000001ec0d44613c: ;   {metadata(method data for {method} {0x000001ec223dc408} 'checkExactType' '(Ljava/lang/invoke/MethodHandle;Ljava/lang/invoke/MethodType;)V' in 'java/lang/invoke/Invokers')}
  0x000001ec0d44613c: 48b9 f0f2 | 223d ec01 | 0000 8b5b | 0849 ba00 | 0000 22ec | 0100 0049 | 03da 483b | 9920 0100 
  0x000001ec0d44615c: 0075 0d48 | 8381 2801 | 0000 01e9 | 6000 0000 | 483b 9930 | 0100 0075 | 0d48 8381 | 3801 0000 
  0x000001ec0d44617c: 01e9 4a00 | 0000 4883 | b920 0100 | 0000 7517 | 4889 9920 | 0100 0048 | c781 2801 | 0000 0100 
  0x000001ec0d44619c: 0000 e929 | 0000 0048 | 83b9 3001 | 0000 0075 | 1748 8999 | 3001 0000 | 48c7 8138 | 0100 0001 
  0x000001ec0d4461bc: 0000 00e9 | 0800 0000 | 4883 8110 | 0100 0001 | 8b5e 1048 

  0x000001ec0d4461d0: ;   {metadata(method data for {method} {0x000001ec223dc408} 'checkExactType' '(Ljava/lang/invoke/MethodHandle;Ljava/lang/invoke/MethodType;)V' in 'java/lang/invoke/Invokers')}
  0x000001ec0d4461d0: 3bd8 48b8 | f0f2 223d | ec01 0000 | 48c7 c158 | 0100 0075 | 0748 c7c1 | 4801 0000 | 4c8b 0c08 
  0x000001ec0d4461f0: 4d8d 4901 | 4c89 0c08 | 0f85 6109 

  0x000001ec0d4461fc: ;   {metadata(method data for {method} {0x000001ec220ae518} 'invokeExact_MT' '(Ljava/lang/Object;Ljava/lang/Object;Ljava/lang/Object;Ljava/lang/Object;)Ljava/lang/Object;' in 'java/lang/invoke/Invokers$Holder')}
  0x000001ec0d4461fc: 0000 48bb | 40dc 813d | ec01 0000 | 488d 9bc8 | 0100 008b | 4608 49ba | 0000 0022 | ec01 0000 
  0x000001ec0d44621c: 4903 c24c | 8bd0 4833 | 4308 48a9 | fcff ffff | 7428 a802 | 7524 48f7 | 4308 feff | ffff 7416 
  0x000001ec0d44623c: 498b c248 | 3343 0848 | a9fc ffff | ff74 0b48 | 834b 0802 | eb04 4889 

  0x000001ec0d446254: ;   {metadata(method data for {method} {0x000001ec220ae518} 'invokeExact_MT' '(Ljava/lang/Object;Ljava/lang/Object;Ljava/lang/Object;Ljava/lang/Object;)Ljava/lang/Object;' in 'java/lang/invoke/Invokers$Holder')}
  0x000001ec0d446254: 4308 48bb | 40dc 813d | ec01 0000 | 4883 83b8 | 0100 0001 

  0x000001ec0d446268: ;   {metadata(method data for {method} {0x000001ec223dc300} 'checkCustomized' '(Ljava/lang/invoke/MethodHandle;)V' in 'java/lang/invoke/Invokers')}
  0x000001ec0d446268: 48bb b0ec | 223d ec01 | 0000 8b83 | cc00 0000 | 83c0 0289 | 83cc 0000 | 0025 feff | 1f00 85c0 
  0x000001ec0d446288: 0f84 a612 

  0x000001ec0d44628c: ;   {metadata(method data for {method} {0x000001ec223dc300} 'checkCustomized' '(Ljava/lang/invoke/MethodHandle;)V' in 'java/lang/invoke/Invokers')}
  0x000001ec0d44628c: 0000 48bb | b0ec 223d | ec01 0000 | 4883 8310 | 0100 0001 

  0x000001ec0d4462a0: ;   {metadata(method data for {method} {0x000001ec220944d8} 'isCompileConstant' '(Ljava/lang/Object;)Z' in 'java/lang/invoke/MethodHandleImpl')}
  0x000001ec0d4462a0: 48bb 60ee | 223d ec01 | 0000 8b83 | cc00 0000 | 83c0 0289 | 83cc 0000 | 0025 feff | 1f00 85c0 
  0x000001ec0d4462c0: 0f84 8f12 

  0x000001ec0d4462c4: ;   {metadata(method data for {method} {0x000001ec223dc300} 'checkCustomized' '(Ljava/lang/invoke/MethodHandle;)V' in 'java/lang/invoke/Invokers')}
  0x000001ec0d4462c4: 0000 48bb | b0ec 223d | ec01 0000 | ff83 2001 | 0000 8b5e | 148b 5b1c 

  0x000001ec0d4462dc: ;   {metadata(method data for {method} {0x000001ec223dc300} 'checkCustomized' '(Ljava/lang/invoke/MethodHandle;)V' in 'java/lang/invoke/Invokers')}
  0x000001ec0d4462dc: 4885 db48 | bbb0 ec22 | 3dec 0100 | 0048 c7c0 | 4001 0000 | 7507 48c7 | c050 0100 | 0048 8b0c 
  0x000001ec0d4462fc: 0348 8d49 | 0148 890c | 030f 8529 

  0x000001ec0d446308: ;   {metadata(method data for {method} {0x000001ec223dc300} 'checkCustomized' '(Ljava/lang/invoke/MethodHandle;)V' in 'java/lang/invoke/Invokers')}
  0x000001ec0d446308: 0000 0048 | bbb0 ec22 | 3dec 0100 | 0048 8383 | 6001 0000 | 0148 8bd6 | 0f1f 8000 

  0x000001ec0d446324: ;   {static_call}
  0x000001ec0d446324: 0000 00e8 

  0x000001ec0d446328: ; ImmutableOopMap {[176]=Oop [192]=Oop [264]=Oop [272]=Oop }
                      ;*invokestatic maybeCustomize {reexecute=0 rethrow=0 return_oop=0}
                      ; - java.lang.invoke.Invokers::checkCustomized@19
                      ; - java.lang.invoke.Invokers$Holder::invokeExact_MT@14
                      ; - jdk.internal.reflect.DirectMethodHandleAccessor::invokeImpl@55
                      ; - jdk.internal.reflect.DirectMethodHandleAccessor::invoke@23
  0x000001ec0d446328: f4b9 9607 

  0x000001ec0d44632c: ;   {other}
  0x000001ec0d44632c: 0f1f 8400 | 1c20 0008 | 488b bc24 | 0801 0000 | 4c8b 8424 | c000 0000 

  0x000001ec0d446344: ;   {metadata(method data for {method} {0x000001ec220ae518} 'invokeExact_MT' '(Ljava/lang/Object;Ljava/lang/Object;Ljava/lang/Object;Ljava/lang/Object;)Ljava/lang/Object;' in 'java/lang/invoke/Invokers$Holder')}
  0x000001ec0d446344: 49b9 40dc | 813d ec01 | 0000 4d8d | 8918 0200 | 004d 85c0 | 750f 41f6 | 4108 0175 | 53f0 4983 
  0x000001ec0d446364: 4908 01eb | 4b41 8b50 | 0849 ba00 | 0000 22ec | 0100 0049 | 03d2 4c8b | d249 3351 | 0848 f7c2 
  0x000001ec0d446384: fcff ffff | 742a f6c2 | 0275 2549 | f741 08fe | ffff ff74 | 1749 8bd2 | 4933 5108 | 48f7 c2fc 
  0x000001ec0d4463a4: ffff ff74 | 0b49 8349 | 0802 eb04 | 4989 5108 | 4885 ff75 | 0f41 f641 | 1801 7552 | f049 8349 
  0x000001ec0d4463c4: 1801 eb4a | 8b57 0849 | ba00 0000 | 22ec 0100 | 0049 03d2 | 4c8b d249 | 3351 1848 | f7c2 fcff 
  0x000001ec0d4463e4: ffff 742a | f6c2 0275 | 2549 f741 | 18fe ffff | ff74 1749 | 8bd2 4933 | 5118 48f7 | c2fc ffff 
  0x000001ec0d446404: ff74 0b49 | 8349 1802 | eb04 4989 | 5118 488b | b424 1001 

  0x000001ec0d446418: ;   {metadata(method data for {method} {0x000001ec220ae518} 'invokeExact_MT' '(Ljava/lang/Object;Ljava/lang/Object;Ljava/lang/Object;Ljava/lang/Object;)Ljava/lang/Object;' in 'java/lang/invoke/Invokers$Holder')}
  0x000001ec0d446418: 0000 49b9 | 40dc 813d | ec01 0000 | 4983 81e0 | 0100 0001 | 4c8b cf48 | 8b94 2410 

  0x000001ec0d446434: ;   {optimized virtual_call}
  0x000001ec0d446434: 0100 00e8 

  0x000001ec0d446438: ; ImmutableOopMap {[176]=Oop }
                      ;*invokevirtual invokeBasic {reexecute=0 rethrow=0 return_oop=0}
                      ; - java.lang.invoke.Invokers$Holder::invokeExact_MT@20
                      ; - jdk.internal.reflect.DirectMethodHandleAccessor::invokeImpl@55
                      ; - jdk.internal.reflect.DirectMethodHandleAccessor::invoke@23
  0x000001ec0d446438: c4d5 7007 

  0x000001ec0d44643c: ;   {other}
  0x000001ec0d44643c: 0f1f 8400 | 2c21 0009 

  0x000001ec0d446444: ;   {metadata(method data for {method} {0x000001ec220ae518} 'invokeExact_MT' '(Ljava/lang/Object;Ljava/lang/Object;Ljava/lang/Object;Ljava/lang/Object;)Ljava/lang/Object;' in 'java/lang/invoke/Invokers$Holder')}
  0x000001ec0d446444: 48ba 40dc | 813d ec01 | 0000 488d | 9238 0200 | 0048 85c0 | 750c f602 | 0175 4df0 | 4883 0a01 
  0x000001ec0d446464: eb46 8b70 | 0849 ba00 | 0000 22ec | 0100 0049 | 03f2 4c8b | d648 3332 | 48f7 c6fc | ffff ff74 
  0x000001ec0d446484: 2740 f6c6 | 0275 2148 | f702 feff | ffff 7415 | 498b f248 | 3332 48f7 | c6fc ffff | ff74 0948 
  0x000001ec0d4464a4: 830a 02eb | 0348 8932 

  0x000001ec0d4464ac: ;   {metadata(method data for {method} {0x000001ec223c8518} 'invokeImpl' '(Ljava/lang/Object;[Ljava/lang/Object;)Ljava/lang/Object;' in 'jdk/internal/reflect/DirectMethodHandleAccessor')}
  0x000001ec0d4464ac: 48ba e8b1 | 813d ec01 | 0000 488d | 9238 0200 | 0048 85c0 | 750c f602 | 0175 4df0 | 4883 0a01 
  0x000001ec0d4464cc: eb46 8b70 | 0849 ba00 | 0000 22ec | 0100 0049 | 03f2 4c8b | d648 3332 | 48f7 c6fc | ffff ff74 
  0x000001ec0d4464ec: 2740 f6c6 | 0275 2148 | f702 feff | ffff 7415 | 498b f248 | 3332 48f7 | c6fc ffff | ff74 0948 
  0x000001ec0d44650c: 830a 02eb | 0348 8932 

  0x000001ec0d446514: ;   {metadata(method data for {method} {0x000001ec223c8518} 'invokeImpl' '(Ljava/lang/Object;[Ljava/lang/Object;)Ljava/lang/Object;' in 'jdk/internal/reflect/DirectMethodHandleAccessor')}
  0x000001ec0d446514: 48ba e8b1 | 813d ec01 | 0000 ff82 | 4802 0000 | 4881 c470 | 0100 005d 

  0x000001ec0d44652c: ;   {poll_return}
  0x000001ec0d44652c: 493b a750 | 0400 000f | 8742 1000 | 00c3 4c8b | 8424 c000 | 0000 8b72 | 1848 89b4 | 2418 0100 
  0x000001ec0d44654c: ;   {metadata(method data for {method} {0x000001ec223c8518} 'invokeImpl' '(Ljava/lang/Object;[Ljava/lang/Object;)Ljava/lang/Object;' in 'jdk/internal/reflect/DirectMethodHandleAccessor')}
  0x000001ec0d44654c: 0048 bfe8 | b181 3dec | 0100 0048 | 8dbf a801 | 0000 4d85 | c075 0ef6 | 4708 0175 | 53f0 4883 
  0x000001ec0d44656c: 4f08 01eb | 4b41 8b58 | 0849 ba00 | 0000 22ec | 0100 0049 | 03da 4c8b | d348 335f | 0848 f7c3 
  0x000001ec0d44658c: fcff ffff | 742a f6c3 | 0275 2548 | f747 08fe | ffff ff74 | 1749 8bda | 4833 5f08 | 48f7 c3fc 
  0x000001ec0d4465ac: ffff ff74 | 0b48 834f | 0802 eb04 | 4889 5f08 

  0x000001ec0d4465bc: ;   {metadata(method data for {method} {0x000001ec220ae5c8} 'invokeExact_MT' '(Ljava/lang/Object;Ljava/lang/Object;Ljava/lang/Object;)Ljava/lang/Object;' in 'java/lang/invoke/Invokers$Holder')}
  0x000001ec0d4465bc: 48bf 00b6 | 813d ec01 | 0000 488d | bfa0 0200 | 0048 85f6 | 750c f607 | 0175 4cf0 | 4883 0f01 
  0x000001ec0d4465dc: eb45 8b5e | 0849 ba00 | 0000 22ec | 0100 0049 | 03da 4c8b | d348 331f | 48f7 c3fc | ffff ff74 
  0x000001ec0d4465fc: 26f6 c302 | 7521 48f7 | 07fe ffff | ff74 1549 | 8bda 4833 | 1f48 f7c3 | fcff ffff | 7409 4883 
  0x000001ec0d44661c: 0f02 eb03 | 4889 1f4d | 85c0 750e | f647 1001 | 7553 f048 | 834f 1001 | eb4b 418b | 5808 49ba 
  0x000001ec0d44663c: 0000 0022 | ec01 0000 | 4903 da4c | 8bd3 4833 | 5f10 48f7 | c3fc ffff | ff74 2af6 | c302 7525 
  0x000001ec0d44665c: 48f7 4710 | feff ffff | 7417 498b | da48 335f | 1048 f7c3 | fcff ffff | 740b 4883 | 4f10 02eb 
  0x000001ec0d44667c: 0448 895f 

  0x000001ec0d446680: ;   {metadata(method data for {method} {0x000001ec223c8518} 'invokeImpl' '(Ljava/lang/Object;[Ljava/lang/Object;)Ljava/lang/Object;' in 'jdk/internal/reflect/DirectMethodHandleAccessor')}
  0x000001ec0d446680: 1048 bfe8 | b181 3dec | 0100 0048 | 8387 7001 

  0x000001ec0d446690: ;   {metadata(method data for {method} {0x000001ec220ae5c8} 'invokeExact_MT' '(Ljava/lang/Object;Ljava/lang/Object;Ljava/lang/Object;)Ljava/lang/Object;' in 'java/lang/invoke/Invokers$Holder')}
  0x000001ec0d446690: 0000 0148 | bf00 b681 | 3dec 0100 | 008b 9fcc | 0000 0083 | c302 899f | cc00 0000 | 81e3 feff 
  0x000001ec0d4466b0: 1f00 85db | 0f84 d70e 

  0x000001ec0d4466b8: ;   {metadata(method data for {method} {0x000001ec220ae5c8} 'invokeExact_MT' '(Ljava/lang/Object;Ljava/lang/Object;Ljava/lang/Object;)Ljava/lang/Object;' in 'java/lang/invoke/Invokers$Holder')}
  0x000001ec0d4466b8: 0000 48bf | 00b6 813d | ec01 0000 | 488d bf90 | 0100 0048 | 85f6 750e | f647 0801 | 7552 f048 
  0x000001ec0d4466d8: 834f 0801 | eb4a 8b5e | 0849 ba00 | 0000 22ec | 0100 0049 | 03da 4c8b | d348 335f | 0848 f7c3 
  0x000001ec0d4466f8: fcff ffff | 742a f6c3 | 0275 2548 | f747 08fe | ffff ff74 | 1749 8bda | 4833 5f08 | 48f7 c3fc 
  0x000001ec0d446718: ffff ff74 | 0b48 834f | 0802 eb04 | 4889 5f08 

  0x000001ec0d446728: ;   {oop(a 'java/lang/invoke/MethodType'{0x0000000080718068} = (Ljava/lang/Object;)Ljava/lang/Object;)}
  0x000001ec0d446728: 48bb 6880 | 7180 0000 | 0000 4885 | db75 0cf6 | 4718 0175 | 06f0 4883 

  0x000001ec0d446740: ;   {metadata(method data for {method} {0x000001ec220ae5c8} 'invokeExact_MT' '(Ljava/lang/Object;Ljava/lang/Object;Ljava/lang/Object;)Ljava/lang/Object;' in 'java/lang/invoke/Invokers$Holder')}
  0x000001ec0d446740: 4f18 0148 | bf00 b681 | 3dec 0100 | 0048 8387 | 8001 0000 

  0x000001ec0d446754: ;   {metadata(method data for {method} {0x000001ec223dc408} 'checkExactType' '(Ljava/lang/invoke/MethodHandle;Ljava/lang/invoke/MethodType;)V' in 'java/lang/invoke/Invokers')}
  0x000001ec0d446754: 0148 bff0 | f222 3dec | 0100 008b | 87cc 0000 | 0083 c002 | 8987 cc00 | 0000 25fe | ff1f 0085 
  0x000001ec0d446774: c00f 8437 | 0e00 0048 | 3b06 488b 

  0x000001ec0d446780: ;   {metadata(method data for {method} {0x000001ec223dc408} 'checkExactType' '(Ljava/lang/invoke/MethodHandle;Ljava/lang/invoke/MethodType;)V' in 'java/lang/invoke/Invokers')}
  0x000001ec0d446780: fe48 b8f0 | f222 3dec | 0100 008b | 7f08 49ba | 0000 0022 | ec01 0000 | 4903 fa48 | 3bb8 2001 
  0x000001ec0d4467a0: 0000 750d | 4883 8028 | 0100 0001 | e960 0000 | 0048 3bb8 | 3001 0000 | 750d 4883 | 8038 0100 
  0x000001ec0d4467c0: 0001 e94a | 0000 0048 | 83b8 2001 | 0000 0075 | 1748 89b8 | 2001 0000 | 48c7 8028 | 0100 0001 
  0x000001ec0d4467e0: 0000 00e9 | 2900 0000 | 4883 b830 | 0100 0000 | 7517 4889 | b830 0100 | 0048 c780 | 3801 0000 
  0x000001ec0d446800: 0100 0000 | e908 0000 | 0048 8380 | 1001 0000 | 018b 7e10 

  0x000001ec0d446814: ;   {metadata(method data for {method} {0x000001ec223dc408} 'checkExactType' '(Ljava/lang/invoke/MethodHandle;Ljava/lang/invoke/MethodType;)V' in 'java/lang/invoke/Invokers')}
  0x000001ec0d446814: 483b fb48 | bbf0 f222 | 3dec 0100 | 0048 c7c0 | 5801 0000 | 7507 48c7 | c048 0100 | 0048 8b0c 
  0x000001ec0d446834: 0348 8d49 | 0148 890c | 030f 85d9 

  0x000001ec0d446840: ;   {metadata(method data for {method} {0x000001ec220ae5c8} 'invokeExact_MT' '(Ljava/lang/Object;Ljava/lang/Object;Ljava/lang/Object;)Ljava/lang/Object;' in 'java/lang/invoke/Invokers$Holder')}
  0x000001ec0d446840: 0200 0048 | bf00 b681 | 3dec 0100 | 0048 8dbf | c801 0000 | 8b5e 0849 | ba00 0000 | 22ec 0100 
  0x000001ec0d446860: 0049 03da | 4c8b d348 | 335f 0848 | f7c3 fcff | ffff 742a | f6c3 0275 | 2548 f747 | 08fe ffff 
  0x000001ec0d446880: ff74 1749 | 8bda 4833 | 5f08 48f7 | c3fc ffff | ff74 0b48 | 834f 0802 | eb04 4889 

  0x000001ec0d44689c: ;   {metadata(method data for {method} {0x000001ec220ae5c8} 'invokeExact_MT' '(Ljava/lang/Object;Ljava/lang/Object;Ljava/lang/Object;)Ljava/lang/Object;' in 'java/lang/invoke/Invokers$Holder')}
  0x000001ec0d44689c: 5f08 48bf | 00b6 813d | ec01 0000 | 4883 87b8 | 0100 0001 

  0x000001ec0d4468b0: ;   {metadata(method data for {method} {0x000001ec223dc300} 'checkCustomized' '(Ljava/lang/invoke/MethodHandle;)V' in 'java/lang/invoke/Invokers')}
  0x000001ec0d4468b0: 48bf b0ec | 223d ec01 | 0000 8b9f | cc00 0000 | 83c3 0289 | 9fcc 0000 | 0081 e3fe | ff1f 0085 
  0x000001ec0d4468d0: db0f 8401 

  0x000001ec0d4468d4: ;   {metadata(method data for {method} {0x000001ec223dc300} 'checkCustomized' '(Ljava/lang/invoke/MethodHandle;)V' in 'java/lang/invoke/Invokers')}
  0x000001ec0d4468d4: 0d00 0048 | bfb0 ec22 | 3dec 0100 | 0048 8387 | 1001 0000 

  0x000001ec0d4468e8: ;   {metadata(method data for {method} {0x000001ec220944d8} 'isCompileConstant' '(Ljava/lang/Object;)Z' in 'java/lang/invoke/MethodHandleImpl')}
  0x000001ec0d4468e8: 0148 bf60 | ee22 3dec | 0100 008b | 9fcc 0000 | 0083 c302 | 899f cc00 | 0000 81e3 | feff 1f00 
  0x000001ec0d446908: 85db 0f84 | e90c 0000 

  0x000001ec0d446910: ;   {metadata(method data for {method} {0x000001ec223dc300} 'checkCustomized' '(Ljava/lang/invoke/MethodHandle;)V' in 'java/lang/invoke/Invokers')}
  0x000001ec0d446910: 48bf b0ec | 223d ec01 | 0000 ff87 | 2001 0000 | 8b7e 148b | 7f1c 4885 

  0x000001ec0d446928: ;   {metadata(method data for {method} {0x000001ec223dc300} 'checkCustomized' '(Ljava/lang/invoke/MethodHandle;)V' in 'java/lang/invoke/Invokers')}
  0x000001ec0d446928: ff48 bfb0 | ec22 3dec | 0100 0048 | c7c3 4001 | 0000 7507 | 48c7 c350 | 0100 0048 | 8b04 1f48 
  0x000001ec0d446948: 8d40 0148 | 8904 1f0f | 8527 0000 

  0x000001ec0d446954: ;   {metadata(method data for {method} {0x000001ec223dc300} 'checkCustomized' '(Ljava/lang/invoke/MethodHandle;)V' in 'java/lang/invoke/Invokers')}
  0x000001ec0d446954: 0048 bfb0 | ec22 3dec | 0100 0048 | 8387 6001 | 0000 0148 | 8bd6 0f1f 

  0x000001ec0d44696c: ;   {static_call}
  0x000001ec0d44696c: 4400 00e8 

  0x000001ec0d446970: ; ImmutableOopMap {[176]=Oop [192]=Oop [280]=Oop }
                      ;*invokestatic maybeCustomize {reexecute=0 rethrow=0 return_oop=0}
                      ; - java.lang.invoke.Invokers::checkCustomized@19
                      ; - java.lang.invoke.Invokers$Holder::invokeExact_MT@14
                      ; - jdk.internal.reflect.DirectMethodHandleAccessor::invokeImpl@41
                      ; - jdk.internal.reflect.DirectMethodHandleAccessor::invoke@23
  0x000001ec0d446970: acb3 9607 

  0x000001ec0d446974: ;   {other}
  0x000001ec0d446974: 0f1f 8400 | 6426 000a | 4c8b 8424 | c000 0000 

  0x000001ec0d446984: ;   {metadata(method data for {method} {0x000001ec220ae5c8} 'invokeExact_MT' '(Ljava/lang/Object;Ljava/lang/Object;Ljava/lang/Object;)Ljava/lang/Object;' in 'java/lang/invoke/Invokers$Holder')}
  0x000001ec0d446984: 48ba 00b6 | 813d ec01 | 0000 488d | 9218 0200 | 004d 85c0 | 750e f642 | 0801 7554 | f048 834a 
  0x000001ec0d4469a4: 0801 eb4c | 418b 7008 | 49ba 0000 | 0022 ec01 | 0000 4903 | f24c 8bd6 | 4833 7208 | 48f7 c6fc 
  0x000001ec0d4469c4: ffff ff74 | 2b40 f6c6 | 0275 2548 | f742 08fe | ffff ff74 | 1749 8bf2 | 4833 7208 | 48f7 c6fc 
  0x000001ec0d4469e4: ffff ff74 | 0b48 834a | 0802 eb04 | 4889 7208 | 488b b424 | 1801 0000 

  0x000001ec0d4469fc: ;   {metadata(method data for {method} {0x000001ec220ae5c8} 'invokeExact_MT' '(Ljava/lang/Object;Ljava/lang/Object;Ljava/lang/Object;)Ljava/lang/Object;' in 'java/lang/invoke/Invokers$Holder')}
  0x000001ec0d4469fc: 48ba 00b6 | 813d ec01 | 0000 4883 | 82e0 0100 | 0001 488b | 9424 1801 

  0x000001ec0d446a14: ;   {optimized virtual_call}
  0x000001ec0d446a14: 0000 90e8 

  0x000001ec0d446a18: ; ImmutableOopMap {[176]=Oop }
                      ;*invokevirtual invokeBasic {reexecute=0 rethrow=0 return_oop=0}
                      ; - java.lang.invoke.Invokers$Holder::invokeExact_MT@19
                      ; - jdk.internal.reflect.DirectMethodHandleAccessor::invokeImpl@41
                      ; - jdk.internal.reflect.DirectMethodHandleAccessor::invoke@23
  0x000001ec0d446a18: e4d0 6f07 

  0x000001ec0d446a1c: ;   {other}
  0x000001ec0d446a1c: 0f1f 8400 | 0c27 000b 

  0x000001ec0d446a24: ;   {metadata(method data for {method} {0x000001ec220ae5c8} 'invokeExact_MT' '(Ljava/lang/Object;Ljava/lang/Object;Ljava/lang/Object;)Ljava/lang/Object;' in 'java/lang/invoke/Invokers$Holder')}
  0x000001ec0d446a24: 48ba 00b6 | 813d ec01 | 0000 488d | 9228 0200 | 0048 85c0 | 750c f602 | 0175 4ef0 | 4883 0a01 
  0x000001ec0d446a44: eb47 448b | 4008 49ba | 0000 0022 | ec01 0000 | 4d03 c24d | 8bd0 4c33 | 0249 f7c0 | fcff ffff 
  0x000001ec0d446a64: 7427 41f6 | c002 7521 | 48f7 02fe | ffff ff74 | 154d 8bc2 | 4c33 0249 | f7c0 fcff | ffff 7409 
  0x000001ec0d446a84: 4883 0a02 | eb03 4c89 

  0x000001ec0d446a8c: ;   {metadata(method data for {method} {0x000001ec223c8518} 'invokeImpl' '(Ljava/lang/Object;[Ljava/lang/Object;)Ljava/lang/Object;' in 'jdk/internal/reflect/DirectMethodHandleAccessor')}
  0x000001ec0d446a8c: 0248 bae8 | b181 3dec | 0100 0048 | 8d92 b801 | 0000 4885 | c075 0cf6 | 0201 754e | f048 830a 
  0x000001ec0d446aac: 01eb 4744 | 8b40 0849 | ba00 0000 | 22ec 0100 | 004d 03c2 | 4d8b d04c | 3302 49f7 | c0fc ffff 
  0x000001ec0d446acc: ff74 2741 | f6c0 0275 | 2148 f702 | feff ffff | 7415 4d8b | c24c 3302 | 49f7 c0fc | ffff ff74 
  0x000001ec0d446aec: 0948 830a | 02eb 034c 

  0x000001ec0d446af4: ;   {metadata(method data for {method} {0x000001ec223c8518} 'invokeImpl' '(Ljava/lang/Object;[Ljava/lang/Object;)Ljava/lang/Object;' in 'jdk/internal/reflect/DirectMethodHandleAccessor')}
  0x000001ec0d446af4: 8902 48ba | e8b1 813d | ec01 0000 | ff82 c801 | 0000 4881 | c470 0100 

  0x000001ec0d446b0c: ;   {poll_return}
  0x000001ec0d446b0c: 005d 493b | a750 0400 | 000f 8704 | 0b00 00c3 

  0x000001ec0d446b1c: ;   {metadata(method data for {method} {0x000001ec223dc408} 'checkExactType' '(Ljava/lang/invoke/MethodHandle;Ljava/lang/invoke/MethodType;)V' in 'java/lang/invoke/Invokers')}
  0x000001ec0d446b1c: 48ba f0f2 | 223d ec01 | 0000 4883 | 8268 0100 

  0x000001ec0d446b2c: ;   {oop(a 'java/lang/invoke/MethodType'{0x0000000080718068} = (Ljava/lang/Object;)Ljava/lang/Object;)}
  0x000001ec0d446b2c: 0001 48bb | 6880 7180 | 0000 0000 | 488b d74c 

  0x000001ec0d446b3c: ;   {static_call}
  0x000001ec0d446b3c: 8bc3 90e8 

  0x000001ec0d446b40: ; ImmutableOopMap {[176]=Oop [192]=Oop [280]=Oop }
                      ;*invokestatic newWrongMethodTypeException {reexecute=0 rethrow=0 return_oop=0}
                      ; - java.lang.invoke.Invokers::checkExactType@12
                      ; - java.lang.invoke.Invokers$Holder::invokeExact_MT@10
                      ; - jdk.internal.reflect.DirectMethodHandleAccessor::invokeImpl@41
                      ; - jdk.internal.reflect.DirectMethodHandleAccessor::invoke@23
  0x000001ec0d446b40: 3c85 1a07 

  0x000001ec0d446b44: ;   {other}
  0x000001ec0d446b44: 0f1f 8400 | 3428 000c 

  0x000001ec0d446b4c: ; implicit exception: dispatches to 0x000001ec0d447635
                      ; ImmutableOopMap {rax=Oop [176]=Oop [192]=Oop [280]=Oop }
                      ;*athrow {reexecute=1 rethrow=0 return_oop=0}
                      ; - (reexecute) java.lang.invoke.Invokers::checkExactType@15
                      ; - java.lang.invoke.Invokers$Holder::invokeExact_MT@10
                      ; - jdk.internal.reflect.DirectMethodHandleAccessor::invokeImpl@41
                      ; - jdk.internal.reflect.DirectMethodHandleAccessor::invoke@23
                      ;   {section_word}
  0x000001ec0d446b4c: 483b 0048 | ba4f 6b44 | 0dec 0100 

  0x000001ec0d446b58: ;   {runtime_call handle_exception_nofpu Runtime1 stub}
  0x000001ec0d446b58: 00e8 22e0 

  0x000001ec0d446b5c: ;   {metadata(method data for {method} {0x000001ec223dc408} 'checkExactType' '(Ljava/lang/invoke/MethodHandle;Ljava/lang/invoke/MethodType;)V' in 'java/lang/invoke/Invokers')}
  0x000001ec0d446b5c: 1d07 9048 | baf0 f222 | 3dec 0100 | 0048 8382 | 6801 0000 

  0x000001ec0d446b70: ;   {oop(a 'java/lang/invoke/MethodType'{0x00000000807180e0} = (Ljava/lang/Object;Ljava/lang/Object;)Ljava/lang/Object;)}
  0x000001ec0d446b70: 0149 b8e0 | 8071 8000 | 0000 0048 

  0x000001ec0d446b7c: ;   {static_call}
  0x000001ec0d446b7c: 8bd3 90e8 

  0x000001ec0d446b80: ; ImmutableOopMap {[176]=Oop [192]=Oop [264]=Oop [272]=Oop }
                      ;*invokestatic newWrongMethodTypeException {reexecute=0 rethrow=0 return_oop=0}
                      ; - java.lang.invoke.Invokers::checkExactType@12
                      ; - java.lang.invoke.Invokers$Holder::invokeExact_MT@10
                      ; - jdk.internal.reflect.DirectMethodHandleAccessor::invokeImpl@55
                      ; - jdk.internal.reflect.DirectMethodHandleAccessor::invoke@23
  0x000001ec0d446b80: fc84 1a07 

  0x000001ec0d446b84: ;   {other}
  0x000001ec0d446b84: 0f1f 8400 | 7428 000e 

  0x000001ec0d446b8c: ; implicit exception: dispatches to 0x000001ec0d44763a
                      ; ImmutableOopMap {rax=Oop [176]=Oop [192]=Oop [264]=Oop [272]=Oop }
                      ;*athrow {reexecute=1 rethrow=0 return_oop=0}
                      ; - (reexecute) java.lang.invoke.Invokers::checkExactType@15
                      ; - java.lang.invoke.Invokers$Holder::invokeExact_MT@10
                      ; - jdk.internal.reflect.DirectMethodHandleAccessor::invokeImpl@55
                      ; - jdk.internal.reflect.DirectMethodHandleAccessor::invoke@23
                      ;   {section_word}
  0x000001ec0d446b8c: 483b 0048 | ba8f 6b44 | 0dec 0100 

  0x000001ec0d446b98: ;   {runtime_call handle_exception_nofpu Runtime1 stub}
  0x000001ec0d446b98: 00e8 e2df 

  0x000001ec0d446b9c: ;   {metadata(method data for {method} {0x000001ec223dc408} 'checkExactType' '(Ljava/lang/invoke/MethodHandle;Ljava/lang/invoke/MethodType;)V' in 'java/lang/invoke/Invokers')}
  0x000001ec0d446b9c: 1d07 9048 | baf0 f222 | 3dec 0100 | 0048 8382 | 6801 0000 

  0x000001ec0d446bb0: ;   {oop(a 'java/lang/invoke/MethodType'{0x00000000807181d8} = (Ljava/lang/Object;Ljava/lang/Object;Ljava/lang/Object;)Ljava/lang/Object;)}
  0x000001ec0d446bb0: 0149 b8d8 | 8171 8000 | 0000 0048 

  0x000001ec0d446bbc: ;   {static_call}
  0x000001ec0d446bbc: 8bd0 90e8 

  0x000001ec0d446bc0: ; ImmutableOopMap {[176]=Oop [192]=Oop [240]=Oop [248]=Oop [256]=Oop }
                      ;*invokestatic newWrongMethodTypeException {reexecute=0 rethrow=0 return_oop=0}
                      ; - java.lang.invoke.Invokers::checkExactType@12
                      ; - java.lang.invoke.LambdaForm$MH/0x000001ec23002800::invokeExact_MT@11
                      ; - jdk.internal.reflect.DirectMethodHandleAccessor::invokeImpl@72
                      ; - jdk.internal.reflect.DirectMethodHandleAccessor::invoke@23
  0x000001ec0d446bc0: bc84 1a07 

  0x000001ec0d446bc4: ;   {other}
  0x000001ec0d446bc4: 0f1f 8400 | b428 0010 

  0x000001ec0d446bcc: ; implicit exception: dispatches to 0x000001ec0d44763f
                      ; ImmutableOopMap {rax=Oop [176]=Oop [192]=Oop [240]=Oop [248]=Oop [256]=Oop }
                      ;*athrow {reexecute=1 rethrow=0 return_oop=0}
                      ; - (reexecute) java.lang.invoke.Invokers::checkExactType@15
                      ; - java.lang.invoke.LambdaForm$MH/0x000001ec23002800::invokeExact_MT@11
                      ; - jdk.internal.reflect.DirectMethodHandleAccessor::invokeImpl@72
                      ; - jdk.internal.reflect.DirectMethodHandleAccessor::invoke@23
                      ;   {section_word}
  0x000001ec0d446bcc: 483b 0048 | bacf 6b44 | 0dec 0100 

  0x000001ec0d446bd8: ;   {runtime_call handle_exception_nofpu Runtime1 stub}
  0x000001ec0d446bd8: 00e8 a2df 

  0x000001ec0d446bdc: ;   {metadata(method data for {method} {0x000001ec223dc408} 'checkExactType' '(Ljava/lang/invoke/MethodHandle;Ljava/lang/invoke/MethodType;)V' in 'java/lang/invoke/Invokers')}
  0x000001ec0d446bdc: 1d07 9048 | baf0 f222 | 3dec 0100 | 0048 8382 | 6801 0000 

  0x000001ec0d446bf0: ;   {oop(a 'java/lang/invoke/MethodType'{0x000000008070c1f0} = (Ljava/lang/Object;Ljava/lang/Object;Ljava/lang/Object;Ljava/lang/Object;)Ljava/lang/Object;)}
  0x000001ec0d446bf0: 0149 b8f0 | c170 8000 | 0000 0048 

  0x000001ec0d446bfc: ;   {static_call}
  0x000001ec0d446bfc: 8bd1 90e8 

  0x000001ec0d446c00: ; ImmutableOopMap {[176]=Oop [192]=Oop [208]=Oop [216]=Oop [224]=Oop [232]=Oop }
                      ;*invokestatic newWrongMethodTypeException {reexecute=0 rethrow=0 return_oop=0}
                      ; - java.lang.invoke.Invokers::checkExactType@12
                      ; - java.lang.invoke.LambdaForm$MH/0x000001ec230e8c00::invokeExact_MT@11
                      ; - jdk.internal.reflect.DirectMethodHandleAccessor::invokeImpl@92
                      ; - jdk.internal.reflect.DirectMethodHandleAccessor::invoke@23
  0x000001ec0d446c00: 7c84 1a07 

  0x000001ec0d446c04: ;   {other}
  0x000001ec0d446c04: 0f1f 8400 | f428 0012 

  0x000001ec0d446c0c: ; implicit exception: dispatches to 0x000001ec0d447644
                      ; ImmutableOopMap {rax=Oop [176]=Oop [192]=Oop [208]=Oop [216]=Oop [224]=Oop [232]=Oop }
                      ;*athrow {reexecute=1 rethrow=0 return_oop=0}
                      ; - (reexecute) java.lang.invoke.Invokers::checkExactType@15
                      ; - java.lang.invoke.LambdaForm$MH/0x000001ec230e8c00::invokeExact_MT@11
                      ; - jdk.internal.reflect.DirectMethodHandleAccessor::invokeImpl@92
                      ; - jdk.internal.reflect.DirectMethodHandleAccessor::invoke@23
                      ;   {section_word}
  0x000001ec0d446c0c: 483b 0048 | ba0f 6c44 | 0dec 0100 

  0x000001ec0d446c18: ;   {runtime_call handle_exception_nofpu Runtime1 stub}
  0x000001ec0d446c18: 00e8 62df 

  0x000001ec0d446c1c: ;   {metadata(method data for {method} {0x000001ec223dc408} 'checkExactType' '(Ljava/lang/invoke/MethodHandle;Ljava/lang/invoke/MethodType;)V' in 'java/lang/invoke/Invokers')}
  0x000001ec0d446c1c: 1d07 9048 | baf0 f222 | 3dec 0100 | 0048 8382 | 6801 0000 

  0x000001ec0d446c30: ;   {oop(a 'java/lang/invoke/MethodType'{0x0000000080b07e08} = (Ljava/lang/Object;[Ljava/lang/Object;)Ljava/lang/Object;)}
  0x000001ec0d446c30: 0149 b808 | 7eb0 8000 | 0000 0048 

  0x000001ec0d446c3c: ;   {static_call}
  0x000001ec0d446c3c: 8bd7 90e8 

  0x000001ec0d446c40: ; ImmutableOopMap {[176]=Oop [184]=Oop [192]=Oop [200]=Oop }
                      ;*invokestatic newWrongMethodTypeException {reexecute=0 rethrow=0 return_oop=0}
                      ; - java.lang.invoke.Invokers::checkExactType@12
                      ; - java.lang.invoke.Invokers$Holder::invokeExact_MT@10
                      ; - jdk.internal.reflect.DirectMethodHandleAccessor::invokeImpl@104
                      ; - jdk.internal.reflect.DirectMethodHandleAccessor::invoke@23
  0x000001ec0d446c40: 3c84 1a07 

  0x000001ec0d446c44: ;   {other}
  0x000001ec0d446c44: 0f1f 8400 | 3429 0014 

  0x000001ec0d446c4c: ; implicit exception: dispatches to 0x000001ec0d447649
                      ; ImmutableOopMap {rax=Oop [176]=Oop [184]=Oop [192]=Oop [200]=Oop }
                      ;*athrow {reexecute=1 rethrow=0 return_oop=0}
                      ; - (reexecute) java.lang.invoke.Invokers::checkExactType@15
                      ; - java.lang.invoke.Invokers$Holder::invokeExact_MT@10
                      ; - jdk.internal.reflect.DirectMethodHandleAccessor::invokeImpl@104
                      ; - jdk.internal.reflect.DirectMethodHandleAccessor::invoke@23
                      ;   {section_word}
  0x000001ec0d446c4c: 483b 0048 | ba4f 6c44 | 0dec 0100 

  0x000001ec0d446c58: ;   {runtime_call handle_exception_nofpu Runtime1 stub}
  0x000001ec0d446c58: 00e8 22df | 1d07 9049 | 8b87 0005 | 0000 4d33 | d24d 8997 | 0005 0000 | 4d33 d24d | 8997 0805 
  0x000001ec0d446c78: 0000 488b | 9424 b000 

  0x000001ec0d446c80: ;   {metadata(method data for {method} {0x000001ec2219cf00} 'invoke' '(Ljava/lang/Object;[Ljava/lang/Object;)Ljava/lang/Object;' in 'jdk/internal/reflect/DirectMethodHandleAccessor')}
  0x000001ec0d446c80: 0000 49b8 | 00a8 813d | ec01 0000 | 4983 8060 | 0200 0001 

  0x000001ec0d446c94: ;   {metadata(method data for {method} {0x000001ec223c84c0} 'isIllegalArgument' '(Ljava/lang/RuntimeException;)Z' in 'jdk/internal/reflect/DirectMethodHandleAccessor')}
  0x000001ec0d446c94: 48ba 00e5 | 813d ec01 | 0000 448b | 82cc 0000 | 0041 83c0 | 0244 8982 | cc00 0000 | 4181 e0fe 
  0x000001ec0d446cb4: ff1f 0045 | 85c0 0f84 | 8e09 0000 

  0x000001ec0d446cc0: ;   {oop(a 'java/lang/Class'{0x00000000806187f0} = 'jdk/internal/reflect/DirectMethodHandleAccessor')}
  0x000001ec0d446cc0: 48ba f087 | 6180 0000 | 0000 4c8b | c048 8984 | 2420 0100 

  0x000001ec0d446cd4: ;   {static_call}
  0x000001ec0d446cd4: 0066 90e8 

  0x000001ec0d446cd8: ; ImmutableOopMap {[288]=Oop }
                      ;*invokestatic isIllegalArgument {reexecute=0 rethrow=0 return_oop=0}
                      ; - jdk.internal.reflect.DirectMethodHandleAccessor::isIllegalArgument@3
                      ; - jdk.internal.reflect.DirectMethodHandleAccessor::invoke@58
  0x000001ec0d446cd8: a483 1a07 

  0x000001ec0d446cdc: ;   {other}
  0x000001ec0d446cdc: 0f1f 8400 | cc29 0016 | 83e0 0185 

  0x000001ec0d446ce8: ;   {metadata(method data for {method} {0x000001ec2219cf00} 'invoke' '(Ljava/lang/Object;[Ljava/lang/Object;)Ljava/lang/Object;' in 'jdk/internal/reflect/DirectMethodHandleAccessor')}
  0x000001ec0d446ce8: c048 b800 | a881 3dec | 0100 0048 | c7c2 9802 | 0000 7407 | 48c7 c2a8 | 0200 004c | 8b04 104d 
  0x000001ec0d446d08: 8d40 014c | 8904 100f | 84bc 0200 | 00e9 0f02 | 0000 498b | 8700 0500 | 004d 33d2 | 4d89 9700 
  0x000001ec0d446d28: 0500 004d | 33d2 4d89 | 9708 0500 | 0048 8b94 | 24b0 0000 

  0x000001ec0d446d3c: ;   {metadata(method data for {method} {0x000001ec2219cf00} 'invoke' '(Ljava/lang/Object;[Ljava/lang/Object;)Ljava/lang/Object;' in 'jdk/internal/reflect/DirectMethodHandleAccessor')}
  0x000001ec0d446d3c: 0049 b800 | a881 3dec | 0100 0049 | 8380 e801 

  0x000001ec0d446d4c: ;   {metadata(method data for {method} {0x000001ec223c84c0} 'isIllegalArgument' '(Ljava/lang/RuntimeException;)Z' in 'jdk/internal/reflect/DirectMethodHandleAccessor')}
  0x000001ec0d446d4c: 0000 0148 | ba00 e581 | 3dec 0100 | 0044 8b82 | cc00 0000 | 4183 c002 | 4489 82cc | 0000 0041 
  0x000001ec0d446d6c: 81e0 feff | 1f00 4585 | c00f 84f4 

  0x000001ec0d446d78: ;   {oop(a 'java/lang/Class'{0x00000000806187f0} = 'jdk/internal/reflect/DirectMethodHandleAccessor')}
  0x000001ec0d446d78: 0800 0048 | baf0 8761 | 8000 0000 | 004c 8bc0 | 4889 8424 | 2801 0000 | 0f1f 8000 

  0x000001ec0d446d94: ;   {static_call}
  0x000001ec0d446d94: 0000 00e8 

  0x000001ec0d446d98: ; ImmutableOopMap {[296]=Oop }
                      ;*invokestatic isIllegalArgument {reexecute=0 rethrow=0 return_oop=0}
                      ; - jdk.internal.reflect.DirectMethodHandleAccessor::isIllegalArgument@3
                      ; - jdk.internal.reflect.DirectMethodHandleAccessor::invoke@30
  0x000001ec0d446d98: e482 1a07 

  0x000001ec0d446d9c: ;   {other}
  0x000001ec0d446d9c: 0f1f 8400 | 8c2a 0017 | 83e0 0185 

  0x000001ec0d446da8: ;   {metadata(method data for {method} {0x000001ec2219cf00} 'invoke' '(Ljava/lang/Object;[Ljava/lang/Object;)Ljava/lang/Object;' in 'jdk/internal/reflect/DirectMethodHandleAccessor')}
  0x000001ec0d446da8: c048 ba00 | a881 3dec | 0100 0048 | c7c6 2002 | 0000 7407 | 48c7 c630 | 0200 0048 | 8b3c 3248 
  0x000001ec0d446dc8: 8d7f 0148 | 893c 320f | 84a4 0000 | 0066 6690 

  0x000001ec0d446dd8: ;   {no_reloc}
  0x000001ec0d446dd8: e9c2 0800 | 0000 0000 | 0000 498b | 87b8 0100 | 0048 8d78 | 2849 3bbf | c801 0000 | 0f87 af08 
  0x000001ec0d446df8: 0000 4989 | bfb8 0100 | 0048 c700 | 0100 0000 | 488b ca49 | ba00 0000 | 22ec 0100 | 0049 2bca 
  0x000001ec0d446e18: 8948 0848 | 33c9 8948 | 0c48 33c9 | 4889 4810 | 4889 4818 | 4889 4820 

  0x000001ec0d446e30: ;   {metadata(method data for {method} {0x000001ec2219cf00} 'invoke' '(Ljava/lang/Object;[Ljava/lang/Object;)Ljava/lang/Object;' in 'jdk/internal/reflect/DirectMethodHandleAccessor')}
  0x000001ec0d446e30: 4c8b c048 | ba00 a881 | 3dec 0100 | 0048 8382 | 4002 0000 

  0x000001ec0d446e44: ;   {oop("argument type mismatch"{0x0000000080d16770})}
  0x000001ec0d446e44: 0149 b870 | 67d1 8000 | 0000 0048 | 8bd0 4889 | 8424 3001 | 0000 0f1f 

  0x000001ec0d446e5c: ;   {optimized virtual_call}
  0x000001ec0d446e5c: 4400 00e8 

  0x000001ec0d446e60: ; ImmutableOopMap {[304]=Oop }
                      ;*invokespecial <init> {reexecute=0 rethrow=0 return_oop=0}
                      ; - jdk.internal.reflect.DirectMethodHandleAccessor::invoke@42
  0x000001ec0d446e60: 1c7c 1a07 

  0x000001ec0d446e64: ;   {other}
  0x000001ec0d446e64: 0f1f 8400 | 542b 0018 | 488b 8424 | 3001 0000 | e927 0900 | 004c 8b84 | 2428 0100 | 000f 1f80 
  0x000001ec0d446e84: 0000 0000 

  0x000001ec0d446e88: ;   {no_reloc}
  0x000001ec0d446e88: e938 0800 | 0000 0000 | 0000 80ba | 3101 0000 | 040f 8535 | 0800 0049 | 8b87 b801 | 0000 488d 
  0x000001ec0d446ea8: 7828 493b | bfc8 0100 | 000f 871d | 0800 0049 | 89bf b801 | 0000 48c7 | 0001 0000 | 0048 8bca 
  0x000001ec0d446ec8: 49ba 0000 | 0022 ec01 | 0000 492b | ca89 4808 | 4833 c989 | 480c 4833 | c948 8948 | 1048 8948 
  0x000001ec0d446ee8: 1848 8948 | 2048 8bd0 

  0x000001ec0d446ef0: ;   {metadata(method data for {method} {0x000001ec2219cf00} 'invoke' '(Ljava/lang/Object;[Ljava/lang/Object;)Ljava/lang/Object;' in 'jdk/internal/reflect/DirectMethodHandleAccessor')}
  0x000001ec0d446ef0: 48be 00a8 | 813d ec01 | 0000 4883 | 8650 0200 | 0001 488b | d048 8984 | 2438 0100 

  0x000001ec0d446f0c: ;   {optimized virtual_call}
  0x000001ec0d446f0c: 0066 90e8 

  0x000001ec0d446f10: ; ImmutableOopMap {[312]=Oop }
                      ;*invokespecial <init> {reexecute=0 rethrow=0 return_oop=0}
                      ; - jdk.internal.reflect.DirectMethodHandleAccessor::invoke@51
  0x000001ec0d446f10: 6c7b 1a07 

  0x000001ec0d446f14: ;   {other}
  0x000001ec0d446f14: 0f1f 8400 | 042c 0019 | 488b 8424 | 3801 0000 | e977 0800 | 000f 1f80 | 0000 0000 

  0x000001ec0d446f30: ;   {no_reloc}
  0x000001ec0d446f30: e9bb 0700 | 0000 0000 | 0000 498b | 87b8 0100 | 0048 8d78 | 2849 3bbf | c801 0000 | 0f87 a807 
  0x000001ec0d446f50: 0000 4989 | bfb8 0100 | 0048 c700 | 0100 0000 | 488b ca49 | ba00 0000 | 22ec 0100 | 0049 2bca 
  0x000001ec0d446f70: 8948 0848 | 33c9 8948 | 0c48 33c9 | 4889 4810 | 4889 4818 | 4889 4820 

  0x000001ec0d446f88: ;   {metadata(method data for {method} {0x000001ec2219cf00} 'invoke' '(Ljava/lang/Object;[Ljava/lang/Object;)Ljava/lang/Object;' in 'jdk/internal/reflect/DirectMethodHandleAccessor')}
  0x000001ec0d446f88: 4c8b c048 | ba00 a881 | 3dec 0100 | 0048 8382 | b802 0000 | 014c 8b84 | 2420 0100 | 0048 8bd0 
  0x000001ec0d446fa8: 4889 8424 | 4001 0000 | 0f1f 8000 

  0x000001ec0d446fb4: ;   {optimized virtual_call}
  0x000001ec0d446fb4: 0000 00e8 

  0x000001ec0d446fb8: ; ImmutableOopMap {[320]=Oop }
                      ;*invokespecial <init> {reexecute=0 rethrow=0 return_oop=0}
                      ; - jdk.internal.reflect.DirectMethodHandleAccessor::invoke@69
  0x000001ec0d446fb8: c47a 1a07 

  0x000001ec0d446fbc: ;   {other}
  0x000001ec0d446fbc: 0f1f 8400 | ac2c 001a | 488b 8424 | 4001 0000 | e9cf 0700 | 004c 8b84 | 2420 0100 | 000f 1f80 
  0x000001ec0d446fdc: 0000 0000 

  0x000001ec0d446fe0: ;   {no_reloc}
  0x000001ec0d446fe0: e931 0700 | 0000 0000 | 0000 80ba | 3101 0000 | 040f 852e | 0700 0049 | 8b87 b801 | 0000 488d 
  0x000001ec0d447000: 7828 493b | bfc8 0100 | 000f 8716 | 0700 0049 | 89bf b801 | 0000 48c7 | 0001 0000 | 0048 8bca 
  0x000001ec0d447020: 49ba 0000 | 0022 ec01 | 0000 492b | ca89 4808 | 4833 c989 | 480c 4833 | c948 8948 | 1048 8948 
  0x000001ec0d447040: 1848 8948 | 2048 8bd0 

  0x000001ec0d447048: ;   {metadata(method data for {method} {0x000001ec2219cf00} 'invoke' '(Ljava/lang/Object;[Ljava/lang/Object;)Ljava/lang/Object;' in 'jdk/internal/reflect/DirectMethodHandleAccessor')}
  0x000001ec0d447048: 48be 00a8 | 813d ec01 | 0000 4883 | 86c8 0200 | 0001 488b | d048 8984 | 2448 0100 

  0x000001ec0d447064: ;   {optimized virtual_call}
  0x000001ec0d447064: 0066 90e8 

  0x000001ec0d447068: ; ImmutableOopMap {[328]=Oop }
                      ;*invokespecial <init> {reexecute=0 rethrow=0 return_oop=0}
                      ; - jdk.internal.reflect.DirectMethodHandleAccessor::invoke@78
  0x000001ec0d447068: 147a 1a07 

  0x000001ec0d44706c: ;   {other}
  0x000001ec0d44706c: 0f1f 8400 | 5c2d 001b | 488b 8424 | 4801 0000 | e91f 0700 | 000f 1f80 | 0000 0000 

  0x000001ec0d447088: ;   {no_reloc}
  0x000001ec0d447088: e9b4 0600 | 0000 0000 | 0000 498b | 87b8 0100 | 0048 8d78 | 2849 3bbf | c801 0000 | 0f87 a106 
  0x000001ec0d4470a8: 0000 4989 | bfb8 0100 | 0048 c700 | 0100 0000 | 488b ca49 | ba00 0000 | 22ec 0100 | 0049 2bca 
  0x000001ec0d4470c8: 8948 0848 | 33c9 8948 | 0c48 33c9 | 4889 4810 | 4889 4818 | 4889 4820 

  0x000001ec0d4470e0: ;   {metadata(method data for {method} {0x000001ec223c86d0} 'checkReceiver' '(Ljava/lang/Object;)V' in 'jdk/internal/reflect/DirectMethodHandleAccessor')}
  0x000001ec0d4470e0: 488b d048 | bea8 ac81 | 3dec 0100 | 0048 8386 | a001 0000 

  0x000001ec0d4470f4: ;   {oop("object is not an instance of declaring class"{0x0000000080d16718})}
  0x000001ec0d4470f4: 0149 b818 | 67d1 8000 | 0000 0048 | 8bd0 4889 | 8424 5001 | 0000 0f1f 

  0x000001ec0d44710c: ;   {optimized virtual_call}
  0x000001ec0d44710c: 4400 00e8 

  0x000001ec0d447110: ; ImmutableOopMap {[176]=Oop [184]=Oop [192]=Oop [336]=Oop }
                      ;*invokespecial <init> {reexecute=0 rethrow=0 return_oop=0}
                      ; - jdk.internal.reflect.DirectMethodHandleAccessor::checkReceiver@20
                      ; - jdk.internal.reflect.DirectMethodHandleAccessor::invoke@9
  0x000001ec0d447110: 6c79 1a07 

  0x000001ec0d447114: ;   {other}
  0x000001ec0d447114: 0f1f 8400 | 042e 001c | 488b 8424 | 5001 0000 | e977 0600 | 0049 8b87 | 0005 0000 | 4d33 d24d 
  0x000001ec0d447134: 8997 0005 | 0000 4d33 | d24d 8997 | 0805 0000 | 4c8b c090 

  0x000001ec0d447148: ;   {no_reloc}
  0x000001ec0d447148: e91a 0600 | 0000 0000 | 0000 80ba | 3101 0000 | 040f 8517 | 0600 0049 | 8b87 b801 | 0000 488d 
  0x000001ec0d447168: 7828 493b | bfc8 0100 | 000f 87ff | 0500 0049 | 89bf b801 | 0000 48c7 | 0001 0000 | 0048 8bca 
  0x000001ec0d447188: 49ba 0000 | 0022 ec01 | 0000 492b | ca89 4808 | 4833 c989 | 480c 4833 | c948 8948 | 1048 8948 
  0x000001ec0d4471a8: 1848 8948 | 2048 8bd0 

  0x000001ec0d4471b0: ;   {metadata(method data for {method} {0x000001ec2219cf00} 'invoke' '(Ljava/lang/Object;[Ljava/lang/Object;)Ljava/lang/Object;' in 'jdk/internal/reflect/DirectMethodHandleAccessor')}
  0x000001ec0d4471b0: 48be 00a8 | 813d ec01 | 0000 4883 | 86d8 0200 | 0001 488b | d048 8984 | 2458 0100 

  0x000001ec0d4471cc: ;   {optimized virtual_call}
  0x000001ec0d4471cc: 0066 90e8 

  0x000001ec0d4471d0: ; ImmutableOopMap {[344]=Oop }
                      ;*invokespecial <init> {reexecute=0 rethrow=0 return_oop=0}
                      ; - jdk.internal.reflect.DirectMethodHandleAccessor::invoke@88
  0x000001ec0d4471d0: ac78 1a07 

  0x000001ec0d4471d4: ;   {other}
  0x000001ec0d4471d4: 0f1f 8400 | c42e 001d | 488b 8424 | 5801 0000 | e9b7 0500 

  0x000001ec0d4471e8: ;   {metadata({method} {0x000001ec2219cf00} 'invoke' '(Ljava/lang/Object;[Ljava/lang/Object;)Ljava/lang/Object;' in 'jdk/internal/reflect/DirectMethodHandleAccessor')}
  0x000001ec0d4471e8: 0049 baf8 | ce19 22ec | 0100 004c | 8954 2408 | 48c7 0424 | ffff ffff 

  0x000001ec0d447200: ;   {runtime_call counter_overflow Runtime1 stub}
  0x000001ec0d447200: e8fb eb26 

  0x000001ec0d447204: ; ImmutableOopMap {rdx=Oop r8=Oop r9=Oop [176]=Oop [184]=Oop [192]=Oop }
                      ;*synchronization entry
                      ; - jdk.internal.reflect.DirectMethodHandleAccessor::invoke@-1
  0x000001ec0d447204: 07e9 b4d6 

  0x000001ec0d447208: ;   {metadata({method} {0x000001ec223c8780} 'isStatic' '()Z' in 'jdk/internal/reflect/DirectMethodHandleAccessor')}
  0x000001ec0d447208: ffff 49ba | 7887 3c22 | ec01 0000 | 4c89 5424 | 0848 c704 | 24ff ffff 

  0x000001ec0d447220: ;   {runtime_call counter_overflow Runtime1 stub}
  0x000001ec0d447220: ffe8 daeb 

  0x000001ec0d447224: ; ImmutableOopMap {rdx=Oop r8=Oop r9=Oop [176]=Oop [184]=Oop [192]=Oop }
                      ;*synchronization entry
                      ; - jdk.internal.reflect.DirectMethodHandleAccessor::isStatic@-1
                      ; - jdk.internal.reflect.DirectMethodHandleAccessor::invoke@1
  0x000001ec0d447224: 2607 e9cf 

  0x000001ec0d447228: ;   {metadata({method} {0x000001ec223c86d0} 'checkReceiver' '(Ljava/lang/Object;)V' in 'jdk/internal/reflect/DirectMethodHandleAccessor')}
  0x000001ec0d447228: d6ff ff49 | bac8 863c | 22ec 0100 | 004c 8954 | 2408 48c7 | 0424 ffff 

  0x000001ec0d447240: ;   {runtime_call counter_overflow Runtime1 stub}
  0x000001ec0d447240: ffff e8b9 

  0x000001ec0d447244: ; ImmutableOopMap {rdx=Oop r8=Oop [176]=Oop [184]=Oop [192]=Oop }
                      ;*synchronization entry
                      ; - jdk.internal.reflect.DirectMethodHandleAccessor::checkReceiver@-1
                      ; - jdk.internal.reflect.DirectMethodHandleAccessor::invoke@9
  0x000001ec0d447244: eb26 07e9 | 75d7 ffff 

  0x000001ec0d44724c: ;   {runtime_call throw_null_pointer_exception Runtime1 stub}
  0x000001ec0d44724c: e8af a41d 

  0x000001ec0d447250: ; ImmutableOopMap {rdx=Oop r8=Oop rsi=Oop [176]=Oop [184]=Oop [192]=Oop }
                      ;*invokevirtual getClass {reexecute=0 rethrow=0 return_oop=0}
                      ; - jdk.internal.reflect.DirectMethodHandleAccessor::checkReceiver@5
                      ; - jdk.internal.reflect.DirectMethodHandleAccessor::invoke@9
                      ;   {runtime_call throw_null_pointer_exception Runtime1 stub}
  0x000001ec0d447250: 07e8 aaa4 

  0x000001ec0d447254: ; ImmutableOopMap {rdx=Oop r8=Oop rsi=Oop rdi=Oop [176]=Oop [184]=Oop [192]=Oop }
                      ;*invokevirtual isAssignableFrom {reexecute=0 rethrow=0 return_oop=0}
                      ; - jdk.internal.reflect.DirectMethodHandleAccessor::checkReceiver@8
                      ; - jdk.internal.reflect.DirectMethodHandleAccessor::invoke@9
                      ;   {metadata({method} {0x000001ec223c8518} 'invokeImpl' '(Ljava/lang/Object;[Ljava/lang/Object;)Ljava/lang/Object;' in 'jdk/internal/reflect/DirectMethodHandleAccessor')}
  0x000001ec0d447254: 1d07 49ba | 1085 3c22 | ec01 0000 | 4c89 5424 | 0848 c704 | 24ff ffff 

  0x000001ec0d44726c: ;   {runtime_call counter_overflow Runtime1 stub}
  0x000001ec0d44726c: ffe8 8eeb 

  0x000001ec0d447270: ; ImmutableOopMap {rdx=Oop [176]=Oop [184]=Oop [192]=Oop }
                      ;*synchronization entry
                      ; - jdk.internal.reflect.DirectMethodHandleAccessor::invokeImpl@-1
                      ; - jdk.internal.reflect.DirectMethodHandleAccessor::invoke@23
  0x000001ec0d447270: 2607 e959 

  0x000001ec0d447274: ;   {metadata({method} {0x000001ec220ae518} 'invokeExact_MT' '(Ljava/lang/Object;Ljava/lang/Object;Ljava/lang/Object;Ljava/lang/Object;)Ljava/lang/Object;' in 'java/lang/invoke/Invokers$Holder')}
  0x000001ec0d447274: d8ff ff49 | ba10 e50a | 22ec 0100 | 004c 8954 | 2408 48c7 | 0424 ffff 

  0x000001ec0d44728c: ;   {runtime_call counter_overflow Runtime1 stub}
  0x000001ec0d44728c: ffff e86d 

  0x000001ec0d447290: ; ImmutableOopMap {rdx=Oop r8=Oop rsi=Oop [176]=Oop [184]=Oop [192]=Oop [200]=Oop }
                      ;*synchronization entry
                      ; - java.lang.invoke.Invokers$Holder::invokeExact_MT@-1
                      ; - jdk.internal.reflect.DirectMethodHandleAccessor::invokeImpl@104
                      ; - jdk.internal.reflect.DirectMethodHandleAccessor::invoke@23
  0x000001ec0d447290: eb26 07e9 | 44da ffff 

  0x000001ec0d447298: ;   {metadata({method} {0x000001ec223dc408} 'checkExactType' '(Ljava/lang/invoke/MethodHandle;Ljava/lang/invoke/MethodType;)V' in 'java/lang/invoke/Invokers')}
  0x000001ec0d447298: 49ba 00c4 | 3d22 ec01 | 0000 4c89 | 5424 0848 | c704 24ff 

  0x000001ec0d4472ac: ;   {runtime_call counter_overflow Runtime1 stub}
  0x000001ec0d4472ac: ffff ffe8 

  0x000001ec0d4472b0: ; ImmutableOopMap {rdx=Oop r8=Oop rsi=Oop rbx=Oop [176]=Oop [184]=Oop [192]=Oop [200]=Oop }
                      ;*synchronization entry
                      ; - java.lang.invoke.Invokers::checkExactType@-1
                      ; - java.lang.invoke.Invokers$Holder::invokeExact_MT@10
                      ; - jdk.internal.reflect.DirectMethodHandleAccessor::invokeImpl@104
                      ; - jdk.internal.reflect.DirectMethodHandleAccessor::invoke@23
  0x000001ec0d4472b0: 4ceb 2607 | e9e4 daff 

  0x000001ec0d4472b8: ;   {runtime_call throw_null_pointer_exception Runtime1 stub}
  0x000001ec0d4472b8: ffe8 42a4 

  0x000001ec0d4472bc: ; ImmutableOopMap {rdx=Oop r8=Oop rsi=Oop rbx=Oop [176]=Oop [184]=Oop [192]=Oop [200]=Oop }
                      ;*invokevirtual type {reexecute=0 rethrow=0 return_oop=0}
                      ; - java.lang.invoke.Invokers::checkExactType@1
                      ; - java.lang.invoke.Invokers$Holder::invokeExact_MT@10
                      ; - jdk.internal.reflect.DirectMethodHandleAccessor::invokeImpl@104
                      ; - jdk.internal.reflect.DirectMethodHandleAccessor::invoke@23
                      ;   {metadata({method} {0x000001ec223dc300} 'checkCustomized' '(Ljava/lang/invoke/MethodHandle;)V' in 'java/lang/invoke/Invokers')}
  0x000001ec0d4472bc: 1d07 49ba | f8c2 3d22 | ec01 0000 | 4c89 5424 | 0848 c704 | 24ff ffff 

  0x000001ec0d4472d4: ;   {runtime_call counter_overflow Runtime1 stub}
  0x000001ec0d4472d4: ffe8 26eb 

  0x000001ec0d4472d8: ; ImmutableOopMap {rdx=Oop r8=Oop rsi=Oop [176]=Oop [184]=Oop [192]=Oop [200]=Oop }
                      ;*synchronization entry
                      ; - java.lang.invoke.Invokers::checkCustomized@-1
                      ; - java.lang.invoke.Invokers$Holder::invokeExact_MT@14
                      ; - jdk.internal.reflect.DirectMethodHandleAccessor::invokeImpl@104
                      ; - jdk.internal.reflect.DirectMethodHandleAccessor::invoke@23
  0x000001ec0d4472d8: 2607 e91a 

  0x000001ec0d4472dc: ;   {metadata({method} {0x000001ec220944d8} 'isCompileConstant' '(Ljava/lang/Object;)Z' in 'java/lang/invoke/MethodHandleImpl')}
  0x000001ec0d4472dc: dcff ff49 | bad0 4409 | 22ec 0100 | 004c 8954 | 2408 48c7 | 0424 ffff 

  0x000001ec0d4472f4: ;   {runtime_call counter_overflow Runtime1 stub}
  0x000001ec0d4472f4: ffff e805 

  0x000001ec0d4472f8: ; ImmutableOopMap {rdx=Oop r8=Oop rsi=Oop [176]=Oop [184]=Oop [192]=Oop [200]=Oop }
                      ;*synchronization entry
                      ; - java.lang.invoke.MethodHandleImpl::isCompileConstant@-1
                      ; - java.lang.invoke.Invokers::checkCustomized@1
                      ; - java.lang.invoke.Invokers$Holder::invokeExact_MT@14
                      ; - jdk.internal.reflect.DirectMethodHandleAccessor::invokeImpl@104
                      ; - jdk.internal.reflect.DirectMethodHandleAccessor::invoke@23
  0x000001ec0d4472f8: eb26 07e9 | 32dc ffff 

  0x000001ec0d447300: ;   {runtime_call throw_null_pointer_exception Runtime1 stub}
  0x000001ec0d447300: e8fb a31d 

  0x000001ec0d447304: ; ImmutableOopMap {rdx=Oop r8=Oop rsi=Oop [176]=Oop [184]=Oop [192]=Oop [200]=Oop }
                      ;*getfield customized {reexecute=1 rethrow=0 return_oop=0}
                      ; - (reexecute) java.lang.invoke.Invokers::checkCustomized@12
                      ; - java.lang.invoke.Invokers$Holder::invokeExact_MT@14
                      ; - jdk.internal.reflect.DirectMethodHandleAccessor::invokeImpl@104
                      ; - jdk.internal.reflect.DirectMethodHandleAccessor::invoke@23
                      ;   {internal_word}
  0x000001ec0d447304: 0749 ba84 | 5144 0dec | 0100 004d | 8997 6804 

  0x000001ec0d447314: ;   {runtime_call SafepointBlob}
  0x000001ec0d447314: 0000 e965 

  0x000001ec0d447318: ;   {runtime_call throw_null_pointer_exception Runtime1 stub}
  0x000001ec0d447318: e11a 07e8 

  0x000001ec0d44731c: ; ImmutableOopMap {rdx=Oop r9=Oop r8=Oop rsi=Oop [176]=Oop [184]=Oop [192]=Oop [216]=Oop }
                      ;*aaload {reexecute=0 rethrow=0 return_oop=0}
                      ; - jdk.internal.reflect.DirectMethodHandleAccessor::invokeImpl@85
                      ; - jdk.internal.reflect.DirectMethodHandleAccessor::invoke@23
  0x000001ec0d44731c: e0a3 1d07 

  0x000001ec0d447320: ;   {runtime_call throw_null_pointer_exception Runtime1 stub}
  0x000001ec0d447320: e8db a31d 

  0x000001ec0d447324: ; ImmutableOopMap {rdx=Oop r9=Oop r8=Oop rsi=Oop [176]=Oop [184]=Oop [192]=Oop [216]=Oop }
                      ;*aaload {reexecute=0 rethrow=0 return_oop=0}
                      ; - jdk.internal.reflect.DirectMethodHandleAccessor::invokeImpl@85
                      ; - jdk.internal.reflect.DirectMethodHandleAccessor::invoke@23
  0x000001ec0d447324: 0748 c704 | 2400 0000 | 004c 894c 

  0x000001ec0d447330: ;   {runtime_call throw_range_check_failed Runtime1 stub}
  0x000001ec0d447330: 2408 e8c9 

  0x000001ec0d447334: ; ImmutableOopMap {rdx=Oop r9=Oop r8=Oop rsi=Oop [176]=Oop [184]=Oop [192]=Oop [216]=Oop }
                      ;*aaload {reexecute=0 rethrow=0 return_oop=0}
                      ; - jdk.internal.reflect.DirectMethodHandleAccessor::invokeImpl@85
                      ; - jdk.internal.reflect.DirectMethodHandleAccessor::invoke@23
  0x000001ec0d447334: ac1d 0748 | c704 2401 | 0000 004c | 894c 2408 

  0x000001ec0d447344: ;   {runtime_call throw_range_check_failed Runtime1 stub}
  0x000001ec0d447344: e8b7 ac1d 

  0x000001ec0d447348: ; ImmutableOopMap {rdx=Oop r9=Oop r8=Oop rsi=Oop rdi=Oop [176]=Oop [184]=Oop [192]=Oop [208]=Oop [216]=Oop }
                      ;*aaload {reexecute=0 rethrow=0 return_oop=0}
                      ; - jdk.internal.reflect.DirectMethodHandleAccessor::invokeImpl@88
                      ; - jdk.internal.reflect.DirectMethodHandleAccessor::invoke@23
  0x000001ec0d447348: 0748 c704 | 2402 0000 | 004c 894c 

  0x000001ec0d447354: ;   {runtime_call throw_range_check_failed Runtime1 stub}
  0x000001ec0d447354: 2408 e8a5 

  0x000001ec0d447358: ; ImmutableOopMap {rdx=Oop r9=Oop r8=Oop rsi=Oop rdi=Oop rbx=Oop [176]=Oop [184]=Oop [192]=Oop [208]=Oop [216]=Oop [224]=Oop }
                      ;*aaload {reexecute=0 rethrow=0 return_oop=0}
                      ; - jdk.internal.reflect.DirectMethodHandleAccessor::invokeImpl@91
                      ; - jdk.internal.reflect.DirectMethodHandleAccessor::invoke@23
                      ;   {metadata({method} {0x000001ec3d6f2ab8} 'invokeExact_MT' '(Ljava/lang/Object;Ljava/lang/Object;Ljava/lang/Object;Ljava/lang/Object;Ljava/lang/Object;Ljava/lang/Object;)Ljava/lang/Object;' in 'java/lang/invoke/LambdaForm$MH+0x000001ec230e8c00')}
  0x000001ec0d447358: ac1d 0749 | bab0 2a6f | 3dec 0100 | 004c 8954 | 2408 48c7 | 0424 ffff 

  0x000001ec0d447370: ;   {runtime_call counter_overflow Runtime1 stub}
  0x000001ec0d447370: ffff e889 

  0x000001ec0d447374: ; ImmutableOopMap {rdx=Oop r8=Oop rsi=Oop rdi=Oop rbx=Oop rax=Oop [176]=Oop [192]=Oop [208]=Oop [216]=Oop [224]=Oop [232]=Oop }
                      ;*synchronization entry
                      ; - java.lang.invoke.LambdaForm$MH/0x000001ec230e8c00::invokeExact_MT@-1
                      ; - jdk.internal.reflect.DirectMethodHandleAccessor::invokeImpl@92
                      ; - jdk.internal.reflect.DirectMethodHandleAccessor::invoke@23
  0x000001ec0d447374: ea26 07e9 | ecdf ffff 

  0x000001ec0d44737c: ;   {metadata({method} {0x000001ec223dc408} 'checkExactType' '(Ljava/lang/invoke/MethodHandle;Ljava/lang/invoke/MethodType;)V' in 'java/lang/invoke/Invokers')}
  0x000001ec0d44737c: 49ba 00c4 | 3d22 ec01 | 0000 4c89 | 5424 0848 | c704 24ff 

  0x000001ec0d447390: ;   {runtime_call counter_overflow Runtime1 stub}
  0x000001ec0d447390: ffff ffe8 

  0x000001ec0d447394: ; ImmutableOopMap {rdx=Oop r8=Oop rsi=Oop rdi=Oop rbx=Oop rax=Oop r9=Oop [176]=Oop [192]=Oop [208]=Oop [216]=Oop [224]=Oop [232]=Oop }
                      ;*synchronization entry
                      ; - java.lang.invoke.Invokers::checkExactType@-1
                      ; - java.lang.invoke.LambdaForm$MH/0x000001ec230e8c00::invokeExact_MT@11
                      ; - jdk.internal.reflect.DirectMethodHandleAccessor::invokeImpl@92
                      ; - jdk.internal.reflect.DirectMethodHandleAccessor::invoke@23
  0x000001ec0d447394: 68ea 2607 | e994 e0ff 

  0x000001ec0d44739c: ;   {runtime_call throw_null_pointer_exception Runtime1 stub}
  0x000001ec0d44739c: ffe8 5ea3 

  0x000001ec0d4473a0: ; ImmutableOopMap {rdx=Oop r8=Oop rsi=Oop rdi=Oop rbx=Oop rax=Oop r9=Oop [176]=Oop [192]=Oop [208]=Oop [216]=Oop [224]=Oop [232]=Oop }
                      ;*invokevirtual type {reexecute=0 rethrow=0 return_oop=0}
                      ; - java.lang.invoke.Invokers::checkExactType@1
                      ; - java.lang.invoke.LambdaForm$MH/0x000001ec230e8c00::invokeExact_MT@11
                      ; - jdk.internal.reflect.DirectMethodHandleAccessor::invokeImpl@92
                      ; - jdk.internal.reflect.DirectMethodHandleAccessor::invoke@23
                      ;   {metadata({method} {0x000001ec223dc300} 'checkCustomized' '(Ljava/lang/invoke/MethodHandle;)V' in 'java/lang/invoke/Invokers')}
  0x000001ec0d4473a0: 1d07 49ba | f8c2 3d22 | ec01 0000 | 4c89 5424 | 0848 c704 | 24ff ffff 

  0x000001ec0d4473b8: ;   {runtime_call counter_overflow Runtime1 stub}
  0x000001ec0d4473b8: ffe8 42ea 

  0x000001ec0d4473bc: ; ImmutableOopMap {rdx=Oop r8=Oop rsi=Oop rdi=Oop rbx=Oop rax=Oop [176]=Oop [192]=Oop [208]=Oop [216]=Oop [224]=Oop [232]=Oop }
                      ;*synchronization entry
                      ; - java.lang.invoke.Invokers::checkCustomized@-1
                      ; - java.lang.invoke.LambdaForm$MH/0x000001ec230e8c00::invokeExact_MT@15
                      ; - jdk.internal.reflect.DirectMethodHandleAccessor::invokeImpl@92
                      ; - jdk.internal.reflect.DirectMethodHandleAccessor::invoke@23
  0x000001ec0d4473bc: 2607 e9d1 

  0x000001ec0d4473c0: ;   {metadata({method} {0x000001ec220944d8} 'isCompileConstant' '(Ljava/lang/Object;)Z' in 'java/lang/invoke/MethodHandleImpl')}
  0x000001ec0d4473c0: e1ff ff49 | bad0 4409 | 22ec 0100 | 004c 8954 | 2408 48c7 | 0424 ffff 

  0x000001ec0d4473d8: ;   {runtime_call counter_overflow Runtime1 stub}
  0x000001ec0d4473d8: ffff e821 

  0x000001ec0d4473dc: ; ImmutableOopMap {rdx=Oop r8=Oop rsi=Oop rdi=Oop rbx=Oop rax=Oop [176]=Oop [192]=Oop [208]=Oop [216]=Oop [224]=Oop [232]=Oop }
                      ;*synchronization entry
                      ; - java.lang.invoke.MethodHandleImpl::isCompileConstant@-1
                      ; - java.lang.invoke.Invokers::checkCustomized@1
                      ; - java.lang.invoke.LambdaForm$MH/0x000001ec230e8c00::invokeExact_MT@15
                      ; - jdk.internal.reflect.DirectMethodHandleAccessor::invokeImpl@92
                      ; - jdk.internal.reflect.DirectMethodHandleAccessor::invoke@23
  0x000001ec0d4473dc: ea26 07e9 | eee1 ffff 

  0x000001ec0d4473e4: ;   {runtime_call throw_null_pointer_exception Runtime1 stub}
  0x000001ec0d4473e4: e817 a31d 

  0x000001ec0d4473e8: ; ImmutableOopMap {rdx=Oop r8=Oop rsi=Oop rdi=Oop rbx=Oop rax=Oop [176]=Oop [192]=Oop [208]=Oop [216]=Oop [224]=Oop [232]=Oop }
                      ;*getfield customized {reexecute=1 rethrow=0 return_oop=0}
                      ; - (reexecute) java.lang.invoke.Invokers::checkCustomized@12
                      ; - java.lang.invoke.LambdaForm$MH/0x000001ec230e8c00::invokeExact_MT@15
                      ; - jdk.internal.reflect.DirectMethodHandleAccessor::invokeImpl@92
                      ; - jdk.internal.reflect.DirectMethodHandleAccessor::invoke@23
                      ;   {internal_word}
  0x000001ec0d4473e8: 0749 ba4c | 5844 0dec | 0100 004d | 8997 6804 

  0x000001ec0d4473f8: ;   {runtime_call SafepointBlob}
  0x000001ec0d4473f8: 0000 e981 

  0x000001ec0d4473fc: ;   {runtime_call throw_null_pointer_exception Runtime1 stub}
  0x000001ec0d4473fc: e01a 07e8 

  0x000001ec0d447400: ; ImmutableOopMap {rdx=Oop r9=Oop r8=Oop rsi=Oop [176]=Oop [184]=Oop [192]=Oop [248]=Oop }
                      ;*aaload {reexecute=0 rethrow=0 return_oop=0}
                      ; - jdk.internal.reflect.DirectMethodHandleAccessor::invokeImpl@68
                      ; - jdk.internal.reflect.DirectMethodHandleAccessor::invoke@23
  0x000001ec0d447400: fca2 1d07 

  0x000001ec0d447404: ;   {runtime_call throw_null_pointer_exception Runtime1 stub}
  0x000001ec0d447404: e8f7 a21d 

  0x000001ec0d447408: ; ImmutableOopMap {rdx=Oop r9=Oop r8=Oop rsi=Oop [176]=Oop [184]=Oop [192]=Oop [248]=Oop }
                      ;*aaload {reexecute=0 rethrow=0 return_oop=0}
                      ; - jdk.internal.reflect.DirectMethodHandleAccessor::invokeImpl@68
                      ; - jdk.internal.reflect.DirectMethodHandleAccessor::invoke@23
  0x000001ec0d447408: 0748 c704 | 2400 0000 | 004c 894c 

  0x000001ec0d447414: ;   {runtime_call throw_range_check_failed Runtime1 stub}
  0x000001ec0d447414: 2408 e8e5 

  0x000001ec0d447418: ; ImmutableOopMap {rdx=Oop r9=Oop r8=Oop rsi=Oop [176]=Oop [184]=Oop [192]=Oop [248]=Oop }
                      ;*aaload {reexecute=0 rethrow=0 return_oop=0}
                      ; - jdk.internal.reflect.DirectMethodHandleAccessor::invokeImpl@68
                      ; - jdk.internal.reflect.DirectMethodHandleAccessor::invoke@23
  0x000001ec0d447418: ab1d 0748 | c704 2401 | 0000 004c | 894c 2408 

  0x000001ec0d447428: ;   {runtime_call throw_range_check_failed Runtime1 stub}
  0x000001ec0d447428: e8d3 ab1d 

  0x000001ec0d44742c: ; ImmutableOopMap {rdx=Oop r9=Oop r8=Oop rsi=Oop rdi=Oop [176]=Oop [184]=Oop [192]=Oop [240]=Oop [248]=Oop }
                      ;*aaload {reexecute=0 rethrow=0 return_oop=0}
                      ; - jdk.internal.reflect.DirectMethodHandleAccessor::invokeImpl@71
                      ; - jdk.internal.reflect.DirectMethodHandleAccessor::invoke@23
                      ;   {metadata({method} {0x000001ec3d4052b8} 'invokeExact_MT' '(Ljava/lang/Object;Ljava/lang/Object;Ljava/lang/Object;Ljava/lang/Object;Ljava/lang/Object;)Ljava/lang/Object;' in 'java/lang/invoke/LambdaForm$MH+0x000001ec23002800')}
  0x000001ec0d44742c: 0749 bab0 | 5240 3dec | 0100 004c | 8954 2408 | 48c7 0424 | ffff ffff 

  0x000001ec0d447444: ;   {runtime_call counter_overflow Runtime1 stub}
  0x000001ec0d447444: e8b7 e926 

  0x000001ec0d447448: ; ImmutableOopMap {rdx=Oop r8=Oop rsi=Oop rdi=Oop rbx=Oop [176]=Oop [192]=Oop [240]=Oop [248]=Oop [256]=Oop }
                      ;*synchronization entry
                      ; - java.lang.invoke.LambdaForm$MH/0x000001ec23002800::invokeExact_MT@-1
                      ; - jdk.internal.reflect.DirectMethodHandleAccessor::invokeImpl@72
                      ; - jdk.internal.reflect.DirectMethodHandleAccessor::invoke@23
  0x000001ec0d447448: 07e9 c2e5 

  0x000001ec0d44744c: ;   {metadata({method} {0x000001ec223dc408} 'checkExactType' '(Ljava/lang/invoke/MethodHandle;Ljava/lang/invoke/MethodType;)V' in 'java/lang/invoke/Invokers')}
  0x000001ec0d44744c: ffff 49ba | 00c4 3d22 | ec01 0000 | 4c89 5424 | 0848 c704 | 24ff ffff 

  0x000001ec0d447464: ;   {runtime_call counter_overflow Runtime1 stub}
  0x000001ec0d447464: ffe8 96e9 

  0x000001ec0d447468: ; ImmutableOopMap {rdx=Oop r8=Oop rsi=Oop rdi=Oop rbx=Oop rcx=Oop [176]=Oop [192]=Oop [240]=Oop [248]=Oop [256]=Oop }
                      ;*synchronization entry
                      ; - java.lang.invoke.Invokers::checkExactType@-1
                      ; - java.lang.invoke.LambdaForm$MH/0x000001ec23002800::invokeExact_MT@11
                      ; - jdk.internal.reflect.DirectMethodHandleAccessor::invokeImpl@72
                      ; - jdk.internal.reflect.DirectMethodHandleAccessor::invoke@23
  0x000001ec0d447468: 2607 e968 

  0x000001ec0d44746c: ;   {runtime_call throw_null_pointer_exception Runtime1 stub}
  0x000001ec0d44746c: e6ff ffe8 

  0x000001ec0d447470: ; ImmutableOopMap {rdx=Oop r8=Oop rsi=Oop rdi=Oop rbx=Oop rcx=Oop [176]=Oop [192]=Oop [240]=Oop [248]=Oop [256]=Oop }
                      ;*invokevirtual type {reexecute=0 rethrow=0 return_oop=0}
                      ; - java.lang.invoke.Invokers::checkExactType@1
                      ; - java.lang.invoke.LambdaForm$MH/0x000001ec23002800::invokeExact_MT@11
                      ; - jdk.internal.reflect.DirectMethodHandleAccessor::invokeImpl@72
                      ; - jdk.internal.reflect.DirectMethodHandleAccessor::invoke@23
  0x000001ec0d447470: 8ca2 1d07 

  0x000001ec0d447474: ;   {metadata({method} {0x000001ec223dc300} 'checkCustomized' '(Ljava/lang/invoke/MethodHandle;)V' in 'java/lang/invoke/Invokers')}
  0x000001ec0d447474: 49ba f8c2 | 3d22 ec01 | 0000 4c89 | 5424 0848 | c704 24ff 

  0x000001ec0d447488: ;   {runtime_call counter_overflow Runtime1 stub}
  0x000001ec0d447488: ffff ffe8 

  0x000001ec0d44748c: ; ImmutableOopMap {rdx=Oop r8=Oop rsi=Oop rdi=Oop rbx=Oop [176]=Oop [192]=Oop [240]=Oop [248]=Oop [256]=Oop }
                      ;*synchronization entry
                      ; - java.lang.invoke.Invokers::checkCustomized@-1
                      ; - java.lang.invoke.LambdaForm$MH/0x000001ec23002800::invokeExact_MT@15
                      ; - jdk.internal.reflect.DirectMethodHandleAccessor::invokeImpl@72
                      ; - jdk.internal.reflect.DirectMethodHandleAccessor::invoke@23
  0x000001ec0d44748c: 70e9 2607 | e99e e7ff 

  0x000001ec0d447494: ;   {metadata({method} {0x000001ec220944d8} 'isCompileConstant' '(Ljava/lang/Object;)Z' in 'java/lang/invoke/MethodHandleImpl')}
  0x000001ec0d447494: ff49 bad0 | 4409 22ec | 0100 004c | 8954 2408 | 48c7 0424 | ffff ffff 

  0x000001ec0d4474ac: ;   {runtime_call counter_overflow Runtime1 stub}
  0x000001ec0d4474ac: e84f e926 

  0x000001ec0d4474b0: ; ImmutableOopMap {rdx=Oop r8=Oop rsi=Oop rdi=Oop rbx=Oop [176]=Oop [192]=Oop [240]=Oop [248]=Oop [256]=Oop }
                      ;*synchronization entry
                      ; - java.lang.invoke.MethodHandleImpl::isCompileConstant@-1
                      ; - java.lang.invoke.Invokers::checkCustomized@1
                      ; - java.lang.invoke.LambdaForm$MH/0x000001ec23002800::invokeExact_MT@15
                      ; - jdk.internal.reflect.DirectMethodHandleAccessor::invokeImpl@72
                      ; - jdk.internal.reflect.DirectMethodHandleAccessor::invoke@23
  0x000001ec0d4474b0: 07e9 b6e7 

  0x000001ec0d4474b4: ;   {runtime_call throw_null_pointer_exception Runtime1 stub}
  0x000001ec0d4474b4: ffff e845 

  0x000001ec0d4474b8: ; ImmutableOopMap {rdx=Oop r8=Oop rsi=Oop rdi=Oop rbx=Oop [176]=Oop [192]=Oop [240]=Oop [248]=Oop [256]=Oop }
                      ;*getfield customized {reexecute=1 rethrow=0 return_oop=0}
                      ; - (reexecute) java.lang.invoke.Invokers::checkCustomized@12
                      ; - java.lang.invoke.LambdaForm$MH/0x000001ec23002800::invokeExact_MT@15
                      ; - jdk.internal.reflect.DirectMethodHandleAccessor::invokeImpl@72
                      ; - jdk.internal.reflect.DirectMethodHandleAccessor::invoke@23
                      ;   {internal_word}
  0x000001ec0d4474b8: a21d 0749 | bad4 5e44 | 0dec 0100 | 004d 8997 | 6804 0000 

  0x000001ec0d4474cc: ;   {runtime_call SafepointBlob}
  0x000001ec0d4474cc: e9af df1a 

  0x000001ec0d4474d0: ;   {runtime_call throw_null_pointer_exception Runtime1 stub}
  0x000001ec0d4474d0: 07e8 2aa2 

  0x000001ec0d4474d4: ; ImmutableOopMap {rdx=Oop r9=Oop r8=Oop rsi=Oop [176]=Oop [184]=Oop [192]=Oop [272]=Oop }
                      ;*aaload {reexecute=0 rethrow=0 return_oop=0}
                      ; - jdk.internal.reflect.DirectMethodHandleAccessor::invokeImpl@54
                      ; - jdk.internal.reflect.DirectMethodHandleAccessor::invoke@23
                      ;   {runtime_call throw_null_pointer_exception Runtime1 stub}
  0x000001ec0d4474d4: 1d07 e825 

  0x000001ec0d4474d8: ; ImmutableOopMap {rdx=Oop r9=Oop r8=Oop rsi=Oop [176]=Oop [184]=Oop [192]=Oop [272]=Oop }
                      ;*aaload {reexecute=0 rethrow=0 return_oop=0}
                      ; - jdk.internal.reflect.DirectMethodHandleAccessor::invokeImpl@54
                      ; - jdk.internal.reflect.DirectMethodHandleAccessor::invoke@23
  0x000001ec0d4474d8: a21d 0748 | c704 2400 | 0000 004c | 894c 2408 

  0x000001ec0d4474e8: ;   {runtime_call throw_range_check_failed Runtime1 stub}
  0x000001ec0d4474e8: e813 ab1d 

  0x000001ec0d4474ec: ; ImmutableOopMap {rdx=Oop r9=Oop r8=Oop rsi=Oop [176]=Oop [184]=Oop [192]=Oop [272]=Oop }
                      ;*aaload {reexecute=0 rethrow=0 return_oop=0}
                      ; - jdk.internal.reflect.DirectMethodHandleAccessor::invokeImpl@54
                      ; - jdk.internal.reflect.DirectMethodHandleAccessor::invoke@23
                      ;   {metadata({method} {0x000001ec220ae518} 'invokeExact_MT' '(Ljava/lang/Object;Ljava/lang/Object;Ljava/lang/Object;Ljava/lang/Object;)Ljava/lang/Object;' in 'java/lang/invoke/Invokers$Holder')}
  0x000001ec0d4474ec: 0749 ba10 | e50a 22ec | 0100 004c | 8954 2408 | 48c7 0424 | ffff ffff 

  0x000001ec0d447504: ;   {runtime_call counter_overflow Runtime1 stub}
  0x000001ec0d447504: e8f7 e826 

  0x000001ec0d447508: ; ImmutableOopMap {rdx=Oop r8=Oop rsi=Oop rdi=Oop [176]=Oop [192]=Oop [264]=Oop [272]=Oop }
                      ;*synchronization entry
                      ; - java.lang.invoke.Invokers$Holder::invokeExact_MT@-1
                      ; - jdk.internal.reflect.DirectMethodHandleAccessor::invokeImpl@55
                      ; - jdk.internal.reflect.DirectMethodHandleAccessor::invoke@23
  0x000001ec0d447508: 07e9 69eb 

  0x000001ec0d44750c: ;   {metadata({method} {0x000001ec223dc408} 'checkExactType' '(Ljava/lang/invoke/MethodHandle;Ljava/lang/invoke/MethodType;)V' in 'java/lang/invoke/Invokers')}
  0x000001ec0d44750c: ffff 49ba | 00c4 3d22 | ec01 0000 | 4c89 5424 | 0848 c704 | 24ff ffff 

  0x000001ec0d447524: ;   {runtime_call counter_overflow Runtime1 stub}
  0x000001ec0d447524: ffe8 d6e8 

  0x000001ec0d447528: ; ImmutableOopMap {rdx=Oop r8=Oop rsi=Oop rdi=Oop rax=Oop [176]=Oop [192]=Oop [264]=Oop [272]=Oop }
                      ;*synchronization entry
                      ; - java.lang.invoke.Invokers::checkExactType@-1
                      ; - java.lang.invoke.Invokers$Holder::invokeExact_MT@10
                      ; - jdk.internal.reflect.DirectMethodHandleAccessor::invokeImpl@55
                      ; - jdk.internal.reflect.DirectMethodHandleAccessor::invoke@23
  0x000001ec0d447528: 2607 e907 

  0x000001ec0d44752c: ;   {runtime_call throw_null_pointer_exception Runtime1 stub}
  0x000001ec0d44752c: ecff ffe8 

  0x000001ec0d447530: ; ImmutableOopMap {rdx=Oop r8=Oop rsi=Oop rdi=Oop rax=Oop [176]=Oop [192]=Oop [264]=Oop [272]=Oop }
                      ;*invokevirtual type {reexecute=0 rethrow=0 return_oop=0}
                      ; - java.lang.invoke.Invokers::checkExactType@1
                      ; - java.lang.invoke.Invokers$Holder::invokeExact_MT@10
                      ; - jdk.internal.reflect.DirectMethodHandleAccessor::invokeImpl@55
                      ; - jdk.internal.reflect.DirectMethodHandleAccessor::invoke@23
  0x000001ec0d447530: cca1 1d07 

  0x000001ec0d447534: ;   {metadata({method} {0x000001ec223dc300} 'checkCustomized' '(Ljava/lang/invoke/MethodHandle;)V' in 'java/lang/invoke/Invokers')}
  0x000001ec0d447534: 49ba f8c2 | 3d22 ec01 | 0000 4c89 | 5424 0848 | c704 24ff 

  0x000001ec0d447548: ;   {runtime_call counter_overflow Runtime1 stub}
  0x000001ec0d447548: ffff ffe8 

  0x000001ec0d44754c: ; ImmutableOopMap {rdx=Oop r8=Oop rsi=Oop rdi=Oop [176]=Oop [192]=Oop [264]=Oop [272]=Oop }
                      ;*synchronization entry
                      ; - java.lang.invoke.Invokers::checkCustomized@-1
                      ; - java.lang.invoke.Invokers$Holder::invokeExact_MT@14
                      ; - jdk.internal.reflect.DirectMethodHandleAccessor::invokeImpl@55
                      ; - jdk.internal.reflect.DirectMethodHandleAccessor::invoke@23
  0x000001ec0d44754c: b0e8 2607 | e939 edff 

  0x000001ec0d447554: ;   {metadata({method} {0x000001ec220944d8} 'isCompileConstant' '(Ljava/lang/Object;)Z' in 'java/lang/invoke/MethodHandleImpl')}
  0x000001ec0d447554: ff49 bad0 | 4409 22ec | 0100 004c | 8954 2408 | 48c7 0424 | ffff ffff 

  0x000001ec0d44756c: ;   {runtime_call counter_overflow Runtime1 stub}
  0x000001ec0d44756c: e88f e826 

  0x000001ec0d447570: ; ImmutableOopMap {rdx=Oop r8=Oop rsi=Oop rdi=Oop [176]=Oop [192]=Oop [264]=Oop [272]=Oop }
                      ;*synchronization entry
                      ; - java.lang.invoke.MethodHandleImpl::isCompileConstant@-1
                      ; - java.lang.invoke.Invokers::checkCustomized@1
                      ; - java.lang.invoke.Invokers$Holder::invokeExact_MT@14
                      ; - jdk.internal.reflect.DirectMethodHandleAccessor::invokeImpl@55
                      ; - jdk.internal.reflect.DirectMethodHandleAccessor::invoke@23
  0x000001ec0d447570: 07e9 50ed 

  0x000001ec0d447574: ;   {runtime_call throw_null_pointer_exception Runtime1 stub}
  0x000001ec0d447574: ffff e885 

  0x000001ec0d447578: ; ImmutableOopMap {rdx=Oop r8=Oop rsi=Oop rdi=Oop [176]=Oop [192]=Oop [264]=Oop [272]=Oop }
                      ;*getfield customized {reexecute=1 rethrow=0 return_oop=0}
                      ; - (reexecute) java.lang.invoke.Invokers::checkCustomized@12
                      ; - java.lang.invoke.Invokers$Holder::invokeExact_MT@14
                      ; - jdk.internal.reflect.DirectMethodHandleAccessor::invokeImpl@55
                      ; - jdk.internal.reflect.DirectMethodHandleAccessor::invoke@23
                      ;   {internal_word}
  0x000001ec0d447578: a11d 0749 | ba2c 6544 | 0dec 0100 | 004d 8997 | 6804 0000 

  0x000001ec0d44758c: ;   {runtime_call SafepointBlob}
  0x000001ec0d44758c: e9ef de1a 

  0x000001ec0d447590: ;   {metadata({method} {0x000001ec220ae5c8} 'invokeExact_MT' '(Ljava/lang/Object;Ljava/lang/Object;Ljava/lang/Object;)Ljava/lang/Object;' in 'java/lang/invoke/Invokers$Holder')}
  0x000001ec0d447590: 0749 bac0 | e50a 22ec | 0100 004c | 8954 2408 | 48c7 0424 | ffff ffff 

  0x000001ec0d4475a8: ;   {runtime_call counter_overflow Runtime1 stub}
  0x000001ec0d4475a8: e853 e826 

  0x000001ec0d4475ac: ; ImmutableOopMap {rdx=Oop r8=Oop rsi=Oop [176]=Oop [192]=Oop [280]=Oop }
                      ;*synchronization entry
                      ; - java.lang.invoke.Invokers$Holder::invokeExact_MT@-1
                      ; - jdk.internal.reflect.DirectMethodHandleAccessor::invokeImpl@41
                      ; - jdk.internal.reflect.DirectMethodHandleAccessor::invoke@23
  0x000001ec0d4475ac: 07e9 08f1 

  0x000001ec0d4475b0: ;   {metadata({method} {0x000001ec223dc408} 'checkExactType' '(Ljava/lang/invoke/MethodHandle;Ljava/lang/invoke/MethodType;)V' in 'java/lang/invoke/Invokers')}
  0x000001ec0d4475b0: ffff 49ba | 00c4 3d22 | ec01 0000 | 4c89 5424 | 0848 c704 | 24ff ffff 

  0x000001ec0d4475c8: ;   {runtime_call counter_overflow Runtime1 stub}
  0x000001ec0d4475c8: ffe8 32e8 

  0x000001ec0d4475cc: ; ImmutableOopMap {rdx=Oop r8=Oop rsi=Oop rbx=Oop [176]=Oop [192]=Oop [280]=Oop }
                      ;*synchronization entry
                      ; - java.lang.invoke.Invokers::checkExactType@-1
                      ; - java.lang.invoke.Invokers$Holder::invokeExact_MT@10
                      ; - jdk.internal.reflect.DirectMethodHandleAccessor::invokeImpl@41
                      ; - jdk.internal.reflect.DirectMethodHandleAccessor::invoke@23
  0x000001ec0d4475cc: 2607 e9a8 

  0x000001ec0d4475d0: ;   {runtime_call throw_null_pointer_exception Runtime1 stub}
  0x000001ec0d4475d0: f1ff ffe8 

  0x000001ec0d4475d4: ; ImmutableOopMap {rdx=Oop r8=Oop rsi=Oop rbx=Oop [176]=Oop [192]=Oop [280]=Oop }
                      ;*invokevirtual type {reexecute=0 rethrow=0 return_oop=0}
                      ; - java.lang.invoke.Invokers::checkExactType@1
                      ; - java.lang.invoke.Invokers$Holder::invokeExact_MT@10
                      ; - jdk.internal.reflect.DirectMethodHandleAccessor::invokeImpl@41
                      ; - jdk.internal.reflect.DirectMethodHandleAccessor::invoke@23
  0x000001ec0d4475d4: 28a1 1d07 

  0x000001ec0d4475d8: ;   {metadata({method} {0x000001ec223dc300} 'checkCustomized' '(Ljava/lang/invoke/MethodHandle;)V' in 'java/lang/invoke/Invokers')}
  0x000001ec0d4475d8: 49ba f8c2 | 3d22 ec01 | 0000 4c89 | 5424 0848 | c704 24ff 

  0x000001ec0d4475ec: ;   {runtime_call counter_overflow Runtime1 stub}
  0x000001ec0d4475ec: ffff ffe8 

  0x000001ec0d4475f0: ; ImmutableOopMap {rdx=Oop r8=Oop rsi=Oop [176]=Oop [192]=Oop [280]=Oop }
                      ;*synchronization entry
                      ; - java.lang.invoke.Invokers::checkCustomized@-1
                      ; - java.lang.invoke.Invokers$Holder::invokeExact_MT@14
                      ; - jdk.internal.reflect.DirectMethodHandleAccessor::invokeImpl@41
                      ; - jdk.internal.reflect.DirectMethodHandleAccessor::invoke@23
  0x000001ec0d4475f0: 0ce8 2607 | e9de f2ff 

  0x000001ec0d4475f8: ;   {metadata({method} {0x000001ec220944d8} 'isCompileConstant' '(Ljava/lang/Object;)Z' in 'java/lang/invoke/MethodHandleImpl')}
  0x000001ec0d4475f8: ff49 bad0 | 4409 22ec | 0100 004c | 8954 2408 | 48c7 0424 | ffff ffff 

  0x000001ec0d447610: ;   {runtime_call counter_overflow Runtime1 stub}
  0x000001ec0d447610: e8eb e726 

  0x000001ec0d447614: ; ImmutableOopMap {rdx=Oop r8=Oop rsi=Oop [176]=Oop [192]=Oop [280]=Oop }
                      ;*synchronization entry
                      ; - java.lang.invoke.MethodHandleImpl::isCompileConstant@-1
                      ; - java.lang.invoke.Invokers::checkCustomized@1
                      ; - java.lang.invoke.Invokers$Holder::invokeExact_MT@14
                      ; - jdk.internal.reflect.DirectMethodHandleAccessor::invokeImpl@41
                      ; - jdk.internal.reflect.DirectMethodHandleAccessor::invoke@23
  0x000001ec0d447614: 07e9 f6f2 

  0x000001ec0d447618: ;   {runtime_call throw_null_pointer_exception Runtime1 stub}
  0x000001ec0d447618: ffff e8e1 

  0x000001ec0d44761c: ; ImmutableOopMap {rdx=Oop r8=Oop rsi=Oop [176]=Oop [192]=Oop [280]=Oop }
                      ;*getfield customized {reexecute=1 rethrow=0 return_oop=0}
                      ; - (reexecute) java.lang.invoke.Invokers::checkCustomized@12
                      ; - java.lang.invoke.Invokers$Holder::invokeExact_MT@14
                      ; - jdk.internal.reflect.DirectMethodHandleAccessor::invokeImpl@41
                      ; - jdk.internal.reflect.DirectMethodHandleAccessor::invoke@23
                      ;   {internal_word}
  0x000001ec0d44761c: a01d 0749 | ba0e 6b44 | 0dec 0100 | 004d 8997 | 6804 0000 

  0x000001ec0d447630: ;   {runtime_call SafepointBlob}
  0x000001ec0d447630: e94b de1a 

  0x000001ec0d447634: ;   {runtime_call throw_null_pointer_exception Runtime1 stub}
  0x000001ec0d447634: 07e8 c6a0 

  0x000001ec0d447638: ; ImmutableOopMap {rax=Oop [176]=Oop [192]=Oop [280]=Oop }
                      ;*athrow {reexecute=1 rethrow=0 return_oop=0}
                      ; - (reexecute) java.lang.invoke.Invokers::checkExactType@15
                      ; - java.lang.invoke.Invokers$Holder::invokeExact_MT@10
                      ; - jdk.internal.reflect.DirectMethodHandleAccessor::invokeImpl@41
                      ; - jdk.internal.reflect.DirectMethodHandleAccessor::invoke@23
                      ;   {runtime_call throw_null_pointer_exception Runtime1 stub}
  0x000001ec0d447638: 1d07 e8c1 

  0x000001ec0d44763c: ; ImmutableOopMap {rax=Oop [176]=Oop [192]=Oop [264]=Oop [272]=Oop }
                      ;*athrow {reexecute=1 rethrow=0 return_oop=0}
                      ; - (reexecute) java.lang.invoke.Invokers::checkExactType@15
                      ; - java.lang.invoke.Invokers$Holder::invokeExact_MT@10
                      ; - jdk.internal.reflect.DirectMethodHandleAccessor::invokeImpl@55
                      ; - jdk.internal.reflect.DirectMethodHandleAccessor::invoke@23
                      ;   {runtime_call throw_null_pointer_exception Runtime1 stub}
  0x000001ec0d44763c: a01d 07e8 

  0x000001ec0d447640: ; ImmutableOopMap {rax=Oop [176]=Oop [192]=Oop [240]=Oop [248]=Oop [256]=Oop }
                      ;*athrow {reexecute=1 rethrow=0 return_oop=0}
                      ; - (reexecute) java.lang.invoke.Invokers::checkExactType@15
                      ; - java.lang.invoke.LambdaForm$MH/0x000001ec23002800::invokeExact_MT@11
                      ; - jdk.internal.reflect.DirectMethodHandleAccessor::invokeImpl@72
                      ; - jdk.internal.reflect.DirectMethodHandleAccessor::invoke@23
  0x000001ec0d447640: bca0 1d07 

  0x000001ec0d447644: ;   {runtime_call throw_null_pointer_exception Runtime1 stub}
  0x000001ec0d447644: e8b7 a01d 

  0x000001ec0d447648: ; ImmutableOopMap {rax=Oop [176]=Oop [192]=Oop [208]=Oop [216]=Oop [224]=Oop [232]=Oop }
                      ;*athrow {reexecute=1 rethrow=0 return_oop=0}
                      ; - (reexecute) java.lang.invoke.Invokers::checkExactType@15
                      ; - java.lang.invoke.LambdaForm$MH/0x000001ec230e8c00::invokeExact_MT@11
                      ; - jdk.internal.reflect.DirectMethodHandleAccessor::invokeImpl@92
                      ; - jdk.internal.reflect.DirectMethodHandleAccessor::invoke@23
                      ;   {runtime_call throw_null_pointer_exception Runtime1 stub}
  0x000001ec0d447648: 07e8 b2a0 

  0x000001ec0d44764c: ; ImmutableOopMap {rax=Oop [176]=Oop [184]=Oop [192]=Oop [200]=Oop }
                      ;*athrow {reexecute=1 rethrow=0 return_oop=0}
                      ; - (reexecute) java.lang.invoke.Invokers::checkExactType@15
                      ; - java.lang.invoke.Invokers$Holder::invokeExact_MT@10
                      ; - jdk.internal.reflect.DirectMethodHandleAccessor::invokeImpl@104
                      ; - jdk.internal.reflect.DirectMethodHandleAccessor::invoke@23
                      ;   {metadata({method} {0x000001ec223c84c0} 'isIllegalArgument' '(Ljava/lang/RuntimeException;)Z' in 'jdk/internal/reflect/DirectMethodHandleAccessor')}
  0x000001ec0d44764c: 1d07 49ba | b884 3c22 | ec01 0000 | 4c89 5424 | 0848 c704 | 24ff ffff 

  0x000001ec0d447664: ;   {runtime_call counter_overflow Runtime1 stub}
  0x000001ec0d447664: ffe8 96e7 

  0x000001ec0d447668: ; ImmutableOopMap {rax=Oop }
                      ;*synchronization entry
                      ; - jdk.internal.reflect.DirectMethodHandleAccessor::isIllegalArgument@-1
                      ; - jdk.internal.reflect.DirectMethodHandleAccessor::invoke@58
  0x000001ec0d447668: 2607 e951 

  0x000001ec0d44766c: ;   {metadata({method} {0x000001ec223c84c0} 'isIllegalArgument' '(Ljava/lang/RuntimeException;)Z' in 'jdk/internal/reflect/DirectMethodHandleAccessor')}
  0x000001ec0d44766c: f6ff ff49 | bab8 843c | 22ec 0100 | 004c 8954 | 2408 48c7 | 0424 ffff 

  0x000001ec0d447684: ;   {runtime_call counter_overflow Runtime1 stub}
  0x000001ec0d447684: ffff e875 

  0x000001ec0d447688: ; ImmutableOopMap {rax=Oop }
                      ;*synchronization entry
                      ; - jdk.internal.reflect.DirectMethodHandleAccessor::isIllegalArgument@-1
                      ; - jdk.internal.reflect.DirectMethodHandleAccessor::invoke@30
  0x000001ec0d447688: e726 07e9 | ebf6 ffff 

  0x000001ec0d447690: ;   {metadata(nullptr)}
  0x000001ec0d447690: 48ba 0000 | 0000 0000 | 0000 b800 

  0x000001ec0d44769c: ;   {runtime_call load_klass_patching Runtime1 stub}
  0x000001ec0d44769c: 0f05 0ae8 

  0x000001ec0d4476a0: ; ImmutableOopMap {}
                      ;*new {reexecute=1 rethrow=0 return_oop=0}
                      ; - (reexecute) jdk.internal.reflect.DirectMethodHandleAccessor::invoke@36
  0x000001ec0d4476a0: dcd6 2607 | e92f f7ff | ff48 8bd2 

  0x000001ec0d4476ac: ;   {runtime_call fast_new_instance Runtime1 stub}
  0x000001ec0d4476ac: e8cf e31d 

  0x000001ec0d4476b0: ; ImmutableOopMap {}
                      ;*new {reexecute=0 rethrow=0 return_oop=0}
                      ; - jdk.internal.reflect.DirectMethodHandleAccessor::invoke@36
  0x000001ec0d4476b0: 07e9 7af7 

  0x000001ec0d4476b4: ;   {metadata(nullptr)}
  0x000001ec0d4476b4: ffff 48ba | 0000 0000 | 0000 0000 | b800 0f05 

  0x000001ec0d4476c4: ;   {runtime_call load_klass_patching Runtime1 stub}
  0x000001ec0d4476c4: 0ae8 b6d6 

  0x000001ec0d4476c8: ; ImmutableOopMap {r8=Oop }
                      ;*new {reexecute=1 rethrow=0 return_oop=0}
                      ; - (reexecute) jdk.internal.reflect.DirectMethodHandleAccessor::invoke@46
  0x000001ec0d4476c8: 2607 e9b9 

  0x000001ec0d4476cc: ;   {runtime_call throw_null_pointer_exception Runtime1 stub}
  0x000001ec0d4476cc: f7ff ffe8 

  0x000001ec0d4476d0: ; ImmutableOopMap {r8=Oop }
                      ;*new {reexecute=0 rethrow=0 return_oop=0}
                      ; - jdk.internal.reflect.DirectMethodHandleAccessor::invoke@46
  0x000001ec0d4476d0: 2ca0 1d07 

  0x000001ec0d4476d4: ;   {runtime_call fast_new_instance_init_check Runtime1 stub}
  0x000001ec0d4476d4: 488b d2e8 

  0x000001ec0d4476d8: ; ImmutableOopMap {r8=Oop }
                      ;*new {reexecute=0 rethrow=0 return_oop=0}
                      ; - jdk.internal.reflect.DirectMethodHandleAccessor::invoke@46
  0x000001ec0d4476d8: a4e0 1d07 | e90c f8ff 

  0x000001ec0d4476e0: ;   {metadata(nullptr)}
  0x000001ec0d4476e0: ff48 ba00 | 0000 0000 | 0000 00b8 | 000f 050a 

  0x000001ec0d4476f0: ;   {runtime_call load_klass_patching Runtime1 stub}
  0x000001ec0d4476f0: e88b d626 

  0x000001ec0d4476f4: ; ImmutableOopMap {[288]=Oop }
                      ;*new {reexecute=1 rethrow=0 return_oop=0}
                      ; - (reexecute) jdk.internal.reflect.DirectMethodHandleAccessor::invoke@64
  0x000001ec0d4476f4: 07e9 36f8 | ffff 488b 

  0x000001ec0d4476fc: ;   {runtime_call fast_new_instance Runtime1 stub}
  0x000001ec0d4476fc: d2e8 7ee3 

  0x000001ec0d447700: ; ImmutableOopMap {[288]=Oop }
                      ;*new {reexecute=0 rethrow=0 return_oop=0}
                      ; - jdk.internal.reflect.DirectMethodHandleAccessor::invoke@64
  0x000001ec0d447700: 1d07 e981 

  0x000001ec0d447704: ;   {metadata(nullptr)}
  0x000001ec0d447704: f8ff ff48 | ba00 0000 | 0000 0000 | 00b8 000f 

  0x000001ec0d447714: ;   {runtime_call load_klass_patching Runtime1 stub}
  0x000001ec0d447714: 050a e865 

  0x000001ec0d447718: ; ImmutableOopMap {r8=Oop }
                      ;*new {reexecute=1 rethrow=0 return_oop=0}
                      ; - (reexecute) jdk.internal.reflect.DirectMethodHandleAccessor::invoke@73
  0x000001ec0d447718: d626 07e9 | c0f8 ffff 

  0x000001ec0d447720: ;   {runtime_call throw_null_pointer_exception Runtime1 stub}
  0x000001ec0d447720: e8db 9f1d 

  0x000001ec0d447724: ; ImmutableOopMap {r8=Oop }
                      ;*new {reexecute=0 rethrow=0 return_oop=0}
                      ; - jdk.internal.reflect.DirectMethodHandleAccessor::invoke@73
  0x000001ec0d447724: 0748 8bd2 

  0x000001ec0d447728: ;   {runtime_call fast_new_instance_init_check Runtime1 stub}
  0x000001ec0d447728: e853 e01d 

  0x000001ec0d44772c: ; ImmutableOopMap {r8=Oop }
                      ;*new {reexecute=0 rethrow=0 return_oop=0}
                      ; - jdk.internal.reflect.DirectMethodHandleAccessor::invoke@73
  0x000001ec0d44772c: 07e9 13f9 

  0x000001ec0d447730: ;   {metadata(nullptr)}
  0x000001ec0d447730: ffff 48ba | 0000 0000 | 0000 0000 | b800 0f05 

  0x000001ec0d447740: ;   {runtime_call load_klass_patching Runtime1 stub}
  0x000001ec0d447740: 0ae8 3ad6 

  0x000001ec0d447744: ; ImmutableOopMap {[176]=Oop [184]=Oop [192]=Oop }
                      ;*new {reexecute=1 rethrow=0 return_oop=0}
                      ; - (reexecute) jdk.internal.reflect.DirectMethodHandleAccessor::checkReceiver@14
                      ; - jdk.internal.reflect.DirectMethodHandleAccessor::invoke@9
  0x000001ec0d447744: 2607 e93d | f9ff ff48 

  0x000001ec0d44774c: ;   {runtime_call fast_new_instance Runtime1 stub}
  0x000001ec0d44774c: 8bd2 e82d 

  0x000001ec0d447750: ; ImmutableOopMap {[176]=Oop [184]=Oop [192]=Oop }
                      ;*new {reexecute=0 rethrow=0 return_oop=0}
                      ; - jdk.internal.reflect.DirectMethodHandleAccessor::checkReceiver@14
                      ; - jdk.internal.reflect.DirectMethodHandleAccessor::invoke@9
  0x000001ec0d447750: e31d 07e9 | 88f9 ffff 

  0x000001ec0d447758: ;   {metadata(nullptr)}
  0x000001ec0d447758: 48ba 0000 | 0000 0000 | 0000 b800 

  0x000001ec0d447764: ;   {runtime_call load_klass_patching Runtime1 stub}
  0x000001ec0d447764: 0f05 0ae8 

  0x000001ec0d447768: ; ImmutableOopMap {r8=Oop }
                      ;*new {reexecute=1 rethrow=0 return_oop=0}
                      ; - (reexecute) jdk.internal.reflect.DirectMethodHandleAccessor::invoke@83
  0x000001ec0d447768: 14d6 2607 | e9d7 f9ff 

  0x000001ec0d447770: ;   {runtime_call throw_null_pointer_exception Runtime1 stub}
  0x000001ec0d447770: ffe8 8a9f 

  0x000001ec0d447774: ; ImmutableOopMap {r8=Oop }
                      ;*new {reexecute=0 rethrow=0 return_oop=0}
                      ; - jdk.internal.reflect.DirectMethodHandleAccessor::invoke@83
  0x000001ec0d447774: 1d07 488b 

  0x000001ec0d447778: ;   {runtime_call fast_new_instance_init_check Runtime1 stub}
  0x000001ec0d447778: d2e8 02e0 

  0x000001ec0d44777c: ; ImmutableOopMap {r8=Oop }
                      ;*new {reexecute=0 rethrow=0 return_oop=0}
                      ; - jdk.internal.reflect.DirectMethodHandleAccessor::invoke@83
  0x000001ec0d44777c: 1d07 e92a | faff ff49 | 8b87 0005 | 0000 49c7 | 8700 0500 | 0000 0000 | 0049 c787 | 0805 0000 
  0x000001ec0d44779c: 0000 0000 | 4881 c470 | 0100 005d 

  0x000001ec0d4477a8: ;   {runtime_call unwind_exception Runtime1 stub}
  0x000001ec0d4477a8: e953 ae1d | 07f4 f4f4 
[Stub Code]
  0x000001ec0d4477b0: ;   {no_reloc}
  0x000001ec0d4477b0: 0f1f 4400 

  0x000001ec0d4477b4: ;   {static_stub}
  0x000001ec0d4477b4: 0048 bb00 | 0000 0000 

  0x000001ec0d4477bc: ;   {runtime_call nmethod}
  0x000001ec0d4477bc: 0000 00e9 | fbff ffff 

  0x000001ec0d4477c4: ;   {static_stub}
  0x000001ec0d4477c4: 9048 bb00 | 0000 0000 

  0x000001ec0d4477cc: ;   {runtime_call nmethod}
  0x000001ec0d4477cc: 0000 00e9 | fbff ffff 

  0x000001ec0d4477d4: ;   {static_stub}
  0x000001ec0d4477d4: 9048 bb00 | 0000 0000 

  0x000001ec0d4477dc: ;   {runtime_call nmethod}
  0x000001ec0d4477dc: 0000 00e9 | fbff ffff 

  0x000001ec0d4477e4: ;   {static_stub}
  0x000001ec0d4477e4: 9048 bb00 | 0000 0000 

  0x000001ec0d4477ec: ;   {runtime_call nmethod}
  0x000001ec0d4477ec: 0000 00e9 | fbff ffff 

  0x000001ec0d4477f4: ;   {static_stub}
  0x000001ec0d4477f4: 9048 bb00 | 0000 0000 

  0x000001ec0d4477fc: ;   {runtime_call nmethod}
  0x000001ec0d4477fc: 0000 00e9 | fbff ffff 

  0x000001ec0d447804: ;   {static_stub}
  0x000001ec0d447804: 48bb 0000 | 0000 0000 

  0x000001ec0d44780c: ;   {runtime_call nmethod}
  0x000001ec0d44780c: 0000 e9fb 

  0x000001ec0d447810: ;   {static_stub}
  0x000001ec0d447810: ffff ff48 | bb00 0000 | 0000 0000 

  0x000001ec0d44781c: ;   {runtime_call nmethod}
  0x000001ec0d44781c: 00e9 fbff 

  0x000001ec0d447820: ;   {static_stub}
  0x000001ec0d447820: ffff 48bb | 0884 3c22 | ec01 0000 

  0x000001ec0d44782c: ;   {runtime_call I2C/C2I adapters}
  0x000001ec0d44782c: e9b5 ae18 

  0x000001ec0d447830: ;   {static_stub}
  0x000001ec0d447830: 0748 bb00 | 0000 0000 

  0x000001ec0d447838: ;   {runtime_call nmethod}
  0x000001ec0d447838: 0000 00e9 | fbff ffff 

  0x000001ec0d447840: ;   {static_stub}
  0x000001ec0d447840: 48bb 0000 | 0000 0000 

  0x000001ec0d447848: ;   {runtime_call nmethod}
  0x000001ec0d447848: 0000 e9fb 

  0x000001ec0d44784c: ;   {static_stub}
  0x000001ec0d44784c: ffff ff48 | bb00 0000 | 0000 0000 

  0x000001ec0d447858: ;   {runtime_call nmethod}
  0x000001ec0d447858: 00e9 fbff 

  0x000001ec0d44785c: ;   {static_stub}
  0x000001ec0d44785c: ffff 48bb | 0000 0000 | 0000 0000 

  0x000001ec0d447868: ;   {runtime_call nmethod}
  0x000001ec0d447868: e9fb ffff 

  0x000001ec0d44786c: ;   {static_stub}
  0x000001ec0d44786c: ff48 bb00 | 0000 0000 

  0x000001ec0d447874: ;   {runtime_call nmethod}
  0x000001ec0d447874: 0000 00e9 | fbff ffff 

  0x000001ec0d44787c: ;   {static_stub}
  0x000001ec0d44787c: 48bb 0000 | 0000 0000 

  0x000001ec0d447884: ;   {runtime_call nmethod}
  0x000001ec0d447884: 0000 e9fb 

  0x000001ec0d447888: ;   {static_stub}
  0x000001ec0d447888: ffff ff48 | bb00 0000 | 0000 0000 

  0x000001ec0d447894: ;   {runtime_call nmethod}
  0x000001ec0d447894: 00e9 fbff 

  0x000001ec0d447898: ;   {runtime_call handle_exception_from_callee Runtime1 stub}
  0x000001ec0d447898: ffff e861 

  0x000001ec0d44789c: ;   {external_word}
  0x000001ec0d44789c: cc1d 0748 | b950 6347 | 3fff 7f00 | 0048 83e4 

  0x000001ec0d4478ac: ;   {runtime_call}
  0x000001ec0d4478ac: f048 b8c0 | c909 3fff | 7f00 00ff 

  0x000001ec0d4478b8: ;   {section_word}
  0x000001ec0d4478b8: d0f4 49ba | ba78 440d | ec01 0000 

  0x000001ec0d4478c4: ;   {runtime_call DeoptimizationBlob}
  0x000001ec0d4478c4: 4152 e955 

  0x000001ec0d4478c8: ;   {section_word}
  0x000001ec0d4478c8: ce1a 0749 | bacb 7844 | 0dec 0100 

  0x000001ec0d4478d4: ;   {runtime_call DeoptimizationBlob}
  0x000001ec0d4478d4: 0041 52e9 | 44ce 1a07 | f4f4 f4f4 
[/MachCode]


---------------  P R O C E S S  ---------------

Threads class SMR info:
_java_thread_list=0x000001ec454534b0, length=50, elements={
0x000001ec09e6fd10, 0x000001ec2165dd20, 0x000001ec2165f4a0, 0x000001ec21663030,
0x000001ec21663a90, 0x000001ec216644f0, 0x000001ec21664f50, 0x000001ec21665ce0,
0x000001ec21688120, 0x000001ec2181f700, 0x000001ec218a1390, 0x000001ec427de0b0,
0x000001ec42a90ce0, 0x000001ec41d80200, 0x000001ec41b9e960, 0x000001ec42a70640,
0x000001ec4194b0e0, 0x000001ec42a5e910, 0x000001ec42931c60, 0x000001ec42930220,
0x000001ec429308b0, 0x000001ec429322f0, 0x000001ec42930f40, 0x000001ec4292fb90,
0x000001ec429315d0, 0x000001ec42f1c800, 0x000001ec42f1e8d0, 0x000001ec42f1d520,
0x000001ec42f1dbb0, 0x000001ec42f1e240, 0x000001ec42f1b450, 0x000001ec43045d90,
0x000001ec43047e60, 0x000001ec43045700, 0x000001ec430498a0, 0x000001ec4304ac50,
0x000001ec4304b2e0, 0x000001ec4304b970, 0x000001ec4304c000, 0x000001ec4304a5c0,
0x000001ec4304c690, 0x000001ec44147d70, 0x000001ec44145ca0, 0x000001ec44146330,
0x000001ec441476e0, 0x000001ec44144f80, 0x000001ec441469c0, 0x000001ec44147050,
0x000001ec44148a90, 0x000001ec44149e40
}

Java Threads: ( => current thread )
  0x000001ec09e6fd10 JavaThread "main"                              [_thread_blocked, id=2808, stack(0x0000001cdb800000,0x0000001cdb900000) (1024K)]
  0x000001ec2165dd20 JavaThread "Reference Handler"          daemon [_thread_blocked, id=14664, stack(0x0000001cdc000000,0x0000001cdc100000) (1024K)]
  0x000001ec2165f4a0 JavaThread "Finalizer"                  daemon [_thread_blocked, id=13072, stack(0x0000001cdc100000,0x0000001cdc200000) (1024K)]
  0x000001ec21663030 JavaThread "Signal Dispatcher"          daemon [_thread_blocked, id=16436, stack(0x0000001cdc200000,0x0000001cdc300000) (1024K)]
  0x000001ec21663a90 JavaThread "Attach Listener"            daemon [_thread_blocked, id=5360, stack(0x0000001cdc300000,0x0000001cdc400000) (1024K)]
  0x000001ec216644f0 JavaThread "Service Thread"             daemon [_thread_blocked, id=9928, stack(0x0000001cdc400000,0x0000001cdc500000) (1024K)]
  0x000001ec21664f50 JavaThread "Monitor Deflation Thread"   daemon [_thread_blocked, id=11240, stack(0x0000001cdc500000,0x0000001cdc600000) (1024K)]
  0x000001ec21665ce0 JavaThread "C2 CompilerThread0"         daemon [_thread_blocked, id=5044, stack(0x0000001cdc600000,0x0000001cdc700000) (1024K)]
  0x000001ec21688120 JavaThread "C1 CompilerThread0"         daemon [_thread_blocked, id=12688, stack(0x0000001cdc700000,0x0000001cdc800000) (1024K)]
  0x000001ec2181f700 JavaThread "Common-Cleaner"             daemon [_thread_blocked, id=9028, stack(0x0000001cdc800000,0x0000001cdc900000) (1024K)]
  0x000001ec218a1390 JavaThread "Notification Thread"        daemon [_thread_blocked, id=15368, stack(0x0000001cdc900000,0x0000001cdca00000) (1024K)]
  0x000001ec427de0b0 JavaThread "Daemon health stats"               [_thread_blocked, id=15772, stack(0x0000001cdd100000,0x0000001cdd200000) (1024K)]
  0x000001ec42a90ce0 JavaThread "Incoming local TCP Connector on port 56505"        [_thread_in_native, id=6924, stack(0x0000001cdcb00000,0x0000001cdcc00000) (1024K)]
  0x000001ec41d80200 JavaThread "Daemon periodic checks"            [_thread_blocked, id=9580, stack(0x0000001cdd200000,0x0000001cdd300000) (1024K)]
  0x000001ec41b9e960 JavaThread "Daemon"                            [_thread_blocked, id=4856, stack(0x0000001cdd300000,0x0000001cdd400000) (1024K)]
  0x000001ec42a70640 JavaThread "Handler for socket connection from /127.0.0.1:56505 to /127.0.0.1:56506"        [_thread_in_native, id=2812, stack(0x0000001cdd400000,0x0000001cdd500000) (1024K)]
  0x000001ec4194b0e0 JavaThread "Cancel handler"                    [_thread_blocked, id=16252, stack(0x0000001cdca00000,0x0000001cdcb00000) (1024K)]
=>0x000001ec42a5e910 JavaThread "Daemon worker"                     [_thread_in_vm, id=16268, stack(0x0000001cdd500000,0x0000001cdd600000) (1024K)]
  0x000001ec42931c60 JavaThread "Asynchronous log dispatcher for DefaultDaemonConnection: socket connection from /127.0.0.1:56505 to /127.0.0.1:56506"        [_thread_blocked, id=16244, stack(0x0000001cdd600000,0x0000001cdd700000) (1024K)]
  0x000001ec42930220 JavaThread "Stdin handler"                     [_thread_blocked, id=16356, stack(0x0000001cdd700000,0x0000001cdd800000) (1024K)]
  0x000001ec429308b0 JavaThread "Daemon client event forwarder"        [_thread_blocked, id=16928, stack(0x0000001cdd800000,0x0000001cdd900000) (1024K)]
  0x000001ec429322f0 JavaThread "Cache worker for journal cache (D:\gradle_cache\caches\journal-1)"        [_thread_blocked, id=1912, stack(0x0000001cdd900000,0x0000001cdda00000) (1024K)]
  0x000001ec42930f40 JavaThread "File lock request listener"        [_thread_in_native, id=9424, stack(0x0000001cdda00000,0x0000001cddb00000) (1024K)]
  0x000001ec4292fb90 JavaThread "Cache worker for file hash cache (D:\gradle_cache\caches\8.7\fileHashes)"        [_thread_blocked, id=16972, stack(0x0000001cddb00000,0x0000001cddc00000) (1024K)]
  0x000001ec429315d0 JavaThread "File lock release action executor"        [_thread_blocked, id=13324, stack(0x0000001cddc00000,0x0000001cddd00000) (1024K)]
  0x000001ec42f1c800 JavaThread "Cache worker for file hash cache (D:\trackboxstudent\android\.gradle\8.7\fileHashes)"        [_thread_blocked, id=14888, stack(0x0000001cdde00000,0x0000001cddf00000) (1024K)]
  0x000001ec42f1e8d0 JavaThread "File watcher server"        daemon [_thread_in_native, id=15412, stack(0x0000001cddd00000,0x0000001cdde00000) (1024K)]
  0x000001ec42f1d520 JavaThread "File watcher consumer"      daemon [_thread_blocked, id=14432, stack(0x0000001cde200000,0x0000001cde300000) (1024K)]
  0x000001ec42f1dbb0 JavaThread "Cache worker for checksums cache (D:\trackboxstudent\android\.gradle\8.7\checksums)"        [_thread_blocked, id=17444, stack(0x0000001cde300000,0x0000001cde400000) (1024K)]
  0x000001ec42f1e240 JavaThread "Cache worker for cache directory md-supplier (D:\gradle_cache\caches\8.7\md-supplier)"        [_thread_blocked, id=17468, stack(0x0000001cde400000,0x0000001cde500000) (1024K)]
  0x000001ec42f1b450 JavaThread "Cache worker for cache directory md-rule (D:\gradle_cache\caches\8.7\md-rule)"        [_thread_blocked, id=17492, stack(0x0000001cde500000,0x0000001cde600000) (1024K)]
  0x000001ec43045d90 JavaThread "Cache worker for file content cache (D:\gradle_cache\caches\8.7\fileContent)"        [_thread_blocked, id=17636, stack(0x0000001cde600000,0x0000001cde700000) (1024K)]
  0x000001ec43047e60 JavaThread "jar transforms"                    [_thread_blocked, id=18268, stack(0x0000001cde700000,0x0000001cde800000) (1024K)]
  0x000001ec43045700 JavaThread "Cache worker for Build Output Cleanup Cache (D:\flutter\packages\flutter_tools\gradle\.gradle\buildOutputCleanup)"        [_thread_blocked, id=17548, stack(0x0000001cde800000,0x0000001cde900000) (1024K)]
  0x000001ec430498a0 JavaThread "Unconstrained build operations"        [_thread_blocked, id=14788, stack(0x0000001cde900000,0x0000001cdea00000) (1024K)]
  0x000001ec4304ac50 JavaThread "Unconstrained build operations Thread 2"        [_thread_blocked, id=8032, stack(0x0000001cdea00000,0x0000001cdeb00000) (1024K)]
  0x000001ec4304b2e0 JavaThread "Unconstrained build operations Thread 3"        [_thread_blocked, id=17988, stack(0x0000001cdeb00000,0x0000001cdec00000) (1024K)]
  0x000001ec4304b970 JavaThread "Unconstrained build operations Thread 4"        [_thread_blocked, id=16400, stack(0x0000001cdec00000,0x0000001cded00000) (1024K)]
  0x000001ec4304c000 JavaThread "Unconstrained build operations Thread 5"        [_thread_blocked, id=14944, stack(0x0000001cded00000,0x0000001cdee00000) (1024K)]
  0x000001ec4304a5c0 JavaThread "Unconstrained build operations Thread 6"        [_thread_blocked, id=18200, stack(0x0000001cdee00000,0x0000001cdef00000) (1024K)]
  0x000001ec4304c690 JavaThread "Unconstrained build operations Thread 7"        [_thread_blocked, id=3272, stack(0x0000001cdef00000,0x0000001cdf000000) (1024K)]
  0x000001ec44147d70 JavaThread "Unconstrained build operations Thread 8"        [_thread_blocked, id=15716, stack(0x0000001cdf000000,0x0000001cdf100000) (1024K)]
  0x000001ec44145ca0 JavaThread "Unconstrained build operations Thread 9"        [_thread_blocked, id=12228, stack(0x0000001cdf100000,0x0000001cdf200000) (1024K)]
  0x000001ec44146330 JavaThread "Unconstrained build operations Thread 10"        [_thread_blocked, id=17524, stack(0x0000001cdf200000,0x0000001cdf300000) (1024K)]
  0x000001ec441476e0 JavaThread "Unconstrained build operations Thread 11"        [_thread_blocked, id=1824, stack(0x0000001cdf300000,0x0000001cdf400000) (1024K)]
  0x000001ec44144f80 JavaThread "Unconstrained build operations Thread 12"        [_thread_blocked, id=15304, stack(0x0000001cdf400000,0x0000001cdf500000) (1024K)]
  0x000001ec441469c0 JavaThread "Unconstrained build operations Thread 13"        [_thread_blocked, id=3356, stack(0x0000001cdf500000,0x0000001cdf600000) (1024K)]
  0x000001ec44147050 JavaThread "Unconstrained build operations Thread 14"        [_thread_blocked, id=16620, stack(0x0000001cdf600000,0x0000001cdf700000) (1024K)]
  0x000001ec44148a90 JavaThread "Memory manager"                    [_thread_blocked, id=5496, stack(0x0000001cdf800000,0x0000001cdf900000) (1024K)]
  0x000001ec44149e40 JavaThread "build event listener"              [_thread_blocked, id=18892, stack(0x0000001cdf700000,0x0000001cdf800000) (1024K)]
Total: 50

Other Threads:
  0x000001ec2163e880 VMThread "VM Thread"                           [id=15020, stack(0x0000001cdbf00000,0x0000001cdc000000) (1024K)]
  0x000001ec2162e1d0 WatcherThread "VM Periodic Task Thread"        [id=12200, stack(0x0000001cdbe00000,0x0000001cdbf00000) (1024K)]
  0x000001ec09ec8ba0 WorkerThread "GC Thread#0"                     [id=13248, stack(0x0000001cdb900000,0x0000001cdba00000) (1024K)]
  0x000001ec413a1910 WorkerThread "GC Thread#1"                     [id=7836, stack(0x0000001cdcc00000,0x0000001cdcd00000) (1024K)]
  0x000001ec413a1cc0 WorkerThread "GC Thread#2"                     [id=14912, stack(0x0000001cdcd00000,0x0000001cdce00000) (1024K)]
  0x000001ec413a2070 WorkerThread "GC Thread#3"                     [id=14780, stack(0x0000001cdce00000,0x0000001cdcf00000) (1024K)]
  0x000001ec413a2420 WorkerThread "GC Thread#4"                     [id=17248, stack(0x0000001cdcf00000,0x0000001cdd000000) (1024K)]
  0x000001ec413a27d0 WorkerThread "GC Thread#5"                     [id=8444, stack(0x0000001cdd000000,0x0000001cdd100000) (1024K)]
  0x000001ec41fc8ba0 WorkerThread "GC Thread#6"                     [id=5468, stack(0x0000001cddf00000,0x0000001cde000000) (1024K)]
  0x000001ec41fc71d0 WorkerThread "GC Thread#7"                     [id=5432, stack(0x0000001cde000000,0x0000001cde100000) (1024K)]
  0x000001ec09eda9b0 ConcurrentGCThread "G1 Main Marker"            [id=15732, stack(0x0000001cdba00000,0x0000001cdbb00000) (1024K)]
  0x000001ec09edb2d0 WorkerThread "G1 Conc#0"                       [id=16452, stack(0x0000001cdbb00000,0x0000001cdbc00000) (1024K)]
  0x000001ec41fc7ce0 WorkerThread "G1 Conc#1"                       [id=15980, stack(0x0000001cde100000,0x0000001cde200000) (1024K)]
  0x000001ec214fd300 ConcurrentGCThread "G1 Refine#0"               [id=8924, stack(0x0000001cdbc00000,0x0000001cdbd00000) (1024K)]
  0x000001ec214fdb30 ConcurrentGCThread "G1 Service"                [id=12544, stack(0x0000001cdbd00000,0x0000001cdbe00000) (1024K)]
Total: 15

Threads with active compile tasks:
Total: 0

VM state: not at safepoint (normal execution)

VM Mutex/Monitor currently owned by a thread:  ([mutex/lock_event])
[0x00007fff3f72d530] Metaspace_lock - owner thread: 0x000001ec42a5e910

OutOfMemory and StackOverflow Exception counts:
OutOfMemoryError java_heap_errors=1
LinkageErrors=178

Heap address: 0x0000000080000000, size: 2048 MB, Compressed Oops mode: 32-bit

CDS archive(s) mapped at: [0x000001ec22000000-0x000001ec22ba0000-0x000001ec22ba0000), size 12189696, SharedBaseAddress: 0x000001ec22000000, ArchiveRelocationMode: 1.
Compressed class space mapped at: 0x000001ec23000000-0x000001ec3d000000, reserved size: 436207616
Narrow klass base: 0x000001ec22000000, Narrow klass shift: 0, Narrow klass range: 0x100000000

GC Precious Log:
 CardTable entry size: 512
 Card Set container configuration: InlinePtr #cards 5 size 8 Array Of Cards #cards 12 size 40 Howl #buckets 4 coarsen threshold 1843 Howl Bitmap #cards 512 size 80 coarsen threshold 460 Card regions per heap region 1 cards per card region 2048
 CPUs: 8 total, 8 available
 Memory: 16165M
 Large Page Support: Disabled
 NUMA Support: Disabled
 Compressed Oops: Enabled (32-bit)
 Heap Region Size: 1M
 Heap Min Capacity: 8M
 Heap Initial Capacity: 254M
 Heap Max Capacity: 2G
 Pre-touch: Disabled
 Parallel Workers: 8
 Concurrent Workers: 2
 Concurrent Refinement Workers: 8
 Periodic GC: Disabled

Heap:
 garbage-first heap   total 109568K, used 73956K [0x0000000080000000, 0x0000000100000000)
  region size 1024K, 15 young (15360K), 5 survivors (5120K)
 Metaspace       used 69229K, committed 71104K, reserved 491520K
  class space    used 9953K, committed 10880K, reserved 425984K

Heap Regions: E=young(eden), S=young(survivor), O=old, HS=humongous(starts), HC=humongous(continues), CS=collection set, F=free, TAMS=top-at-mark-start, PB=parsable bottom
|   0|0x0000000080000000, 0x0000000080100000, 0x0000000080100000|100%|HS|  |TAMS 0x0000000080000000| PB 0x0000000080000000| Complete 
|   1|0x0000000080100000, 0x0000000080200000, 0x0000000080200000|100%|HC|  |TAMS 0x0000000080100000| PB 0x0000000080100000| Complete 
|   2|0x0000000080200000, 0x0000000080300000, 0x0000000080300000|100%|HC|  |TAMS 0x0000000080200000| PB 0x0000000080200000| Complete 
|   3|0x0000000080300000, 0x0000000080400000, 0x0000000080400000|100%|HC|  |TAMS 0x0000000080300000| PB 0x0000000080300000| Complete 
|   4|0x0000000080400000, 0x0000000080500000, 0x0000000080500000|100%| O|  |TAMS 0x0000000080400000| PB 0x0000000080400000| Untracked 
|   5|0x0000000080500000, 0x0000000080600000, 0x0000000080600000|100%| O|  |TAMS 0x0000000080500000| PB 0x0000000080500000| Untracked 
|   6|0x0000000080600000, 0x0000000080700000, 0x0000000080700000|100%| O|  |TAMS 0x0000000080600000| PB 0x0000000080600000| Untracked 
|   7|0x0000000080700000, 0x0000000080800000, 0x0000000080800000|100%| O|  |TAMS 0x0000000080700000| PB 0x0000000080700000| Untracked 
|   8|0x0000000080800000, 0x0000000080900000, 0x0000000080900000|100%| O|  |TAMS 0x0000000080800000| PB 0x0000000080800000| Untracked 
|   9|0x0000000080900000, 0x0000000080a00000, 0x0000000080a00000|100%| O|  |TAMS 0x0000000080900000| PB 0x0000000080900000| Untracked 
|  10|0x0000000080a00000, 0x0000000080b00000, 0x0000000080b00000|100%| O|  |TAMS 0x0000000080a00000| PB 0x0000000080a00000| Untracked 
|  11|0x0000000080b00000, 0x0000000080c00000, 0x0000000080c00000|100%| O|  |TAMS 0x0000000080b00000| PB 0x0000000080b00000| Untracked 
|  12|0x0000000080c00000, 0x0000000080d00000, 0x0000000080d00000|100%| O|  |TAMS 0x0000000080c00000| PB 0x0000000080c00000| Untracked 
|  13|0x0000000080d00000, 0x0000000080e00000, 0x0000000080e00000|100%| O|  |TAMS 0x0000000080d00000| PB 0x0000000080d00000| Untracked 
|  14|0x0000000080e00000, 0x0000000080f00000, 0x0000000080f00000|100%| O|  |TAMS 0x0000000080e00000| PB 0x0000000080e00000| Untracked 
|  15|0x0000000080f00000, 0x0000000081000000, 0x0000000081000000|100%| O|  |TAMS 0x0000000080f00000| PB 0x0000000080f00000| Untracked 
|  16|0x0000000081000000, 0x0000000081100000, 0x0000000081100000|100%| O|  |TAMS 0x0000000081000000| PB 0x0000000081000000| Untracked 
|  17|0x0000000081100000, 0x0000000081200000, 0x0000000081200000|100%| O|  |TAMS 0x0000000081100000| PB 0x0000000081100000| Untracked 
|  18|0x0000000081200000, 0x0000000081300000, 0x0000000081300000|100%| O|  |TAMS 0x0000000081200000| PB 0x0000000081200000| Untracked 
|  19|0x0000000081300000, 0x0000000081400000, 0x0000000081400000|100%| O|  |TAMS 0x0000000081300000| PB 0x0000000081300000| Untracked 
|  20|0x0000000081400000, 0x0000000081500000, 0x0000000081500000|100%| O|  |TAMS 0x0000000081400000| PB 0x0000000081400000| Untracked 
|  21|0x0000000081500000, 0x0000000081600000, 0x0000000081600000|100%| O|  |TAMS 0x0000000081500000| PB 0x0000000081500000| Untracked 
|  22|0x0000000081600000, 0x0000000081700000, 0x0000000081700000|100%| O|  |TAMS 0x0000000081600000| PB 0x0000000081600000| Untracked 
|  23|0x0000000081700000, 0x0000000081800000, 0x0000000081800000|100%| O|  |TAMS 0x0000000081700000| PB 0x0000000081700000| Untracked 
|  24|0x0000000081800000, 0x0000000081900000, 0x0000000081900000|100%| O|  |TAMS 0x0000000081800000| PB 0x0000000081800000| Untracked 
|  25|0x0000000081900000, 0x0000000081a00000, 0x0000000081a00000|100%| O|  |TAMS 0x0000000081900000| PB 0x0000000081900000| Untracked 
|  26|0x0000000081a00000, 0x0000000081b00000, 0x0000000081b00000|100%| O|  |TAMS 0x0000000081a00000| PB 0x0000000081a00000| Untracked 
|  27|0x0000000081b00000, 0x0000000081c00000, 0x0000000081c00000|100%| O|  |TAMS 0x0000000081b00000| PB 0x0000000081b00000| Untracked 
|  28|0x0000000081c00000, 0x0000000081d00000, 0x0000000081d00000|100%| O|  |TAMS 0x0000000081c00000| PB 0x0000000081c00000| Untracked 
|  29|0x0000000081d00000, 0x0000000081e00000, 0x0000000081e00000|100%| O|  |TAMS 0x0000000081d00000| PB 0x0000000081d00000| Untracked 
|  30|0x0000000081e00000, 0x0000000081f00000, 0x0000000081f00000|100%| O|  |TAMS 0x0000000081e00000| PB 0x0000000081e00000| Untracked 
|  31|0x0000000081f00000, 0x0000000082000000, 0x0000000082000000|100%| O|  |TAMS 0x0000000081f00000| PB 0x0000000081f00000| Untracked 
|  32|0x0000000082000000, 0x0000000082100000, 0x0000000082100000|100%| O|  |TAMS 0x0000000082000000| PB 0x0000000082000000| Untracked 
|  33|0x0000000082100000, 0x0000000082200000, 0x0000000082200000|100%| O|  |TAMS 0x0000000082100000| PB 0x0000000082100000| Untracked 
|  34|0x0000000082200000, 0x0000000082300000, 0x0000000082300000|100%| O|Cm|TAMS 0x0000000082200000| PB 0x0000000082200000| Complete 
|  35|0x0000000082300000, 0x0000000082400000, 0x0000000082400000|100%| O|  |TAMS 0x0000000082300000| PB 0x0000000082300000| Untracked 
|  36|0x0000000082400000, 0x0000000082500000, 0x0000000082500000|100%| O|  |TAMS 0x0000000082400000| PB 0x0000000082400000| Untracked 
|  37|0x0000000082500000, 0x0000000082600000, 0x0000000082600000|100%|HS|  |TAMS 0x0000000082500000| PB 0x0000000082500000| Complete 
|  38|0x0000000082600000, 0x0000000082700000, 0x0000000082700000|100%|HC|  |TAMS 0x0000000082600000| PB 0x0000000082600000| Complete 
|  39|0x0000000082700000, 0x0000000082800000, 0x0000000082800000|100%|HS|  |TAMS 0x0000000082700000| PB 0x0000000082700000| Complete 
|  40|0x0000000082800000, 0x0000000082900000, 0x0000000082900000|100%|HC|  |TAMS 0x0000000082800000| PB 0x0000000082800000| Complete 
|  41|0x0000000082900000, 0x0000000082a00000, 0x0000000082a00000|100%| O|  |TAMS 0x0000000082900000| PB 0x0000000082900000| Untracked 
|  42|0x0000000082a00000, 0x0000000082b00000, 0x0000000082b00000|100%| O|  |TAMS 0x0000000082a00000| PB 0x0000000082a00000| Untracked 
|  43|0x0000000082b00000, 0x0000000082c00000, 0x0000000082c00000|100%| O|  |TAMS 0x0000000082b00000| PB 0x0000000082b00000| Untracked 
|  44|0x0000000082c00000, 0x0000000082d00000, 0x0000000082d00000|100%|HS|  |TAMS 0x0000000082c00000| PB 0x0000000082c00000| Complete 
|  45|0x0000000082d00000, 0x0000000082e00000, 0x0000000082e00000|100%|HC|  |TAMS 0x0000000082d00000| PB 0x0000000082d00000| Complete 
|  46|0x0000000082e00000, 0x0000000082f00000, 0x0000000082f00000|100%|HC|  |TAMS 0x0000000082e00000| PB 0x0000000082e00000| Complete 
|  47|0x0000000082f00000, 0x0000000083000000, 0x0000000083000000|100%|HC|  |TAMS 0x0000000082f00000| PB 0x0000000082f00000| Complete 
|  48|0x0000000083000000, 0x0000000083100000, 0x0000000083100000|100%| O|  |TAMS 0x0000000083000000| PB 0x0000000083000000| Untracked 
|  49|0x0000000083100000, 0x0000000083200000, 0x0000000083200000|100%| O|  |TAMS 0x0000000083100000| PB 0x0000000083100000| Untracked 
|  50|0x0000000083200000, 0x0000000083300000, 0x0000000083300000|100%| O|  |TAMS 0x0000000083200000| PB 0x0000000083200000| Untracked 
|  51|0x0000000083300000, 0x0000000083400000, 0x0000000083400000|100%| O|  |TAMS 0x0000000083300000| PB 0x0000000083300000| Untracked 
|  52|0x0000000083400000, 0x0000000083500000, 0x0000000083500000|100%| O|  |TAMS 0x0000000083400000| PB 0x0000000083400000| Untracked 
|  53|0x0000000083500000, 0x0000000083600000, 0x0000000083600000|100%| O|  |TAMS 0x0000000083500000| PB 0x0000000083500000| Untracked 
|  54|0x0000000083600000, 0x0000000083700000, 0x0000000083700000|100%| S|CS|TAMS 0x0000000083600000| PB 0x0000000083600000| Complete 
|  55|0x0000000083700000, 0x0000000083700000, 0x0000000083800000|  0%| F|  |TAMS 0x0000000083700000| PB 0x0000000083700000| Untracked 
|  56|0x0000000083800000, 0x0000000083800000, 0x0000000083900000|  0%| F|  |TAMS 0x0000000083800000| PB 0x0000000083800000| Untracked 
|  57|0x0000000083900000, 0x0000000083900000, 0x0000000083a00000|  0%| F|  |TAMS 0x0000000083900000| PB 0x0000000083900000| Untracked 
|  58|0x0000000083a00000, 0x0000000083a00000, 0x0000000083b00000|  0%| F|  |TAMS 0x0000000083a00000| PB 0x0000000083a00000| Untracked 
|  59|0x0000000083b00000, 0x0000000083b00000, 0x0000000083c00000|  0%| F|  |TAMS 0x0000000083b00000| PB 0x0000000083b00000| Untracked 
|  60|0x0000000083c00000, 0x0000000083d00000, 0x0000000083d00000|100%| S|CS|TAMS 0x0000000083c00000| PB 0x0000000083c00000| Complete 
|  61|0x0000000083d00000, 0x0000000083e00000, 0x0000000083e00000|100%| S|CS|TAMS 0x0000000083d00000| PB 0x0000000083d00000| Complete 
|  62|0x0000000083e00000, 0x0000000083f00000, 0x0000000083f00000|100%| S|CS|TAMS 0x0000000083e00000| PB 0x0000000083e00000| Complete 
|  63|0x0000000083f00000, 0x0000000084000000, 0x0000000084000000|100%| S|CS|TAMS 0x0000000083f00000| PB 0x0000000083f00000| Complete 
|  64|0x0000000084000000, 0x0000000084000000, 0x0000000084100000|  0%| F|  |TAMS 0x0000000084000000| PB 0x0000000084000000| Untracked 
|  65|0x0000000084100000, 0x0000000084100000, 0x0000000084200000|  0%| F|  |TAMS 0x0000000084100000| PB 0x0000000084100000| Untracked 
|  66|0x0000000084200000, 0x0000000084300000, 0x0000000084300000|100%|HS|  |TAMS 0x0000000084200000| PB 0x0000000084200000| Complete 
|  67|0x0000000084300000, 0x0000000084400000, 0x0000000084400000|100%|HC|  |TAMS 0x0000000084300000| PB 0x0000000084300000| Complete 
|  68|0x0000000084400000, 0x0000000084500000, 0x0000000084500000|100%|HC|  |TAMS 0x0000000084400000| PB 0x0000000084400000| Complete 
|  69|0x0000000084500000, 0x0000000084600000, 0x0000000084600000|100%|HC|  |TAMS 0x0000000084500000| PB 0x0000000084500000| Complete 
|  70|0x0000000084600000, 0x0000000084600000, 0x0000000084700000|  0%| F|  |TAMS 0x0000000084600000| PB 0x0000000084600000| Untracked 
|  71|0x0000000084700000, 0x0000000084700000, 0x0000000084800000|  0%| F|  |TAMS 0x0000000084700000| PB 0x0000000084700000| Untracked 
|  72|0x0000000084800000, 0x0000000084800000, 0x0000000084900000|  0%| F|  |TAMS 0x0000000084800000| PB 0x0000000084800000| Untracked 
|  73|0x0000000084900000, 0x0000000084900000, 0x0000000084a00000|  0%| F|  |TAMS 0x0000000084900000| PB 0x0000000084900000| Untracked 
|  74|0x0000000084a00000, 0x0000000084a00000, 0x0000000084b00000|  0%| F|  |TAMS 0x0000000084a00000| PB 0x0000000084a00000| Untracked 
|  75|0x0000000084b00000, 0x0000000084b00000, 0x0000000084c00000|  0%| F|  |TAMS 0x0000000084b00000| PB 0x0000000084b00000| Untracked 
|  76|0x0000000084c00000, 0x0000000084c00000, 0x0000000084d00000|  0%| F|  |TAMS 0x0000000084c00000| PB 0x0000000084c00000| Untracked 
|  77|0x0000000084d00000, 0x0000000084d00000, 0x0000000084e00000|  0%| F|  |TAMS 0x0000000084d00000| PB 0x0000000084d00000| Untracked 
|  78|0x0000000084e00000, 0x0000000084e00000, 0x0000000084f00000|  0%| F|  |TAMS 0x0000000084e00000| PB 0x0000000084e00000| Untracked 
|  79|0x0000000084f00000, 0x0000000084f00000, 0x0000000085000000|  0%| F|  |TAMS 0x0000000084f00000| PB 0x0000000084f00000| Untracked 
|  80|0x0000000085000000, 0x0000000085000000, 0x0000000085100000|  0%| F|  |TAMS 0x0000000085000000| PB 0x0000000085000000| Untracked 
|  81|0x0000000085100000, 0x0000000085100000, 0x0000000085200000|  0%| F|  |TAMS 0x0000000085100000| PB 0x0000000085100000| Untracked 
|  82|0x0000000085200000, 0x0000000085200000, 0x0000000085300000|  0%| F|  |TAMS 0x0000000085200000| PB 0x0000000085200000| Untracked 
|  83|0x0000000085300000, 0x0000000085300000, 0x0000000085400000|  0%| F|  |TAMS 0x0000000085300000| PB 0x0000000085300000| Untracked 
|  84|0x0000000085400000, 0x0000000085400000, 0x0000000085500000|  0%| F|  |TAMS 0x0000000085400000| PB 0x0000000085400000| Untracked 
|  85|0x0000000085500000, 0x0000000085500000, 0x0000000085600000|  0%| F|  |TAMS 0x0000000085500000| PB 0x0000000085500000| Untracked 
|  86|0x0000000085600000, 0x0000000085600000, 0x0000000085700000|  0%| F|  |TAMS 0x0000000085600000| PB 0x0000000085600000| Untracked 
|  87|0x0000000085700000, 0x0000000085700000, 0x0000000085800000|  0%| F|  |TAMS 0x0000000085700000| PB 0x0000000085700000| Untracked 
|  88|0x0000000085800000, 0x0000000085800000, 0x0000000085900000|  0%| F|  |TAMS 0x0000000085800000| PB 0x0000000085800000| Untracked 
|  89|0x0000000085900000, 0x0000000085900000, 0x0000000085a00000|  0%| F|  |TAMS 0x0000000085900000| PB 0x0000000085900000| Untracked 
|  90|0x0000000085a00000, 0x0000000085a00000, 0x0000000085b00000|  0%| F|  |TAMS 0x0000000085a00000| PB 0x0000000085a00000| Untracked 
|  91|0x0000000085b00000, 0x0000000085b00000, 0x0000000085c00000|  0%| F|  |TAMS 0x0000000085b00000| PB 0x0000000085b00000| Untracked 
| 135|0x0000000088700000, 0x0000000088700000, 0x0000000088800000|  0%| F|  |TAMS 0x0000000088700000| PB 0x0000000088700000| Untracked 
| 136|0x0000000088800000, 0x0000000088800000, 0x0000000088900000|  0%| F|  |TAMS 0x0000000088800000| PB 0x0000000088800000| Untracked 
| 137|0x0000000088900000, 0x0000000088900000, 0x0000000088a00000|  0%| F|  |TAMS 0x0000000088900000| PB 0x0000000088900000| Untracked 
| 138|0x0000000088a00000, 0x0000000088a00000, 0x0000000088b00000|  0%| F|  |TAMS 0x0000000088a00000| PB 0x0000000088a00000| Untracked 
| 139|0x0000000088b00000, 0x0000000088b82660, 0x0000000088c00000| 50%| E|  |TAMS 0x0000000088b00000| PB 0x0000000088b00000| Complete 
| 140|0x0000000088c00000, 0x0000000088d00000, 0x0000000088d00000|100%| E|CS|TAMS 0x0000000088c00000| PB 0x0000000088c00000| Complete 
| 141|0x0000000088d00000, 0x0000000088e00000, 0x0000000088e00000|100%| E|CS|TAMS 0x0000000088d00000| PB 0x0000000088d00000| Complete 
| 142|0x0000000088e00000, 0x0000000088f00000, 0x0000000088f00000|100%| E|CS|TAMS 0x0000000088e00000| PB 0x0000000088e00000| Complete 
| 143|0x0000000088f00000, 0x0000000089000000, 0x0000000089000000|100%| E|CS|TAMS 0x0000000088f00000| PB 0x0000000088f00000| Complete 
| 144|0x0000000089000000, 0x0000000089100000, 0x0000000089100000|100%| E|CS|TAMS 0x0000000089000000| PB 0x0000000089000000| Complete 
| 145|0x0000000089100000, 0x0000000089200000, 0x0000000089200000|100%| E|CS|TAMS 0x0000000089100000| PB 0x0000000089100000| Complete 
| 146|0x0000000089200000, 0x0000000089300000, 0x0000000089300000|100%| E|CS|TAMS 0x0000000089200000| PB 0x0000000089200000| Complete 
| 147|0x0000000089300000, 0x0000000089400000, 0x0000000089400000|100%| E|CS|TAMS 0x0000000089300000| PB 0x0000000089300000| Complete 
| 253|0x000000008fd00000, 0x000000008fe00000, 0x000000008fe00000|100%| E|CS|TAMS 0x000000008fd00000| PB 0x000000008fd00000| Complete 
|2047|0x00000000fff00000, 0x00000000fff393c8, 0x0000000100000000| 22%| O|  |TAMS 0x00000000fff00000| PB 0x00000000fff00000| Untracked 

Card table byte_map: [0x000001ec1c7a0000,0x000001ec1cba0000] _byte_map_base: 0x000001ec1c3a0000

Marking Bits: (CMBitMap*) 0x000001ec09eca0d0
 Bits: [0x000001ec1cba0000, 0x000001ec1eba0000)

Polling page: 0x000001ec07c10000

Metaspace:

Usage:
  Non-class:     57.89 MB used.
      Class:      9.72 MB used.
       Both:     67.61 MB used.

Virtual space:
  Non-class space:       64.00 MB reserved,      58.81 MB ( 92%) committed,  1 nodes.
      Class space:      416.00 MB reserved,      10.62 MB (  3%) committed,  1 nodes.
             Both:      480.00 MB reserved,      69.44 MB ( 14%) committed. 

Chunk freelists:
   Non-Class:  4.73 MB
       Class:  5.19 MB
        Both:  9.92 MB

MaxMetaspaceSize: 512.00 MB
CompressedClassSpaceSize: 416.00 MB
Initial GC threshold: 21.00 MB
Current GC threshold: 113.56 MB
CDS: on
 - commit_granule_bytes: 65536.
 - commit_granule_words: 8192.
 - virtual_space_node_default_size: 8388608.
 - enlarge_chunks_in_place: 1.
 - use_allocation_guard: 0.


Internal statistics:

num_allocs_failed_limit: 6.
num_arena_births: 3412.
num_arena_deaths: 0.
num_vsnodes_births: 2.
num_vsnodes_deaths: 0.
num_space_committed: 1111.
num_space_uncommitted: 0.
num_chunks_returned_to_freelist: 6.
num_chunks_taken_from_freelist: 6537.
num_chunk_merges: 6.
num_chunk_splits: 4250.
num_chunks_enlarged: 2595.
num_inconsistent_stats: 0.

CodeHeap 'non-profiled nmethods': size=120000Kb used=3796Kb max_used=3855Kb free=116203Kb
 bounds [0x000001ec14b40000, 0x000001ec14f10000, 0x000001ec1c070000]
CodeHeap 'profiled nmethods': size=120000Kb used=12536Kb max_used=13041Kb free=107463Kb
 bounds [0x000001ec0d070000, 0x000001ec0dd30000, 0x000001ec145a0000]
CodeHeap 'non-nmethods': size=5760Kb used=2682Kb max_used=2757Kb free=3077Kb
 bounds [0x000001ec145a0000, 0x000001ec14870000, 0x000001ec14b40000]
CodeCache: size=245760Kb, used=19014Kb, max_used=19653Kb, free=226743Kb
 total_blobs=7613, nmethods=6672, adapters=844, full_count=0
Compilation: enabled, stopped_count=0, restarted_count=0

Compilation events (20 events):
Event: 42.804 Thread 0x000001ec21688120 7848       3       jdk.internal.util.ArraysSupport::utf16hashCode (40 bytes)
Event: 42.804 Thread 0x000001ec21688120 nmethod 7848 0x000001ec0d329390 code [0x000001ec0d329540, 0x000001ec0d329758]
Event: 42.806 Thread 0x000001ec21665ce0 nmethod 7843 0x000001ec14e1d390 code [0x000001ec14e1d540, 0x000001ec14e1d988]
Event: 42.806 Thread 0x000001ec21665ce0 7844       4       java.nio.ByteBuffer::position (8 bytes)
Event: 42.807 Thread 0x000001ec21665ce0 nmethod 7844 0x000001ec14ea5b10 code [0x000001ec14ea5ca0, 0x000001ec14ea5da0]
Event: 42.838 Thread 0x000001ec21688120 7849       3       org.gradle.tooling.internal.provider.runner.ClientBuildEventGenerator::finished (128 bytes)
Event: 42.838 Thread 0x000001ec21688120 nmethod 7849 0x000001ec0d5e4b10 code [0x000001ec0d5e4dc0, 0x000001ec0d5e5c18]
Event: 42.838 Thread 0x000001ec21688120 7850       3       org.gradle.tooling.internal.provider.runner.PluginApplicationTracker::finished (1 bytes)
Event: 42.838 Thread 0x000001ec21688120 nmethod 7850 0x000001ec0d406490 code [0x000001ec0d406620, 0x000001ec0d406728]
Event: 42.838 Thread 0x000001ec21688120 7852       3       org.gradle.tooling.internal.provider.runner.TaskOperationMapper$PostProcessors::finished (43 bytes)
Event: 42.839 Thread 0x000001ec21688120 nmethod 7852 0x000001ec0d1e1c90 code [0x000001ec0d1e1ea0, 0x000001ec0d1e2450]
Event: 42.839 Thread 0x000001ec21688120 7851       3       org.gradle.tooling.internal.provider.runner.TaskOriginTracker::finished (1 bytes)
Event: 42.839 Thread 0x000001ec21688120 nmethod 7851 0x000001ec0d40b910 code [0x000001ec0d40baa0, 0x000001ec0d40bba8]
Event: 42.853 Thread 0x000001ec21688120 7853       1       org.gradle.cache.internal.DefaultFileLockManager$DefaultFileLock::access$900 (5 bytes)
Event: 42.854 Thread 0x000001ec21688120 nmethod 7853 0x000001ec14b9fe10 code [0x000001ec14b9ffa0, 0x000001ec14ba0050]
Event: 42.854 Thread 0x000001ec21688120 7854       1       org.gradle.cache.internal.locklistener.FileLockPacketPayload::getType (5 bytes)
Event: 42.855 Thread 0x000001ec21688120 nmethod 7854 0x000001ec14ce9310 code [0x000001ec14ce94a0, 0x000001ec14ce9568]
Event: 42.855 Thread 0x000001ec21665ce0 7855       4       sun.net.util.URLUtil::urlNoFragString (143 bytes)
Event: 42.856 Thread 0x000001ec21688120 7856       2       java.net.URL::getDefaultPort (8 bytes)
Event: 42.856 Thread 0x000001ec21688120 nmethod 7856 0x000001ec0d77c990 code [0x000001ec0d77cb40, 0x000001ec0d77cc78]

GC Heap History (20 events):
Event: 21.370 GC heap before
{Heap before GC invocations=10 (full 0):
 garbage-first heap   total 81920K, used 45635K [0x0000000080000000, 0x0000000100000000)
  region size 1024K, 10 young (10240K), 2 survivors (2048K)
 Metaspace       used 41573K, committed 43008K, reserved 491520K
  class space    used 6084K, committed 6784K, reserved 425984K
}
Event: 21.372 GC heap after
{Heap after GC invocations=11 (full 0):
 garbage-first heap   total 81920K, used 38294K [0x0000000080000000, 0x0000000100000000)
  region size 1024K, 2 young (2048K), 2 survivors (2048K)
 Metaspace       used 41573K, committed 43008K, reserved 491520K
  class space    used 6084K, committed 6784K, reserved 425984K
}
Event: 24.657 GC heap before
{Heap before GC invocations=11 (full 0):
 garbage-first heap   total 81920K, used 74134K [0x0000000080000000, 0x0000000100000000)
  region size 1024K, 36 young (36864K), 2 survivors (2048K)
 Metaspace       used 45878K, committed 47552K, reserved 491520K
  class space    used 6683K, committed 7488K, reserved 425984K
}
Event: 24.659 GC heap after
{Heap after GC invocations=12 (full 0):
 garbage-first heap   total 81920K, used 38810K [0x0000000080000000, 0x0000000100000000)
  region size 1024K, 3 young (3072K), 3 survivors (3072K)
 Metaspace       used 45878K, committed 47552K, reserved 491520K
  class space    used 6683K, committed 7488K, reserved 425984K
}
Event: 28.317 GC heap before
{Heap before GC invocations=12 (full 0):
 garbage-first heap   total 81920K, used 73626K [0x0000000080000000, 0x0000000100000000)
  region size 1024K, 38 young (38912K), 3 survivors (3072K)
 Metaspace       used 49204K, committed 50944K, reserved 491520K
  class space    used 7223K, committed 8064K, reserved 425984K
}
Event: 28.321 GC heap after
{Heap after GC invocations=13 (full 0):
 garbage-first heap   total 81920K, used 41928K [0x0000000080000000, 0x0000000100000000)
  region size 1024K, 5 young (5120K), 5 survivors (5120K)
 Metaspace       used 49204K, committed 50944K, reserved 491520K
  class space    used 7223K, committed 8064K, reserved 425984K
}
Event: 30.216 GC heap before
{Heap before GC invocations=13 (full 0):
 garbage-first heap   total 81920K, used 68552K [0x0000000080000000, 0x0000000100000000)
  region size 1024K, 32 young (32768K), 5 survivors (5120K)
 Metaspace       used 51746K, committed 53568K, reserved 491520K
  class space    used 7660K, committed 8576K, reserved 425984K
}
Event: 30.219 GC heap after
{Heap after GC invocations=14 (full 0):
 garbage-first heap   total 81920K, used 42727K [0x0000000080000000, 0x0000000100000000)
  region size 1024K, 2 young (2048K), 2 survivors (2048K)
 Metaspace       used 51746K, committed 53568K, reserved 491520K
  class space    used 7660K, committed 8576K, reserved 425984K
}
Event: 32.986 GC heap before
{Heap before GC invocations=15 (full 0):
 garbage-first heap   total 86016K, used 84711K [0x0000000080000000, 0x0000000100000000)
  region size 1024K, 32 young (32768K), 2 survivors (2048K)
 Metaspace       used 55245K, committed 57152K, reserved 491520K
  class space    used 8138K, committed 9088K, reserved 425984K
}
Event: 32.991 GC heap after
{Heap after GC invocations=16 (full 0):
 garbage-first heap   total 91136K, used 57503K [0x0000000080000000, 0x0000000100000000)
  region size 1024K, 5 young (5120K), 5 survivors (5120K)
 Metaspace       used 55245K, committed 57152K, reserved 491520K
  class space    used 8138K, committed 9088K, reserved 425984K
}
Event: 34.819 GC heap before
{Heap before GC invocations=16 (full 0):
 garbage-first heap   total 91136K, used 83103K [0x0000000080000000, 0x0000000100000000)
  region size 1024K, 30 young (30720K), 5 survivors (5120K)
 Metaspace       used 57705K, committed 59520K, reserved 491520K
  class space    used 8487K, committed 9408K, reserved 425984K
}
Event: 34.822 GC heap after
{Heap after GC invocations=17 (full 0):
 garbage-first heap   total 91136K, used 57979K [0x0000000080000000, 0x0000000100000000)
  region size 1024K, 2 young (2048K), 2 survivors (2048K)
 Metaspace       used 57705K, committed 59520K, reserved 491520K
  class space    used 8487K, committed 9408K, reserved 425984K
}
Event: 37.408 GC heap before
{Heap before GC invocations=17 (full 0):
 garbage-first heap   total 91136K, used 83579K [0x0000000080000000, 0x0000000100000000)
  region size 1024K, 27 young (27648K), 2 survivors (2048K)
 Metaspace       used 60250K, committed 62144K, reserved 491520K
  class space    used 8806K, committed 9728K, reserved 425984K
}
Event: 37.411 GC heap after
{Heap after GC invocations=18 (full 0):
 garbage-first heap   total 91136K, used 59548K [0x0000000080000000, 0x0000000100000000)
  region size 1024K, 3 young (3072K), 3 survivors (3072K)
 Metaspace       used 60250K, committed 62144K, reserved 491520K
  class space    used 8806K, committed 9728K, reserved 425984K
}
Event: 38.413 GC heap before
{Heap before GC invocations=19 (full 0):
 garbage-first heap   total 101376K, used 83100K [0x0000000080000000, 0x0000000100000000)
  region size 1024K, 27 young (27648K), 3 survivors (3072K)
 Metaspace       used 62031K, committed 63936K, reserved 491520K
  class space    used 9047K, committed 9984K, reserved 425984K
}
Event: 38.417 GC heap after
{Heap after GC invocations=20 (full 0):
 garbage-first heap   total 101376K, used 60453K [0x0000000080000000, 0x0000000100000000)
  region size 1024K, 3 young (3072K), 3 survivors (3072K)
 Metaspace       used 62031K, committed 63936K, reserved 491520K
  class space    used 9047K, committed 9984K, reserved 425984K
}
Event: 40.206 GC heap before
{Heap before GC invocations=20 (full 0):
 garbage-first heap   total 101376K, used 92197K [0x0000000080000000, 0x0000000100000000)
  region size 1024K, 35 young (35840K), 3 survivors (3072K)
 Metaspace       used 63875K, committed 65664K, reserved 491520K
  class space    used 9284K, committed 10176K, reserved 425984K
}
Event: 40.209 GC heap after
{Heap after GC invocations=21 (full 0):
 garbage-first heap   total 101376K, used 61390K [0x0000000080000000, 0x0000000100000000)
  region size 1024K, 5 young (5120K), 5 survivors (5120K)
 Metaspace       used 63875K, committed 65664K, reserved 491520K
  class space    used 9284K, committed 10176K, reserved 425984K
}
Event: 42.103 GC heap before
{Heap before GC invocations=21 (full 0):
 garbage-first heap   total 101376K, used 92110K [0x0000000080000000, 0x0000000100000000)
  region size 1024K, 36 young (36864K), 5 survivors (5120K)
 Metaspace       used 67699K, committed 69632K, reserved 491520K
  class space    used 9770K, committed 10688K, reserved 425984K
}
Event: 42.109 GC heap after
{Heap after GC invocations=22 (full 0):
 garbage-first heap   total 102400K, used 64740K [0x0000000080000000, 0x0000000100000000)
  region size 1024K, 5 young (5120K), 5 survivors (5120K)
 Metaspace       used 67699K, committed 69632K, reserved 491520K
  class space    used 9770K, committed 10688K, reserved 425984K
}

Dll operation events (20 events):
Event: 0.173 Attempting to load shared library C:\Users\USER\.antigravity-ide\extensions\redhat.java-1.56.0-win32-x64\jre\21.0.12.1-win32-x86_64\bin\nio.dll
Event: 0.174 Loaded shared library C:\Users\USER\.antigravity-ide\extensions\redhat.java-1.56.0-win32-x64\jre\21.0.12.1-win32-x86_64\bin\nio.dll
Event: 0.178 Attempting to load shared library C:\Users\USER\.antigravity-ide\extensions\redhat.java-1.56.0-win32-x64\jre\21.0.12.1-win32-x86_64\bin\zip.dll
Event: 0.178 Loaded shared library C:\Users\USER\.antigravity-ide\extensions\redhat.java-1.56.0-win32-x64\jre\21.0.12.1-win32-x86_64\bin\zip.dll
Event: 0.429 Attempting to load shared library C:\Users\USER\.antigravity-ide\extensions\redhat.java-1.56.0-win32-x64\jre\21.0.12.1-win32-x86_64\bin\jimage.dll
Event: 0.429 Loaded shared library C:\Users\USER\.antigravity-ide\extensions\redhat.java-1.56.0-win32-x64\jre\21.0.12.1-win32-x86_64\bin\jimage.dll
Event: 0.507 Attempting to load shared library C:\Users\USER\.antigravity-ide\extensions\redhat.java-1.56.0-win32-x64\jre\21.0.12.1-win32-x86_64\bin\verify.dll
Event: 0.507 Loaded shared library C:\Users\USER\.antigravity-ide\extensions\redhat.java-1.56.0-win32-x64\jre\21.0.12.1-win32-x86_64\bin\verify.dll
Event: 0.774 Attempting to load shared library D:\gradle_cache\native\c067742578af261105cb4f569cf0c3c89f3d7b1fecec35dd04571415982c5e48\windows-amd64\native-platform.dll
Event: 0.775 Loaded shared library D:\gradle_cache\native\c067742578af261105cb4f569cf0c3c89f3d7b1fecec35dd04571415982c5e48\windows-amd64\native-platform.dll
Event: 0.823 Attempting to load shared library D:\gradle_cache\native\38dada09dfb8b06ba9b0570ebf7e218e3eb74d4ef43ca46872605cf95ebc2f47\windows-amd64\native-platform-file-events.dll
Event: 0.824 Loaded shared library D:\gradle_cache\native\38dada09dfb8b06ba9b0570ebf7e218e3eb74d4ef43ca46872605cf95ebc2f47\windows-amd64\native-platform-file-events.dll
Event: 2.053 Attempting to load shared library C:\Users\USER\.antigravity-ide\extensions\redhat.java-1.56.0-win32-x64\jre\21.0.12.1-win32-x86_64\bin\management.dll
Event: 2.053 Loaded shared library C:\Users\USER\.antigravity-ide\extensions\redhat.java-1.56.0-win32-x64\jre\21.0.12.1-win32-x86_64\bin\management.dll
Event: 2.056 Attempting to load shared library C:\Users\USER\.antigravity-ide\extensions\redhat.java-1.56.0-win32-x64\jre\21.0.12.1-win32-x86_64\bin\management_ext.dll
Event: 2.056 Loaded shared library C:\Users\USER\.antigravity-ide\extensions\redhat.java-1.56.0-win32-x64\jre\21.0.12.1-win32-x86_64\bin\management_ext.dll
Event: 2.378 Attempting to load shared library C:\Users\USER\.antigravity-ide\extensions\redhat.java-1.56.0-win32-x64\jre\21.0.12.1-win32-x86_64\bin\extnet.dll
Event: 2.378 Loaded shared library C:\Users\USER\.antigravity-ide\extensions\redhat.java-1.56.0-win32-x64\jre\21.0.12.1-win32-x86_64\bin\extnet.dll
Event: 2.653 Attempting to load shared library C:\Users\USER\.antigravity-ide\extensions\redhat.java-1.56.0-win32-x64\jre\21.0.12.1-win32-x86_64\bin\sunmscapi.dll
Event: 2.655 Loaded shared library C:\Users\USER\.antigravity-ide\extensions\redhat.java-1.56.0-win32-x64\jre\21.0.12.1-win32-x86_64\bin\sunmscapi.dll

Deoptimization events (20 events):
Event: 42.783 Thread 0x000001ec42a5e910 Uncommon trap: trap_request=0xffffff45 fr.pc=0x000001ec14ce9cf8 relative=0x00000000000002b8
Event: 42.783 Thread 0x000001ec42a5e910 Uncommon trap: reason=unstable_if action=reinterpret pc=0x000001ec14ce9cf8 method=java.lang.String.startsWith(Ljava/lang/String;I)Z @ 116 c2
Event: 42.783 Thread 0x000001ec42a5e910 DEOPT PACKING pc=0x000001ec14ce9cf8 sp=0x0000001cdd5f8310
Event: 42.783 Thread 0x000001ec42a5e910 DEOPT UNPACKING pc=0x000001ec145f4422 sp=0x0000001cdd5f8240 mode 2
Event: 42.783 Thread 0x000001ec42a5e910 Uncommon trap: trap_request=0xffffff45 fr.pc=0x000001ec14b9abb8 relative=0x0000000000000218
Event: 42.783 Thread 0x000001ec42a5e910 Uncommon trap: reason=unstable_if action=reinterpret pc=0x000001ec14b9abb8 method=java.lang.String.indexOf(Ljava/lang/String;)I @ 10 c2
Event: 42.783 Thread 0x000001ec42a5e910 DEOPT PACKING pc=0x000001ec14b9abb8 sp=0x0000001cdd5f8330
Event: 42.783 Thread 0x000001ec42a5e910 DEOPT UNPACKING pc=0x000001ec145f4422 sp=0x0000001cdd5f8268 mode 2
Event: 42.793 Thread 0x000001ec42a5e910 Uncommon trap: trap_request=0xffffff45 fr.pc=0x000001ec14eb8754 relative=0x0000000000000314
Event: 42.793 Thread 0x000001ec42a5e910 Uncommon trap: reason=unstable_if action=reinterpret pc=0x000001ec14eb8754 method=java.lang.String.startsWith(Ljava/lang/String;I)Z @ 116 c2
Event: 42.793 Thread 0x000001ec42a5e910 DEOPT PACKING pc=0x000001ec14eb8754 sp=0x0000001cdd5f82d0
Event: 42.793 Thread 0x000001ec42a5e910 DEOPT UNPACKING pc=0x000001ec145f4422 sp=0x0000001cdd5f8258 mode 2
Event: 42.800 Thread 0x000001ec42a5e910 Uncommon trap: trap_request=0xffffff45 fr.pc=0x000001ec14d8fd44 relative=0x0000000000001184
Event: 42.800 Thread 0x000001ec42a5e910 Uncommon trap: reason=unstable_if action=reinterpret pc=0x000001ec14d8fd44 method=java.util.concurrent.ConcurrentHashMap.putVal(Ljava/lang/Object;Ljava/lang/Object;Z)Ljava/lang/Object; @ 401 c2
Event: 42.800 Thread 0x000001ec42a5e910 DEOPT PACKING pc=0x000001ec14d8fd44 sp=0x0000001cdd5f8270
Event: 42.800 Thread 0x000001ec42a5e910 DEOPT UNPACKING pc=0x000001ec145f4422 sp=0x0000001cdd5f8210 mode 2
Event: 42.803 Thread 0x000001ec42a5e910 Uncommon trap: trap_request=0xffffff45 fr.pc=0x000001ec14c1685c relative=0x000000000000151c
Event: 42.803 Thread 0x000001ec42a5e910 Uncommon trap: reason=unstable_if action=reinterpret pc=0x000001ec14c1685c method=java.util.concurrent.ConcurrentHashMap.transfer([Ljava/util/concurrent/ConcurrentHashMap$Node;[Ljava/util/concurrent/ConcurrentHashMap$Node;)V @ 352 c2
Event: 42.803 Thread 0x000001ec42a5e910 DEOPT PACKING pc=0x000001ec14c1685c sp=0x0000001cdd5f8120
Event: 42.803 Thread 0x000001ec42a5e910 DEOPT UNPACKING pc=0x000001ec145f4422 sp=0x0000001cdd5f8088 mode 2

Classes loaded (20 events):
Event: 42.434 Loading class javax/net/ssl/SSLParameters
Event: 42.435 Loading class javax/net/ssl/SSLParameters done
Event: 42.435 Loading class sun/security/ssl/SSLConfiguration$1
Event: 42.435 Loading class sun/security/ssl/SSLConfiguration$1 done
Event: 42.442 Loading class javax/net/ssl/SSLHandshakeException
Event: 42.442 Loading class javax/net/ssl/SSLHandshakeException done
Event: 42.531 Loading class java/net/ProxySelector
Event: 42.531 Loading class java/net/ProxySelector done
Event: 42.531 Loading class sun/net/spi/DefaultProxySelector
Event: 42.531 Loading class sun/net/spi/DefaultProxySelector done
Event: 42.531 Loading class java/net/Proxy
Event: 42.531 Loading class java/net/Proxy done
Event: 42.531 Loading class java/net/Proxy$Type
Event: 42.531 Loading class java/net/Proxy$Type done
Event: 42.532 Loading class sun/net/spi/DefaultProxySelector$1
Event: 42.532 Loading class sun/net/spi/DefaultProxySelector$1 done
Event: 42.800 Loading class java/util/concurrent/ConcurrentHashMap$TreeNode
Event: 42.800 Loading class java/util/concurrent/ConcurrentHashMap$TreeNode done
Event: 42.800 Loading class java/util/concurrent/ConcurrentHashMap$TreeBin
Event: 42.801 Loading class java/util/concurrent/ConcurrentHashMap$TreeBin done

Classes unloaded (0 events):
No events

Classes redefined (0 events):
No events

Internal exceptions (20 events):
Event: 38.843 Thread 0x000001ec42a5e910 Exception <a 'java/lang/ClassNotFoundException'{0x0000000088db8410}: sun/misc/SharedSecrets> (0x0000000088db8410) 
thrown [s\src\hotspot\share\classfile\systemDictionary.cpp, line 313]
Event: 38.844 Thread 0x000001ec42a5e910 Exception <a 'java/lang/ClassNotFoundException'{0x0000000088dbe908}: org/jetbrains/kotlin/gradle/targets/js/npm/DefaultNpmDependencyExtensionBeanInfo> (0x0000000088dbe908) 
thrown [s\src\hotspot\share\classfile\systemDictionary.cpp, line 313]
Event: 38.844 Thread 0x000001ec42a5e910 Exception <a 'java/lang/ClassNotFoundException'{0x0000000088dcd718}: org/jetbrains/kotlin/gradle/targets/js/npm/DefaultNpmDependencyExtensionCustomizer> (0x0000000088dcd718) 
thrown [s\src\hotspot\share\classfile\systemDictionary.cpp, line 313]
Event: 38.851 Thread 0x000001ec42a5e910 Exception <a 'java/lang/ClassNotFoundException'{0x0000000088c75230}: org/jetbrains/kotlin/gradle/targets/js/npm/NpmDependencyExtensionKt$defaultNpmDependencyDelegate$1BeanInfo> (0x0000000088c75230) 
thrown [s\src\hotspot\share\classfile\systemDictionary.cpp, line 313]
Event: 38.852 Thread 0x000001ec42a5e910 Exception <a 'java/lang/ClassNotFoundException'{0x0000000088c84338}: org/jetbrains/kotlin/gradle/targets/js/npm/NpmDependencyExtensionDelegateBeanInfo> (0x0000000088c84338) 
thrown [s\src\hotspot\share\classfile\systemDictionary.cpp, line 313]
Event: 38.852 Thread 0x000001ec42a5e910 Exception <a 'java/lang/ClassNotFoundException'{0x0000000088c93158}: org/jetbrains/kotlin/gradle/targets/js/npm/NpmDependencyExtensionDelegateCustomizer> (0x0000000088c93158) 
thrown [s\src\hotspot\share\classfile\systemDictionary.cpp, line 313]
Event: 38.855 Thread 0x000001ec42a5e910 Exception <a 'java/lang/ClassNotFoundException'{0x0000000088cceb38}: org/jetbrains/kotlin/gradle/targets/js/npm/NpmDependencyExtensionKt$defaultNpmDependencyDelegate$1Customizer> (0x0000000088cceb38) 
thrown [s\src\hotspot\share\classfile\systemDictionary.cpp, line 313]
Event: 38.859 Thread 0x000001ec42a5e910 Exception <a 'java/lang/ClassNotFoundException'{0x0000000088b19dd8}: org/jetbrains/kotlin/gradle/targets/js/npm/DefaultDevNpmDependencyExtensionBeanInfo> (0x0000000088b19dd8) 
thrown [s\src\hotspot\share\classfile\systemDictionary.cpp, line 313]
Event: 38.859 Thread 0x000001ec42a5e910 Exception <a 'java/lang/ClassNotFoundException'{0x0000000088b28c00}: org/jetbrains/kotlin/gradle/targets/js/npm/DefaultDevNpmDependencyExtensionCustomizer> (0x0000000088b28c00) 
thrown [s\src\hotspot\share\classfile\systemDictionary.cpp, line 313]
Event: 38.863 Thread 0x000001ec42a5e910 Exception <a 'java/lang/ClassNotFoundException'{0x0000000088b7eba0}: org/jetbrains/kotlin/gradle/targets/js/npm/DefaultPeerNpmDependencyExtensionBeanInfo> (0x0000000088b7eba0) 
thrown [s\src\hotspot\share\classfile\systemDictionary.cpp, line 313]
Event: 38.863 Thread 0x000001ec42a5e910 Exception <a 'java/lang/ClassNotFoundException'{0x0000000088b8d9d0}: org/jetbrains/kotlin/gradle/targets/js/npm/DefaultPeerNpmDependencyExtensionCustomizer> (0x0000000088b8d9d0) 
thrown [s\src\hotspot\share\classfile\systemDictionary.cpp, line 313]
Event: 38.867 Thread 0x000001ec42a5e910 Exception <a 'java/lang/ClassNotFoundException'{0x0000000088bf0c08}: org/jetbrains/kotlin/gradle/targets/js/npm/DefaultPeerNpmDependencyExtension$delegate$1BeanInfo> (0x0000000088bf0c08) 
thrown [s\src\hotspot\share\classfile\systemDictionary.cpp, line 313]
Event: 38.868 Thread 0x000001ec42a5e910 Exception <a 'java/lang/ClassNotFoundException'{0x0000000088bffd88}: org/jetbrains/kotlin/gradle/targets/js/npm/DefaultPeerNpmDependencyExtension$delegate$1Customizer> (0x0000000088bffd88) 
thrown [s\src\hotspot\share\classfile\systemDictionary.cpp, line 313]
Event: 38.894 Thread 0x000001ec42a5e910 Exception <a 'java/lang/NoSuchMethodError'{0x0000000088947438}: static Lorg/jetbrains/kotlin/gradle/plugin/internal/DefaultIdeaSyncDetector$createIdeaPropertiesEvaluator$1;.<clinit>()V> (0x0000000088947438) 
thrown [s\src\hotspot\share\prims\jni.cpp, line 1111]
Event: 41.253 Thread 0x000001ec42a5e910 Implicit null exception at 0x000001ec14e434e0 to 0x000001ec14e439d8
Event: 41.253 Thread 0x000001ec42a5e910 Implicit null exception at 0x000001ec14e427e0 to 0x000001ec14e42ccc
Event: 41.264 Thread 0x000001ec42a5e910 Exception <a 'java/lang/NoSuchMethodError'{0x00000000850aefa8}: 'void java.lang.invoke.DirectMethodHandle$Holder.invokeInterface(java.lang.Object, java.lang.Object, java.lang.Object, java.lang.Object)'> (0x00000000850aefa8) 
thrown [s\src\hotspot\share\interpreter\linkResolver.cpp, line 773]
Event: 41.642 Thread 0x000001ec42a5e910 Exception <a 'sun/nio/fs/WindowsException'{0x00000000847c4b30}> (0x00000000847c4b30) 
thrown [s\src\hotspot\share\prims\jni.cpp, line 520]
Event: 41.997 Thread 0x000001ec42a5e910 Exception <a 'java/lang/NoSuchMethodError'{0x00000000840d02d8}: 'void java.lang.invoke.DirectMethodHandle$Holder.invokeVirtual(java.lang.Object, java.lang.Object)'> (0x00000000840d02d8) 
thrown [s\src\hotspot\share\interpreter\linkResolver.cpp, line 773]
Event: 42.837 Thread 0x000001ec42a5e910 Exception <a 'java/lang/OutOfMemoryError'{0x0000000088b2a4e8}> (0x0000000088b2a4e8) 
thrown [s\src\hotspot\share\prims\jni.cpp, line 539]

ZGC Phase Switch (0 events):
No events

VM Operations (20 events):
Event: 41.648 Executing non-safepoint VM operation: HandshakeAllThreads (Deoptimize)
Event: 41.648 Executing non-safepoint VM operation: HandshakeAllThreads (Deoptimize) done
Event: 41.919 Executing non-safepoint VM operation: HandshakeAllThreads (Deoptimize)
Event: 41.919 Executing non-safepoint VM operation: HandshakeAllThreads (Deoptimize) done
Event: 41.920 Executing non-safepoint VM operation: HandshakeAllThreads (Deoptimize)
Event: 41.920 Executing non-safepoint VM operation: HandshakeAllThreads (Deoptimize) done
Event: 41.989 Executing non-safepoint VM operation: HandshakeAllThreads (Deoptimize)
Event: 41.989 Executing non-safepoint VM operation: HandshakeAllThreads (Deoptimize) done
Event: 42.079 Executing safepoint VM operation: G1CollectForAllocation (G1 Evacuation Pause)
Event: 42.109 Executing safepoint VM operation: G1CollectForAllocation (G1 Evacuation Pause) done
Event: 42.152 Executing safepoint VM operation: G1PauseRemark
Event: 42.156 Executing safepoint VM operation: G1PauseRemark done
Event: 42.170 Executing safepoint VM operation: G1PauseCleanup
Event: 42.170 Executing safepoint VM operation: G1PauseCleanup done
Event: 42.338 Executing non-safepoint VM operation: HandshakeAllThreads (Deoptimize)
Event: 42.338 Executing non-safepoint VM operation: HandshakeAllThreads (Deoptimize) done
Event: 42.382 Executing non-safepoint VM operation: HandshakeAllThreads (Deoptimize)
Event: 42.382 Executing non-safepoint VM operation: HandshakeAllThreads (Deoptimize) done
Event: 42.840 Executing non-safepoint VM operation: HandshakeAllThreads (Deoptimize)
Event: 42.840 Executing non-safepoint VM operation: HandshakeAllThreads (Deoptimize) done

Memory protections (0 events):
No events

Nmethod flushes (20 events):
Event: 42.155 Thread 0x000001ec2163e880 flushing  nmethod 0x000001ec0d4d4990
Event: 42.155 Thread 0x000001ec2163e880 flushing  nmethod 0x000001ec0d584110
Event: 42.155 Thread 0x000001ec2163e880 flushing  nmethod 0x000001ec0d5d7a10
Event: 42.155 Thread 0x000001ec2163e880 flushing  nmethod 0x000001ec0d5df710
Event: 42.155 Thread 0x000001ec2163e880 flushing  nmethod 0x000001ec0d60aa10
Event: 42.155 Thread 0x000001ec2163e880 flushing  nmethod 0x000001ec0d60af10
Event: 42.155 Thread 0x000001ec2163e880 flushing  nmethod 0x000001ec0d60c610
Event: 42.155 Thread 0x000001ec2163e880 flushing  nmethod 0x000001ec0d60cc10
Event: 42.155 Thread 0x000001ec2163e880 flushing  nmethod 0x000001ec0d60d190
Event: 42.155 Thread 0x000001ec2163e880 flushing  nmethod 0x000001ec0d64fa10
Event: 42.155 Thread 0x000001ec2163e880 flushing  nmethod 0x000001ec0d67a690
Event: 42.155 Thread 0x000001ec2163e880 flushing  nmethod 0x000001ec0d6ee410
Event: 42.155 Thread 0x000001ec2163e880 flushing  nmethod 0x000001ec0d734f90
Event: 42.155 Thread 0x000001ec2163e880 flushing  nmethod 0x000001ec0d736910
Event: 42.155 Thread 0x000001ec2163e880 flushing  nmethod 0x000001ec0d8e3b90
Event: 42.155 Thread 0x000001ec2163e880 flushing  nmethod 0x000001ec0d95c610
Event: 42.155 Thread 0x000001ec2163e880 flushing  nmethod 0x000001ec0d95cb10
Event: 42.155 Thread 0x000001ec2163e880 flushing  nmethod 0x000001ec0d95d190
Event: 42.155 Thread 0x000001ec2163e880 flushing  nmethod 0x000001ec0d95dd90
Event: 42.155 Thread 0x000001ec2163e880 flushing  nmethod 0x000001ec0d95e510

Events (20 events):
Event: 26.870 Thread 0x000001ec42a5e910 Thread added: 0x000001ec4304c000
Event: 26.870 Thread 0x000001ec42a5e910 Thread added: 0x000001ec4304a5c0
Event: 26.870 Thread 0x000001ec42a5e910 Thread added: 0x000001ec4304c690
Event: 27.670 Thread 0x000001ec42a5e910 Thread added: 0x000001ec44147d70
Event: 27.672 Thread 0x000001ec42a5e910 Thread added: 0x000001ec44145ca0
Event: 27.674 Thread 0x000001ec42a5e910 Thread added: 0x000001ec44146330
Event: 27.677 Thread 0x000001ec42a5e910 Thread added: 0x000001ec441476e0
Event: 27.680 Thread 0x000001ec42a5e910 Thread added: 0x000001ec44144f80
Event: 27.682 Thread 0x000001ec42a5e910 Thread added: 0x000001ec441469c0
Event: 27.686 Thread 0x000001ec42a5e910 Thread added: 0x000001ec44147050
Event: 28.339 Thread 0x000001ec21688120 Thread added: 0x000001ec43170620
Event: 28.451 Thread 0x000001ec42a5e910 Thread added: 0x000001ec44148a90
Event: 28.720 Thread 0x000001ec43170620 Thread exited: 0x000001ec43170620
Event: 31.306 Thread 0x000001ec21688120 Thread added: 0x000001ec431713c0
Event: 31.665 Thread 0x000001ec431713c0 Thread exited: 0x000001ec431713c0
Event: 31.734 Thread 0x000001ec42a5e910 Thread added: 0x000001ec44149e40
Event: 33.008 Thread 0x000001ec21665ce0 Thread added: 0x000001ec431713c0
Event: 33.846 Thread 0x000001ec431713c0 Thread exited: 0x000001ec431713c0
Event: 41.962 Thread 0x000001ec21688120 Thread added: 0x000001ec43170620
Event: 42.119 Thread 0x000001ec43170620 Thread exited: 0x000001ec43170620


Dynamic libraries:
0x00007ff734990000 - 0x00007ff73499e000 	C:\Users\USER\.antigravity-ide\extensions\redhat.java-1.56.0-win32-x64\jre\21.0.12.1-win32-x86_64\bin\java.exe
0x00007fffe6d60000 - 0x00007fffe6fc7000 	C:\WINDOWS\SYSTEM32\ntdll.dll
0x00007fffe5f10000 - 0x00007fffe5fd9000 	C:\WINDOWS\System32\KERNEL32.DLL
0x00007fffe4380000 - 0x00007fffe4777000 	C:\WINDOWS\System32\KERNELBASE.dll
0x00007fffe4230000 - 0x00007fffe437b000 	C:\WINDOWS\System32\ucrtbase.dll
0x00007fffba3e0000 - 0x00007fffba3f8000 	C:\Users\USER\.antigravity-ide\extensions\redhat.java-1.56.0-win32-x64\jre\21.0.12.1-win32-x86_64\bin\jli.dll
0x00007fffe4ae0000 - 0x00007fffe4ca6000 	C:\WINDOWS\System32\USER32.dll
0x00007fffe4090000 - 0x00007fffe40b7000 	C:\WINDOWS\System32\win32u.dll
0x00007fffe6760000 - 0x00007fffe678b000 	C:\WINDOWS\System32\GDI32.dll
0x00007fffe4780000 - 0x00007fffe48ac000 	C:\WINDOWS\System32\gdi32full.dll
0x00007fffe40c0000 - 0x00007fffe4163000 	C:\WINDOWS\System32\msvcp_win.dll
0x00007fffce020000 - 0x00007fffce03e000 	C:\Users\USER\.antigravity-ide\extensions\redhat.java-1.56.0-win32-x64\jre\21.0.12.1-win32-x86_64\bin\VCRUNTIME140.dll
0x00007fffcea00000 - 0x00007fffcec92000 	C:\WINDOWS\WinSxS\amd64_microsoft.windows.common-controls_6595b64144ccf1df_6.0.26100.8457_none_3e0b2faee331e92d\COMCTL32.dll
0x00007fffe5040000 - 0x00007fffe50e9000 	C:\WINDOWS\System32\msvcrt.dll
0x00007fffe50f0000 - 0x00007fffe5122000 	C:\WINDOWS\System32\IMM32.DLL
0x00007fffd5960000 - 0x00007fffd596c000 	C:\Users\USER\.antigravity-ide\extensions\redhat.java-1.56.0-win32-x64\jre\21.0.12.1-win32-x86_64\bin\vcruntime140_1.dll
0x00007fff822e0000 - 0x00007fff8236d000 	C:\Users\USER\.antigravity-ide\extensions\redhat.java-1.56.0-win32-x64\jre\21.0.12.1-win32-x86_64\bin\msvcp140.dll
0x00007fff3ea70000 - 0x00007fff3f812000 	C:\Users\USER\.antigravity-ide\extensions\redhat.java-1.56.0-win32-x64\jre\21.0.12.1-win32-x86_64\bin\server\jvm.dll
0x00007fffe4f00000 - 0x00007fffe4fb6000 	C:\WINDOWS\System32\ADVAPI32.dll
0x00007fffe6b10000 - 0x00007fffe6bb7000 	C:\WINDOWS\System32\sechost.dll
0x00007fffe4de0000 - 0x00007fffe4ef8000 	C:\WINDOWS\System32\RPCRT4.dll
0x00007fffe6a70000 - 0x00007fffe6af0000 	C:\WINDOWS\System32\WS2_32.dll
0x00007fffe35f0000 - 0x00007fffe364e000 	C:\WINDOWS\SYSTEM32\POWRPROF.dll
0x00007fffceca0000 - 0x00007fffcecd6000 	C:\WINDOWS\SYSTEM32\WINMM.dll
0x00007fffd8260000 - 0x00007fffd826b000 	C:\WINDOWS\SYSTEM32\VERSION.dll
0x00007fffe35d0000 - 0x00007fffe35e4000 	C:\WINDOWS\SYSTEM32\UMPDC.dll
0x00007fffe24e0000 - 0x00007fffe24fb000 	C:\WINDOWS\SYSTEM32\kernel.appcore.dll
0x00007fffd5aa0000 - 0x00007fffd5aaa000 	C:\Users\USER\.antigravity-ide\extensions\redhat.java-1.56.0-win32-x64\jre\21.0.12.1-win32-x86_64\bin\jimage.dll
0x00007fffced00000 - 0x00007fffcef42000 	C:\WINDOWS\SYSTEM32\DBGHELP.DLL
0x00007fffe52d0000 - 0x00007fffe5653000 	C:\WINDOWS\System32\combase.dll
0x00007fffe5e30000 - 0x00007fffe5f09000 	C:\WINDOWS\System32\OLEAUT32.dll
0x00007fffd3060000 - 0x00007fffd309b000 	C:\WINDOWS\SYSTEM32\dbgcore.DLL
0x00007fffe4a30000 - 0x00007fffe4ad8000 	C:\WINDOWS\System32\bcryptPrimitives.dll
0x00007fffd4f30000 - 0x00007fffd4f3f000 	C:\Users\USER\.antigravity-ide\extensions\redhat.java-1.56.0-win32-x64\jre\21.0.12.1-win32-x86_64\bin\instrument.dll
0x00007fffb9a60000 - 0x00007fffb9a80000 	C:\Users\USER\.antigravity-ide\extensions\redhat.java-1.56.0-win32-x64\jre\21.0.12.1-win32-x86_64\bin\java.dll
0x00007fffe5fe0000 - 0x00007fffe674e000 	C:\WINDOWS\System32\SHELL32.dll
0x00007fffe3820000 - 0x00007fffe408c000 	C:\WINDOWS\System32\windows.storage.dll
0x00007fffe6c20000 - 0x00007fffe6d16000 	C:\WINDOWS\System32\SHCORE.dll
0x00007fffe4d40000 - 0x00007fffe4da6000 	C:\WINDOWS\System32\shlwapi.dll
0x00007fffe36b0000 - 0x00007fffe36d9000 	C:\WINDOWS\SYSTEM32\profapi.dll
0x00007fffb8c70000 - 0x00007fffb8c88000 	C:\Users\USER\.antigravity-ide\extensions\redhat.java-1.56.0-win32-x64\jre\21.0.12.1-win32-x86_64\bin\zip.dll
0x00007fffd1fe0000 - 0x00007fffd1ff0000 	C:\Users\USER\.antigravity-ide\extensions\redhat.java-1.56.0-win32-x64\jre\21.0.12.1-win32-x86_64\bin\net.dll
0x00007fffddc80000 - 0x00007fffddda9000 	C:\WINDOWS\SYSTEM32\WINHTTP.dll
0x00007fffe2a30000 - 0x00007fffe2a9c000 	C:\WINDOWS\system32\mswsock.dll
0x00007fffae0b0000 - 0x00007fffae0c6000 	C:\Users\USER\.antigravity-ide\extensions\redhat.java-1.56.0-win32-x64\jre\21.0.12.1-win32-x86_64\bin\nio.dll
0x00007fffd2060000 - 0x00007fffd2070000 	C:\Users\USER\.antigravity-ide\extensions\redhat.java-1.56.0-win32-x64\jre\21.0.12.1-win32-x86_64\bin\verify.dll
0x00007fffb23b0000 - 0x00007fffb23d7000 	D:\gradle_cache\native\c067742578af261105cb4f569cf0c3c89f3d7b1fecec35dd04571415982c5e48\windows-amd64\native-platform.dll
0x00007fff59970000 - 0x00007fff59ab4000 	D:\gradle_cache\native\38dada09dfb8b06ba9b0570ebf7e218e3eb74d4ef43ca46872605cf95ebc2f47\windows-amd64\native-platform-file-events.dll
0x00007fffdf150000 - 0x00007fffdf15a000 	C:\Users\USER\.antigravity-ide\extensions\redhat.java-1.56.0-win32-x64\jre\21.0.12.1-win32-x86_64\bin\management.dll
0x00007fffd54b0000 - 0x00007fffd54bc000 	C:\Users\USER\.antigravity-ide\extensions\redhat.java-1.56.0-win32-x64\jre\21.0.12.1-win32-x86_64\bin\management_ext.dll
0x00007fffe6b00000 - 0x00007fffe6b08000 	C:\WINDOWS\System32\PSAPI.DLL
0x00007fffe2e30000 - 0x00007fffe2e4b000 	C:\WINDOWS\SYSTEM32\CRYPTSP.dll
0x00007fffe2440000 - 0x00007fffe2479000 	C:\WINDOWS\system32\rsaenh.dll
0x00007fffe2ae0000 - 0x00007fffe2b13000 	C:\WINDOWS\SYSTEM32\USERENV.dll
0x00007fffe3680000 - 0x00007fffe36aa000 	C:\WINDOWS\SYSTEM32\bcrypt.dll
0x00007fffe2c90000 - 0x00007fffe2c9c000 	C:\WINDOWS\SYSTEM32\CRYPTBASE.dll
0x00007fffe1ed0000 - 0x00007fffe1f02000 	C:\WINDOWS\SYSTEM32\IPHLPAPI.DLL
0x00007fffe6bc0000 - 0x00007fffe6bca000 	C:\WINDOWS\System32\NSI.dll
0x00007fffd54a0000 - 0x00007fffd54a9000 	C:\Users\USER\.antigravity-ide\extensions\redhat.java-1.56.0-win32-x64\jre\21.0.12.1-win32-x86_64\bin\extnet.dll
0x00007fffd2080000 - 0x00007fffd208e000 	C:\Users\USER\.antigravity-ide\extensions\redhat.java-1.56.0-win32-x64\jre\21.0.12.1-win32-x86_64\bin\sunmscapi.dll
0x00007fffe48b0000 - 0x00007fffe4a28000 	C:\WINDOWS\System32\CRYPT32.dll
0x00007fffe2f90000 - 0x00007fffe2fc0000 	C:\WINDOWS\SYSTEM32\ncrypt.dll
0x00007fffe2f40000 - 0x00007fffe2f7f000 	C:\WINDOWS\SYSTEM32\NTASN1.dll
0x00007fffd5f40000 - 0x00007fffd5f48000 	C:\WINDOWS\system32\wshunix.dll
0x00007fff8ed10000 - 0x00007fff8ed28000 	C:\WINDOWS\system32\napinsp.dll
0x00007fffe1f10000 - 0x00007fffe2042000 	C:\WINDOWS\SYSTEM32\DNSAPI.dll
0x00007fffbdee0000 - 0x00007fffbdef3000 	C:\WINDOWS\System32\winrnr.dll
0x00007fff80940000 - 0x00007fff80962000 	C:\WINDOWS\system32\nlansp_c.dll
0x00007fffb9fd0000 - 0x00007fffb9fe6000 	C:\WINDOWS\system32\wshbth.dll
0x00007fffd2af0000 - 0x00007fffd2afb000 	C:\Windows\System32\rasadhlp.dll
0x00007fffdbbb0000 - 0x00007fffdbc36000 	C:\WINDOWS\System32\fwpuclnt.dll

JVMTI agents:
D:\gradle_cache\wrapper\dists\gradle-8.7-bin\bhs2wmbdwecv87pi65oeuq5iu\gradle-8.7\lib\agents\gradle-instrumentation-agent-8.7.jar path:C:\Users\USER\.antigravity-ide\extensions\redhat.java-1.56.0-win32-x64\jre\21.0.12.1-win32-x86_64\bin\instrument.dll, loaded, initialized, instrumentlib options:none

dbghelp: loaded successfully - version: 4.0.5 - missing functions: none
symbol engine: initialized successfully - sym options: 0x614 - pdb path: .;C:\Users\USER\.antigravity-ide\extensions\redhat.java-1.56.0-win32-x64\jre\21.0.12.1-win32-x86_64\bin;C:\WINDOWS\SYSTEM32;C:\WINDOWS\WinSxS\amd64_microsoft.windows.common-controls_6595b64144ccf1df_6.0.26100.8457_none_3e0b2faee331e92d;C:\Users\USER\.antigravity-ide\extensions\redhat.java-1.56.0-win32-x64\jre\21.0.12.1-win32-x86_64\bin\server;D:\gradle_cache\native\c067742578af261105cb4f569cf0c3c89f3d7b1fecec35dd04571415982c5e48\windows-amd64;D:\gradle_cache\native\38dada09dfb8b06ba9b0570ebf7e218e3eb74d4ef43ca46872605cf95ebc2f47\windows-amd64

VM Arguments:
jvm_args: -XX:MaxMetaspaceSize=512m --add-opens=java.base/java.util=ALL-UNNAMED --add-opens=java.base/java.lang=ALL-UNNAMED --add-opens=java.base/java.lang.invoke=ALL-UNNAMED --add-opens=java.prefs/java.util.prefs=ALL-UNNAMED --add-opens=java.base/java.nio.charset=ALL-UNNAMED --add-opens=java.base/java.net=ALL-UNNAMED --add-opens=java.base/java.util.concurrent.atomic=ALL-UNNAMED -Xmx2048m -Dfile.encoding=utf8 -Duser.country=US -Duser.language=en -Duser.variant -javaagent:D:\gradle_cache\wrapper\dists\gradle-8.7-bin\bhs2wmbdwecv87pi65oeuq5iu\gradle-8.7\lib\agents\gradle-instrumentation-agent-8.7.jar 
java_command: org.gradle.launcher.daemon.bootstrap.GradleDaemon 8.7
java_class_path (initial): D:\gradle_cache\wrapper\dists\gradle-8.7-bin\bhs2wmbdwecv87pi65oeuq5iu\gradle-8.7\lib\gradle-launcher-8.7.jar
Launcher Type: SUN_STANDARD

[Global flags]
     intx CICompilerCount                          = 4                                         {product} {ergonomic}
   size_t CompressedClassSpaceSize                 = 436207616                                 {product} {ergonomic}
     uint ConcGCThreads                            = 2                                         {product} {ergonomic}
     uint G1ConcRefinementThreads                  = 8                                         {product} {ergonomic}
   size_t G1HeapRegionSize                         = 1048576                                   {product} {ergonomic}
    uintx GCDrainStackTargetSize                   = 64                                        {product} {ergonomic}
   size_t InitialHeapSize                          = 266338304                                 {product} {ergonomic}
   size_t MarkStackSize                            = 4194304                                   {product} {ergonomic}
   size_t MaxHeapSize                              = 2147483648                                {product} {command line}
   size_t MaxMetaspaceSize                         = 536870912                                 {product} {command line}
   size_t MaxNewSize                               = 1287651328                                {product} {ergonomic}
   size_t MinHeapDeltaBytes                        = 1048576                                   {product} {ergonomic}
   size_t MinHeapSize                              = 8388608                                   {product} {ergonomic}
    uintx NonNMethodCodeHeapSize                   = 5839372                                {pd product} {ergonomic}
    uintx NonProfiledCodeHeapSize                  = 122909434                              {pd product} {ergonomic}
    uintx ProfiledCodeHeapSize                     = 122909434                              {pd product} {ergonomic}
    uintx ReservedCodeCacheSize                    = 251658240                              {pd product} {ergonomic}
     bool SegmentedCodeCache                       = true                                      {product} {ergonomic}
   size_t SoftMaxHeapSize                          = 2147483648                             {manageable} {ergonomic}
     bool UseCompressedOops                        = true                           {product lp64_product} {ergonomic}
     bool UseG1GC                                  = true                                      {product} {ergonomic}
     bool UseLargePagesIndividualAllocation        = false                                  {pd product} {ergonomic}

Logging:
Log output configuration:
 #0: stdout all=warning uptime,level,tags foldmultilines=false
 #1: stderr all=off uptime,level,tags foldmultilines=false

Release file:
JAVA_VERSION="21.0.12.1" 
MODULES="java.base java.compiler java.datatransfer java.xml java.prefs java.desktop java.instrument java.logging java.management java.security.sasl java.naming java.rmi java.management.rmi java.net.http java.scripting java.security.jgss java.transaction.xa java.sql java.sql.rowset java.xml.crypto java.se java.smartcardio jdk.accessibility jdk.internal.jvmstat jdk.attach jdk.charsets jdk.internal.opt jdk.zipfs jdk.compiler jdk.crypto.ec jdk.crypto.cryptoki jdk.crypto.mscapi jdk.dynalink jdk.internal.ed jdk.editpad jdk.hotspot.agent jdk.httpserver jdk.internal.le jdk.internal.vm.ci jdk.internal.vm.compiler jdk.internal.vm.compiler.management jdk.jartool jdk.javadoc jdk.jcmd jdk.management jdk.management.agent jdk.jconsole jdk.jdeps jdk.jdwp.agent jdk.jdi jdk.jfr jdk.jshell jdk.jsobject jdk.jstatd jdk.localedata jdk.management.jfr jdk.naming.dns jdk.naming.rmi jdk.net jdk.nio.mapmode jdk.random jdk.sctp jdk.security.auth jdk.security.jgss jdk.unsupported jdk.unsupported.desktop jdk.xml.dom" 

Environment Variables:
PATH=C:\Program Files\Common Files\Oracle\Java\javapath;C:\Program Files (x86)\Common Files\Intel\Shared Libraries\redist\intel64\compiler;C:\WINDOWS\system32;C:\WINDOWS;C:\WINDOWS\System32\Wbem;C:\WINDOWS\System32\WindowsPowerShell\v1.0\;C:\WINDOWS\System32\OpenSSH\;C:\ProgramData\chocolatey\bin;C:\Program Files\Git\cmd;C:\Users\USER\AppData\Roaming\nvm;C:\Program Files\nodejs;C:\Program Files\nodejs\;D:\flutter\bin;C:\Users\USER\AppData\Local\Android\Sdk\platform-tools;D:\Java;C:\Users\USER\AppData\Local\Android\Sdk\tools\bin;C:\Users\USER\AppData\Local\Microsoft\WindowsApps;C:\Users\USER\AppData\Local\Programs\Microsoft VS Code\bin;C:\Program Files\Git\bin;C:\Program Files\Git\cmd;C:\Users\USER\AppData\Roaming\nvm;C:\Program Files\nodejs;C:\Users\USER\AppData\Roaming\npm;C:\Users\USER\AppData\Local\Pub\Cache\bin;C:\Program Files\Android\Android Studio\bin;D:\flutter\bin;C:\Users\USER\AppData\Local\Android\Sdk\platform-tools;D:\cursor\resources\app\bin;C:\Users\USER\AppData\Local\PowerToys\;C:\Users\USER\AppData\Local\Programs\Antigravity IDE\bin
USERNAME=USER
OS=Windows_NT
PROCESSOR_IDENTIFIER=Intel64 Family 6 Model 165 Stepping 3, GenuineIntel
TMP=C:\Users\USER\AppData\Local\Temp
TEMP=C:\Users\USER\AppData\Local\Temp




Periodic native trim disabled

---------------  S Y S T E M  ---------------

OS:
 Windows 11 , 64 bit Build 26100 (10.0.26100.8328)
OS uptime: 0 days 0:15 hours
Hyper-V role detected

CPU: total 8 (initial active 8) (4 cores per cpu, 2 threads per core) family 6 model 165 stepping 3 microcode 0xea, cx8, cmov, fxsr, ht, mmx, 3dnowpref, sse, sse2, sse3, ssse3, sse4.1, sse4.2, popcnt, lzcnt, tsc, tscinvbit, avx, avx2, aes, erms, clmul, bmi1, bmi2, adx, fma, vzeroupper, clflush, clflushopt, hv, rdtscp, f16c
Processor Information for the first 8 processors :
  Max Mhz: 3696, Current Mhz: 3696, Mhz Limit: 3696

Memory: 4k page, system-wide physical 16165M (2601M free)
TotalPageFile size 16690M (AvailPageFile size 659M)
current process WorkingSet (physical memory assigned to process): 322M, peak: 322M
current process commit charge ("private bytes"): 360M, peak: 416M

vm_info: OpenJDK 64-Bit Server VM (21.0.12.1+1-LTS) for windows-amd64 JRE (21.0.12.1+1-LTS), built on 2026-08-18T00:00:00Z by "admin" with MS VC++ 17.12 (VS2022)

END.
