#
# There is insufficient memory for the Java Runtime Environment to continue.
# Native memory allocation (malloc) failed to allocate 522096 bytes. Error detail: Chunk::new
# Possible reasons:
#   The system is out of physical RAM or swap space
#   This process is running with CompressedOops enabled, and the Java Heap may be blocking the growth of the native heap
# Possible solutions:
#   Reduce memory load on the system
#   Increase physical memory or swap space
#   Check if swap backing store is full
#   Decrease Java heap size (-Xmx/-Xms)
#   Decrease number of Java threads
#   Decrease Java thread stack sizes (-Xss)
#   Set larger code cache with -XX:ReservedCodeCacheSize=
#   JVM is running with Unscaled Compressed Oops mode in which the Java heap is
#     placed in the first 4GB address space. The Java Heap base address is the
#     maximum limit for the native heap growth. Please use -XX:HeapBaseMinAddress
#     to set the Java Heap base and to place the Java Heap above 4GB virtual address.
# This output file may be truncated or incomplete.
#
#  Out of Memory Error (arena.cpp:168), pid=16216, tid=18784
#
# JRE version: OpenJDK Runtime Environment Temurin-21.0.12.1+1 (21.0.12.1+1) (build 21.0.12.1+1-LTS)
# Java VM: OpenJDK 64-Bit Server VM Temurin-21.0.12.1+1 (21.0.12.1+1-LTS, mixed mode, sharing, tiered, compressed oops, compressed class ptrs, g1 gc, windows-amd64)
# No core dump will be written. Minidumps are not enabled by default on client versions of Windows
#

---------------  S U M M A R Y ------------

Command Line: -XX:MaxMetaspaceSize=512m --add-opens=java.base/java.util=ALL-UNNAMED --add-opens=java.base/java.lang=ALL-UNNAMED --add-opens=java.base/java.lang.invoke=ALL-UNNAMED --add-opens=java.prefs/java.util.prefs=ALL-UNNAMED --add-opens=java.base/java.nio.charset=ALL-UNNAMED --add-opens=java.base/java.net=ALL-UNNAMED --add-opens=java.base/java.util.concurrent.atomic=ALL-UNNAMED -Xmx2048m -Dfile.encoding=utf8 -Duser.country=US -Duser.language=en -Duser.variant -javaagent:D:\gradle_cache\wrapper\dists\gradle-8.7-bin\bhs2wmbdwecv87pi65oeuq5iu\gradle-8.7\lib\agents\gradle-instrumentation-agent-8.7.jar org.gradle.launcher.daemon.bootstrap.GradleDaemon 8.7

Host: Intel(R) Core(TM) i3-10105 CPU @ 3.70GHz, 8 cores, 15G,  Windows 11 , 64 bit Build 26100 (10.0.26100.8328)
Time: Tue Sep  8 10:40:49 2026 India Standard Time elapsed time: 292.390501 seconds (0d 0h 4m 52s)

---------------  T H R E A D  ---------------

Current thread (0x0000016b4450aff0):  JavaThread "C2 CompilerThread0" daemon [_thread_in_native, id=18784, stack(0x000000489ff00000,0x00000048a0000000) (1024K)]


Current CompileTask:
C2:292390 17001       4       org.gradle.util.Path::getPath (20 bytes)

Stack: [0x000000489ff00000,0x00000048a0000000]
Native frames: (J=compiled Java code, j=interpreted, Vv=VM code, C=native code)
V  [jvm.dll+0x6d83e9]
V  [jvm.dll+0x8b5736]
V  [jvm.dll+0x8b7cee]
V  [jvm.dll+0x8b83d3]
V  [jvm.dll+0x284596]
V  [jvm.dll+0xc685d]
V  [jvm.dll+0xc6da1]
V  [jvm.dll+0x3bf151]
V  [jvm.dll+0x38b6d2]
V  [jvm.dll+0x38ab1a]
V  [jvm.dll+0x24c700]
V  [jvm.dll+0x24bce0]
V  [jvm.dll+0x1cb4ae]
V  [jvm.dll+0x25baad]
V  [jvm.dll+0x25a03a]
V  [jvm.dll+0x3f8aae]
V  [jvm.dll+0x8600cd]
V  [jvm.dll+0x6d6c1d]
C  [ucrtbase.dll+0x37b0]
C  [KERNEL32.DLL+0x2e957]
C  [ntdll.dll+0x427c]


---------------  P R O C E S S  ---------------

Threads class SMR info:
_java_thread_list=0x0000016b670a2d60, length=138, elements={
0x0000016b2cd0fdb0, 0x0000016b44500030, 0x0000016b445037c0, 0x0000016b44505a70,
0x0000016b445064d0, 0x0000016b44509800, 0x0000016b4450a260, 0x0000016b4450aff0,
0x0000016b44515690, 0x0000016b4472ab10, 0x0000016b447a60f0, 0x0000016b65a972f0,
0x0000016b65a22580, 0x0000016b65a18f00, 0x0000016b65450e70, 0x0000016b654514e0,
0x0000016b65b758b0, 0x0000016b65b75f20, 0x0000016b64a8d530, 0x0000016b64a8dbc0,
0x0000016b64a8ef70, 0x0000016b64a8e250, 0x0000016b64a8f600, 0x0000016b64a90320,
0x0000016b65f9fe40, 0x0000016b65fa04d0, 0x0000016b65f9e400, 0x0000016b65f9d050,
0x0000016b65f9ea90, 0x0000016b65f9dd70, 0x0000016b65fa0b60, 0x0000016b65f9d6e0,
0x0000016b65fa32c0, 0x0000016b65fa3fe0, 0x0000016b65fa4670, 0x0000016b67dfa110,
0x0000016b67dfc870, 0x0000016b67dfbb50, 0x0000016b67dfae30, 0x0000016b67dfc1e0,
0x0000016b67dfcf00, 0x0000016b67dfd590, 0x0000016b67dfdc20, 0x0000016b67dfa7a0,
0x0000016b67dfe2b0, 0x0000016b67dfe940, 0x0000016b67dfb4c0, 0x0000016b67e010a0,
0x0000016b67e00a10, 0x0000016b6795adb0, 0x0000016b67959a00, 0x0000016b6795a090,
0x0000016b6795a720, 0x0000016b6795b440, 0x0000016b67957fc0, 0x0000016b6795ef50,
0x0000016b6795e230, 0x0000016b6795c160, 0x0000016b6795ce80, 0x0000016b6795bad0,
0x0000016b6795f5e0, 0x0000016b6795c7f0, 0x0000016b6795d510, 0x0000016b6795dba0,
0x0000016b64a8e8e0, 0x0000016b64a8fc90, 0x0000016b67dffcf0, 0x0000016b66611800,
0x0000016b66611e90, 0x0000016b66612520, 0x0000016b66613f60, 0x0000016b66612bb0,
0x0000016b666138d0, 0x0000016b66610ae0, 0x0000016b66611170, 0x0000016b66613240,
0x0000016b666166c0, 0x0000016b66617a70, 0x0000016b666145f0, 0x0000016b66616030,
0x0000016b66615310, 0x0000016b66616d50, 0x0000016b666173e0, 0x0000016b66f99c00,
0x0000016b66f9b640, 0x0000016b66f9a290, 0x0000016b66f9bcd0, 0x0000016b66f9c360,
0x0000016b66fa0b90, 0x0000016b66f9fe70, 0x0000016b66f9d710, 0x0000016b66f9dda0,
0x0000016b66f9f7e0, 0x0000016b66f9e430, 0x0000016b66fa0500, 0x0000016b66f9afb0,
0x0000016b66f9d080, 0x0000016b66fa1220, 0x0000016b66f9eac0, 0x0000016b66f9f150,
0x0000016b66618100, 0x0000016b66614c80, 0x0000016b66d974f0, 0x0000016b66d95420,
0x0000016b66d95ab0, 0x0000016b66d967d0, 0x0000016b66d97b80, 0x0000016b6871a620,
0x0000016b6871acb0, 0x0000016b6871fb70, 0x0000016b66d995c0, 0x0000016b66d99c50,
0x0000016b66d9a2e0, 0x0000016b66d9b690, 0x0000016b66d9bd20, 0x0000016b66d9a970,
0x0000016b67958ce0, 0x0000016b6a0fcd00, 0x0000016b6a0fbfe0, 0x0000016b6a0fe0b0,
0x0000016b6a0ffaf0, 0x0000016b6a0fd390, 0x0000016b6a0fe740, 0x0000016b6a0fedd0,
0x0000016b6a0fda20, 0x0000016b6a101bc0, 0x0000016b6a102250, 0x0000016b6a100ea0,
0x0000016b6a1028e0, 0x0000016b6a103600, 0x0000016b6a102f70, 0x0000016b6a100180,
0x0000016b6a103c90, 0x0000016b6a100810, 0x0000016b6a105d60, 0x0000016b6a1063f0,
0x0000016b6a105040, 0x0000016b6aad5fb0
}

Java Threads: ( => current thread )
  0x0000016b2cd0fdb0 JavaThread "main"                              [_thread_blocked, id=18648, stack(0x000000489f000000,0x000000489f100000) (1024K)]
  0x0000016b44500030 JavaThread "Reference Handler"          daemon [_thread_blocked, id=18740, stack(0x000000489f900000,0x000000489fa00000) (1024K)]
  0x0000016b445037c0 JavaThread "Finalizer"                  daemon [_thread_blocked, id=18744, stack(0x000000489fa00000,0x000000489fb00000) (1024K)]
  0x0000016b44505a70 JavaThread "Signal Dispatcher"          daemon [_thread_blocked, id=18768, stack(0x000000489fb00000,0x000000489fc00000) (1024K)]
  0x0000016b445064d0 JavaThread "Attach Listener"            daemon [_thread_blocked, id=18772, stack(0x000000489fc00000,0x000000489fd00000) (1024K)]
  0x0000016b44509800 JavaThread "Service Thread"             daemon [_thread_blocked, id=18776, stack(0x000000489fd00000,0x000000489fe00000) (1024K)]
  0x0000016b4450a260 JavaThread "Monitor Deflation Thread"   daemon [_thread_blocked, id=18780, stack(0x000000489fe00000,0x000000489ff00000) (1024K)]
=>0x0000016b4450aff0 JavaThread "C2 CompilerThread0"         daemon [_thread_in_native, id=18784, stack(0x000000489ff00000,0x00000048a0000000) (1024K)]
  0x0000016b44515690 JavaThread "C1 CompilerThread0"         daemon [_thread_blocked, id=18788, stack(0x00000048a0000000,0x00000048a0100000) (1024K)]
  0x0000016b4472ab10 JavaThread "Common-Cleaner"             daemon [_thread_blocked, id=18848, stack(0x00000048a0100000,0x00000048a0200000) (1024K)]
  0x0000016b447a60f0 JavaThread "Notification Thread"        daemon [_thread_blocked, id=18852, stack(0x00000048a0200000,0x00000048a0300000) (1024K)]
  0x0000016b65a972f0 JavaThread "Daemon health stats"               [_thread_blocked, id=19128, stack(0x00000048a0900000,0x00000048a0a00000) (1024K)]
  0x0000016b65a22580 JavaThread "Incoming local TCP Connector on port 52107"        [_thread_in_native, id=19432, stack(0x00000048a0800000,0x00000048a0900000) (1024K)]
  0x0000016b65a18f00 JavaThread "Daemon periodic checks"            [_thread_blocked, id=7164, stack(0x00000048a0a00000,0x00000048a0b00000) (1024K)]
  0x0000016b65450e70 JavaThread "Daemon"                            [_thread_blocked, id=12972, stack(0x00000048a0b00000,0x00000048a0c00000) (1024K)]
  0x0000016b654514e0 JavaThread "Handler for socket connection from /127.0.0.1:52107 to /127.0.0.1:52108"        [_thread_in_native, id=18492, stack(0x00000048a0c00000,0x00000048a0d00000) (1024K)]
  0x0000016b65b758b0 JavaThread "Cancel handler"                    [_thread_blocked, id=18472, stack(0x00000048a0d00000,0x00000048a0e00000) (1024K)]
  0x0000016b65b75f20 JavaThread "Daemon worker"                     [_thread_blocked, id=18488, stack(0x00000048a0e00000,0x00000048a0f00000) (1024K)]
  0x0000016b64a8d530 JavaThread "Asynchronous log dispatcher for DefaultDaemonConnection: socket connection from /127.0.0.1:52107 to /127.0.0.1:52108"        [_thread_blocked, id=16376, stack(0x00000048a0f00000,0x00000048a1000000) (1024K)]
  0x0000016b64a8dbc0 JavaThread "Daemon client event forwarder"        [_thread_blocked, id=7100, stack(0x00000048a1100000,0x00000048a1200000) (1024K)]
  0x0000016b64a8ef70 JavaThread "Cache worker for journal cache (D:\gradle_cache\caches\journal-1)"        [_thread_blocked, id=18824, stack(0x00000048a1200000,0x00000048a1300000) (1024K)]
  0x0000016b64a8e250 JavaThread "File lock request listener"        [_thread_in_native, id=18820, stack(0x00000048a1300000,0x00000048a1400000) (1024K)]
  0x0000016b64a8f600 JavaThread "Cache worker for file hash cache (D:\gradle_cache\caches\8.7\fileHashes)"        [_thread_blocked, id=18860, stack(0x00000048a1400000,0x00000048a1500000) (1024K)]
  0x0000016b64a90320 JavaThread "File lock release action executor"        [_thread_blocked, id=13528, stack(0x00000048a1500000,0x00000048a1600000) (1024K)]
  0x0000016b65f9fe40 JavaThread "Cache worker for file hash cache (D:\trackboxstudent\android\.gradle\8.7\fileHashes)"        [_thread_blocked, id=1696, stack(0x00000048a1600000,0x00000048a1700000) (1024K)]
  0x0000016b65fa04d0 JavaThread "File watcher server"        daemon [_thread_in_native, id=18808, stack(0x00000048a1a00000,0x00000048a1b00000) (1024K)]
  0x0000016b65f9e400 JavaThread "File watcher consumer"      daemon [_thread_blocked, id=18800, stack(0x00000048a1b00000,0x00000048a1c00000) (1024K)]
  0x0000016b65f9d050 JavaThread "Cache worker for checksums cache (D:\trackboxstudent\android\.gradle\8.7\checksums)"        [_thread_blocked, id=4596, stack(0x00000048a1c00000,0x00000048a1d00000) (1024K)]
  0x0000016b65f9ea90 JavaThread "Cache worker for cache directory md-supplier (D:\gradle_cache\caches\8.7\md-supplier)"        [_thread_blocked, id=16760, stack(0x00000048a1d00000,0x00000048a1e00000) (1024K)]
  0x0000016b65f9dd70 JavaThread "Cache worker for cache directory md-rule (D:\gradle_cache\caches\8.7\md-rule)"        [_thread_blocked, id=3200, stack(0x00000048a1e00000,0x00000048a1f00000) (1024K)]
  0x0000016b65fa0b60 JavaThread "Cache worker for file content cache (D:\gradle_cache\caches\8.7\fileContent)"        [_thread_blocked, id=13656, stack(0x00000048a1f00000,0x00000048a2000000) (1024K)]
  0x0000016b65f9d6e0 JavaThread "jar transforms"                    [_thread_blocked, id=19060, stack(0x00000048a2100000,0x00000048a2200000) (1024K)]
  0x0000016b65fa32c0 JavaThread "Cache worker for Build Output Cleanup Cache (D:\flutter\packages\flutter_tools\gradle\.gradle\buildOutputCleanup)"        [_thread_blocked, id=20460, stack(0x00000048a2000000,0x00000048a2100000) (1024K)]
  0x0000016b65fa3fe0 JavaThread "Unconstrained build operations"        [_thread_blocked, id=14052, stack(0x00000048a2200000,0x00000048a2300000) (1024K)]
  0x0000016b65fa4670 JavaThread "Unconstrained build operations Thread 2"        [_thread_blocked, id=10324, stack(0x00000048a2300000,0x00000048a2400000) (1024K)]
  0x0000016b67dfa110 JavaThread "Unconstrained build operations Thread 3"        [_thread_blocked, id=19840, stack(0x00000048a2400000,0x00000048a2500000) (1024K)]
  0x0000016b67dfc870 JavaThread "Unconstrained build operations Thread 4"        [_thread_blocked, id=19344, stack(0x00000048a2500000,0x00000048a2600000) (1024K)]
  0x0000016b67dfbb50 JavaThread "Unconstrained build operations Thread 5"        [_thread_blocked, id=14088, stack(0x00000048a2600000,0x00000048a2700000) (1024K)]
  0x0000016b67dfae30 JavaThread "Unconstrained build operations Thread 6"        [_thread_blocked, id=19556, stack(0x00000048a2700000,0x00000048a2800000) (1024K)]
  0x0000016b67dfc1e0 JavaThread "Unconstrained build operations Thread 7"        [_thread_blocked, id=19560, stack(0x00000048a2800000,0x00000048a2900000) (1024K)]
  0x0000016b67dfcf00 JavaThread "Unconstrained build operations Thread 8"        [_thread_blocked, id=19348, stack(0x00000048a2900000,0x00000048a2a00000) (1024K)]
  0x0000016b67dfd590 JavaThread "Unconstrained build operations Thread 9"        [_thread_blocked, id=2124, stack(0x00000048a2a00000,0x00000048a2b00000) (1024K)]
  0x0000016b67dfdc20 JavaThread "Unconstrained build operations Thread 10"        [_thread_blocked, id=20448, stack(0x00000048a2b00000,0x00000048a2c00000) (1024K)]
  0x0000016b67dfa7a0 JavaThread "Unconstrained build operations Thread 11"        [_thread_blocked, id=19712, stack(0x00000048a2c00000,0x00000048a2d00000) (1024K)]
  0x0000016b67dfe2b0 JavaThread "Unconstrained build operations Thread 12"        [_thread_blocked, id=13904, stack(0x00000048a2d00000,0x00000048a2e00000) (1024K)]
  0x0000016b67dfe940 JavaThread "Unconstrained build operations Thread 13"        [_thread_blocked, id=18064, stack(0x00000048a2e00000,0x00000048a2f00000) (1024K)]
  0x0000016b67dfb4c0 JavaThread "Unconstrained build operations Thread 14"        [_thread_blocked, id=2132, stack(0x00000048a2f00000,0x00000048a3000000) (1024K)]
  0x0000016b67e010a0 JavaThread "Memory manager"                    [_thread_blocked, id=19920, stack(0x00000048a3000000,0x00000048a3100000) (1024K)]
  0x0000016b67e00a10 JavaThread "build event listener"              [_thread_blocked, id=19752, stack(0x00000048a3100000,0x00000048a3200000) (1024K)]
  0x0000016b6795adb0 JavaThread "Execution worker"                  [_thread_blocked, id=16468, stack(0x00000048a3200000,0x00000048a3300000) (1024K)]
  0x0000016b67959a00 JavaThread "Execution worker Thread 2"         [_thread_blocked, id=20244, stack(0x00000048a3300000,0x00000048a3400000) (1024K)]
  0x0000016b6795a090 JavaThread "Execution worker Thread 3"         [_thread_blocked, id=19864, stack(0x00000048a3400000,0x00000048a3500000) (1024K)]
  0x0000016b6795a720 JavaThread "Execution worker Thread 4"         [_thread_blocked, id=20260, stack(0x00000048a3500000,0x00000048a3600000) (1024K)]
  0x0000016b6795b440 JavaThread "Execution worker Thread 5"         [_thread_blocked, id=18012, stack(0x00000048a3600000,0x00000048a3700000) (1024K)]
  0x0000016b67957fc0 JavaThread "Execution worker Thread 6"         [_thread_blocked, id=13764, stack(0x00000048a3700000,0x00000048a3800000) (1024K)]
  0x0000016b6795ef50 JavaThread "Execution worker Thread 7"         [_thread_blocked, id=15288, stack(0x00000048a3800000,0x00000048a3900000) (1024K)]
  0x0000016b6795e230 JavaThread "Cache worker for execution history cache (D:\flutter\packages\flutter_tools\gradle\.gradle\8.7\executionHistory)"        [_thread_blocked, id=10996, stack(0x00000048a3900000,0x00000048a3a00000) (1024K)]
  0x0000016b6795c160 JavaThread "Unconstrained build operations Thread 15"        [_thread_blocked, id=5480, stack(0x00000048a3a00000,0x00000048a3b00000) (1024K)]
  0x0000016b6795ce80 JavaThread "Unconstrained build operations Thread 16"        [_thread_blocked, id=6560, stack(0x00000048a3b00000,0x00000048a3c00000) (1024K)]
  0x0000016b6795bad0 JavaThread "Unconstrained build operations Thread 17"        [_thread_blocked, id=12136, stack(0x00000048a3c00000,0x00000048a3d00000) (1024K)]
  0x0000016b6795f5e0 JavaThread "Unconstrained build operations Thread 18"        [_thread_blocked, id=20116, stack(0x00000048a3d00000,0x00000048a3e00000) (1024K)]
  0x0000016b6795c7f0 JavaThread "Unconstrained build operations Thread 19"        [_thread_blocked, id=3036, stack(0x00000048a3e00000,0x00000048a3f00000) (1024K)]
  0x0000016b6795d510 JavaThread "Unconstrained build operations Thread 20"        [_thread_blocked, id=18580, stack(0x00000048a3f00000,0x00000048a4000000) (1024K)]
  0x0000016b6795dba0 JavaThread "Unconstrained build operations Thread 21"        [_thread_blocked, id=8240, stack(0x00000048a4000000,0x00000048a4100000) (1024K)]
  0x0000016b64a8e8e0 JavaThread "Unconstrained build operations Thread 22"        [_thread_blocked, id=19256, stack(0x00000048a4100000,0x00000048a4200000) (1024K)]
  0x0000016b64a8fc90 JavaThread "Unconstrained build operations Thread 23"        [_thread_blocked, id=19188, stack(0x00000048a4200000,0x00000048a4300000) (1024K)]
  0x0000016b67dffcf0 JavaThread "Unconstrained build operations Thread 24"        [_thread_blocked, id=6568, stack(0x00000048a4300000,0x00000048a4400000) (1024K)]
  0x0000016b66611800 JavaThread "Unconstrained build operations Thread 25"        [_thread_blocked, id=11516, stack(0x00000048a4400000,0x00000048a4500000) (1024K)]
  0x0000016b66611e90 JavaThread "Unconstrained build operations Thread 26"        [_thread_blocked, id=4144, stack(0x00000048a4500000,0x00000048a4600000) (1024K)]
  0x0000016b66612520 JavaThread "Unconstrained build operations Thread 27"        [_thread_blocked, id=19172, stack(0x00000048a4600000,0x00000048a4700000) (1024K)]
  0x0000016b66613f60 JavaThread "Unconstrained build operations Thread 28"        [_thread_blocked, id=18112, stack(0x00000048a4700000,0x00000048a4800000) (1024K)]
  0x0000016b66612bb0 JavaThread "Unconstrained build operations Thread 29"        [_thread_blocked, id=14648, stack(0x00000048a4800000,0x00000048a4900000) (1024K)]
  0x0000016b666138d0 JavaThread "Unconstrained build operations Thread 30"        [_thread_blocked, id=10392, stack(0x00000048a4900000,0x00000048a4a00000) (1024K)]
  0x0000016b66610ae0 JavaThread "Unconstrained build operations Thread 31"        [_thread_blocked, id=12096, stack(0x00000048a4a00000,0x00000048a4b00000) (1024K)]
  0x0000016b66611170 JavaThread "Unconstrained build operations Thread 32"        [_thread_blocked, id=1416, stack(0x00000048a4b00000,0x00000048a4c00000) (1024K)]
  0x0000016b66613240 JavaThread "Unconstrained build operations Thread 33"        [_thread_blocked, id=1268, stack(0x00000048a4c00000,0x00000048a4d00000) (1024K)]
  0x0000016b666166c0 JavaThread "Unconstrained build operations Thread 34"        [_thread_blocked, id=3392, stack(0x00000048a4d00000,0x00000048a4e00000) (1024K)]
  0x0000016b66617a70 JavaThread "Unconstrained build operations Thread 35"        [_thread_blocked, id=2140, stack(0x00000048a4e00000,0x00000048a4f00000) (1024K)]
  0x0000016b666145f0 JavaThread "Unconstrained build operations Thread 36"        [_thread_blocked, id=15856, stack(0x00000048a4f00000,0x00000048a5000000) (1024K)]
  0x0000016b66616030 JavaThread "Unconstrained build operations Thread 37"        [_thread_blocked, id=4540, stack(0x00000048a5000000,0x00000048a5100000) (1024K)]
  0x0000016b66615310 JavaThread "Unconstrained build operations Thread 38"        [_thread_blocked, id=18796, stack(0x00000048a5100000,0x00000048a5200000) (1024K)]
  0x0000016b66616d50 JavaThread "Unconstrained build operations Thread 39"        [_thread_blocked, id=18092, stack(0x00000048a5200000,0x00000048a5300000) (1024K)]
  0x0000016b666173e0 JavaThread "Unconstrained build operations Thread 40"        [_thread_blocked, id=18652, stack(0x00000048a5300000,0x00000048a5400000) (1024K)]
  0x0000016b66f99c00 JavaThread "WorkerExecutor Queue"              [_thread_blocked, id=15264, stack(0x00000048a5400000,0x00000048a5500000) (1024K)]
  0x0000016b66f9b640 JavaThread "RMI Scheduler(0)"           daemon [_thread_blocked, id=20784, stack(0x00000048a5500000,0x00000048a5600000) (1024K)]
  0x0000016b66f9a290 JavaThread "RMI GC Daemon"              daemon [_thread_blocked, id=20792, stack(0x00000048a5700000,0x00000048a5800000) (1024K)]
  0x0000016b66f9bcd0 JavaThread "RMI TCP Accept-0"           daemon [_thread_in_native, id=20852, stack(0x00000048a5900000,0x00000048a5a00000) (1024K)]
  0x0000016b66f9c360 JavaThread "RMI Reaper"                        [_thread_blocked, id=20856, stack(0x00000048a5a00000,0x00000048a5b00000) (1024K)]
  0x0000016b66fa0b90 JavaThread "Unconstrained build operations Thread 41"        [_thread_blocked, id=20252, stack(0x000000489ef00000,0x000000489f000000) (1024K)]
  0x0000016b66f9fe70 JavaThread "Unconstrained build operations Thread 42"        [_thread_blocked, id=20976, stack(0x00000048a5e00000,0x00000048a5f00000) (1024K)]
  0x0000016b66f9d710 JavaThread "Unconstrained build operations Thread 43"        [_thread_blocked, id=17632, stack(0x00000048a5f00000,0x00000048a6000000) (1024K)]
  0x0000016b66f9dda0 JavaThread "Unconstrained build operations Thread 44"        [_thread_blocked, id=3724, stack(0x00000048a6000000,0x00000048a6100000) (1024K)]
  0x0000016b66f9f7e0 JavaThread "Unconstrained build operations Thread 45"        [_thread_blocked, id=21320, stack(0x00000048a6100000,0x00000048a6200000) (1024K)]
  0x0000016b66f9e430 JavaThread "Unconstrained build operations Thread 46"        [_thread_blocked, id=19972, stack(0x00000048a6200000,0x00000048a6300000) (1024K)]
  0x0000016b66fa0500 JavaThread "Unconstrained build operations Thread 47"        [_thread_blocked, id=14168, stack(0x00000048a6300000,0x00000048a6400000) (1024K)]
  0x0000016b66f9afb0 JavaThread "Unconstrained build operations Thread 48"        [_thread_blocked, id=19424, stack(0x00000048a5600000,0x00000048a5700000) (1024K)]
  0x0000016b66f9d080 JavaThread "Unconstrained build operations Thread 49"        [_thread_blocked, id=16224, stack(0x00000048a5800000,0x00000048a5900000) (1024K)]
  0x0000016b66fa1220 JavaThread "Unconstrained build operations Thread 50"        [_thread_blocked, id=18468, stack(0x00000048a6400000,0x00000048a6500000) (1024K)]
  0x0000016b66f9eac0 JavaThread "Unconstrained build operations Thread 51"        [_thread_blocked, id=21212, stack(0x00000048a6500000,0x00000048a6600000) (1024K)]
  0x0000016b66f9f150 JavaThread "Unconstrained build operations Thread 52"        [_thread_blocked, id=21144, stack(0x00000048a6600000,0x00000048a6700000) (1024K)]
  0x0000016b66618100 JavaThread "Unconstrained build operations Thread 53"        [_thread_blocked, id=20916, stack(0x00000048a6700000,0x00000048a6800000) (1024K)]
  0x0000016b66614c80 JavaThread "Unconstrained build operations Thread 54"        [_thread_blocked, id=20644, stack(0x00000048a6800000,0x00000048a6900000) (1024K)]
  0x0000016b66d974f0 JavaThread "jar transforms Thread 2"           [_thread_blocked, id=22068, stack(0x00000048a6900000,0x00000048a6a00000) (1024K)]
  0x0000016b66d95420 JavaThread "Cache worker for Build Output Cleanup Cache (D:\trackboxstudent\android\.gradle\buildOutputCleanup)"        [_thread_blocked, id=22120, stack(0x00000048a6b00000,0x00000048a6c00000) (1024K)]
  0x0000016b66d95ab0 JavaThread "jar transforms Thread 3"           [_thread_blocked, id=22500, stack(0x00000048a6a00000,0x00000048a6b00000) (1024K)]
  0x0000016b66d967d0 JavaThread "jar transforms Thread 4"           [_thread_blocked, id=13380, stack(0x00000048a6c00000,0x00000048a6d00000) (1024K)]
  0x0000016b66d97b80 JavaThread "jar transforms Thread 5"           [_thread_blocked, id=3740, stack(0x00000048a6d00000,0x00000048a6e00000) (1024K)]
  0x0000016b6871a620 JavaThread "build event listener"              [_thread_blocked, id=11360, stack(0x00000048a6e00000,0x00000048a6f00000) (1024K)]
  0x0000016b6871acb0 JavaThread "jar transforms Thread 6"           [_thread_blocked, id=16564, stack(0x00000048a6f00000,0x00000048a7000000) (1024K)]
  0x0000016b6871fb70 JavaThread "jar transforms Thread 7"           [_thread_blocked, id=368, stack(0x00000048a7000000,0x00000048a7100000) (1024K)]
  0x0000016b66d995c0 JavaThread "Unconstrained build operations Thread 55"        [_thread_blocked, id=14476, stack(0x00000048a1000000,0x00000048a1100000) (1024K)]
  0x0000016b66d99c50 JavaThread "Unconstrained build operations Thread 56"        [_thread_blocked, id=19812, stack(0x00000048a7100000,0x00000048a7200000) (1024K)]
  0x0000016b66d9a2e0 JavaThread "Unconstrained build operations Thread 57"        [_thread_blocked, id=17868, stack(0x00000048a7200000,0x00000048a7300000) (1024K)]
  0x0000016b66d9b690 JavaThread "Unconstrained build operations Thread 58"        [_thread_blocked, id=22280, stack(0x00000048a7300000,0x00000048a7400000) (1024K)]
  0x0000016b66d9bd20 JavaThread "Unconstrained build operations Thread 59"        [_thread_blocked, id=21740, stack(0x00000048a7400000,0x00000048a7500000) (1024K)]
  0x0000016b66d9a970 JavaThread "Unconstrained build operations Thread 60"        [_thread_blocked, id=22092, stack(0x00000048a7500000,0x00000048a7600000) (1024K)]
  0x0000016b67958ce0 JavaThread "Unconstrained build operations Thread 61"        [_thread_blocked, id=3856, stack(0x00000048a7600000,0x00000048a7700000) (1024K)]
  0x0000016b6a0fcd00 JavaThread "Unconstrained build operations Thread 62"        [_thread_blocked, id=22240, stack(0x00000048a7700000,0x00000048a7800000) (1024K)]
  0x0000016b6a0fbfe0 JavaThread "Unconstrained build operations Thread 63"        [_thread_blocked, id=15652, stack(0x00000048a7800000,0x00000048a7900000) (1024K)]
  0x0000016b6a0fe0b0 JavaThread "Unconstrained build operations Thread 64"        [_thread_blocked, id=7516, stack(0x00000048a7900000,0x00000048a7a00000) (1024K)]
  0x0000016b6a0ffaf0 JavaThread "Unconstrained build operations Thread 65"        [_thread_blocked, id=21772, stack(0x00000048a7a00000,0x00000048a7b00000) (1024K)]
  0x0000016b6a0fd390 JavaThread "Unconstrained build operations Thread 66"        [_thread_blocked, id=21768, stack(0x00000048a7b00000,0x00000048a7c00000) (1024K)]
  0x0000016b6a0fe740 JavaThread "Unconstrained build operations Thread 67"        [_thread_blocked, id=18428, stack(0x00000048a7c00000,0x00000048a7d00000) (1024K)]
  0x0000016b6a0fedd0 JavaThread "Unconstrained build operations Thread 68"        [_thread_blocked, id=21792, stack(0x00000048a7d00000,0x00000048a7e00000) (1024K)]
  0x0000016b6a0fda20 JavaThread "jar transforms Thread 8"           [_thread_blocked, id=19528, stack(0x00000048a7f00000,0x00000048a8000000) (1024K)]
  0x0000016b6a101bc0 JavaThread "Unconstrained build operations Thread 69"        [_thread_blocked, id=16372, stack(0x00000048a5c00000,0x00000048a5d00000) (1024K)]
  0x0000016b6a102250 JavaThread "Unconstrained build operations Thread 70"        [_thread_blocked, id=8880, stack(0x00000048a5d00000,0x00000048a5e00000) (1024K)]
  0x0000016b6a100ea0 JavaThread "Unconstrained build operations Thread 71"        [_thread_blocked, id=17780, stack(0x00000048a7e00000,0x00000048a7f00000) (1024K)]
  0x0000016b6a1028e0 JavaThread "Unconstrained build operations Thread 72"        [_thread_blocked, id=8780, stack(0x00000048a8000000,0x00000048a8100000) (1024K)]
  0x0000016b6a103600 JavaThread "Unconstrained build operations Thread 73"        [_thread_blocked, id=22456, stack(0x00000048a8100000,0x00000048a8200000) (1024K)]
  0x0000016b6a102f70 JavaThread "Unconstrained build operations Thread 74"        [_thread_blocked, id=17248, stack(0x00000048a8200000,0x00000048a8300000) (1024K)]
  0x0000016b6a100180 JavaThread "Unconstrained build operations Thread 75"        [_thread_blocked, id=20572, stack(0x00000048a8300000,0x00000048a8400000) (1024K)]
  0x0000016b6a103c90 JavaThread "Unconstrained build operations Thread 76"        [_thread_blocked, id=15548, stack(0x00000048a5b00000,0x00000048a5c00000) (1024K)]
  0x0000016b6a100810 JavaThread "Unconstrained build operations Thread 77"        [_thread_blocked, id=22160, stack(0x00000048a8400000,0x00000048a8500000) (1024K)]
  0x0000016b6a105d60 JavaThread "Unconstrained build operations Thread 78"        [_thread_blocked, id=1700, stack(0x00000048a8500000,0x00000048a8600000) (1024K)]
  0x0000016b6a1063f0 JavaThread "Unconstrained build operations Thread 79"        [_thread_blocked, id=15368, stack(0x00000048a8600000,0x00000048a8700000) (1024K)]
  0x0000016b6a105040 JavaThread "Unconstrained build operations Thread 80"        [_thread_blocked, id=15112, stack(0x00000048a8700000,0x00000048a8800000) (1024K)]
  0x0000016b6aad5fb0 JavaThread "RMI TCP Connection(idle)"   daemon [_thread_blocked, id=19756, stack(0x00000048a8800000,0x00000048a8900000) (1024K)]
Total: 138

Other Threads:
  0x0000016b444d9ae0 VMThread "VM Thread"                           [id=18692, stack(0x000000489f800000,0x000000489f900000) (1024K)]
  0x0000016b444ccbf0 WatcherThread "VM Periodic Task Thread"        [id=18688, stack(0x000000489f700000,0x000000489f800000) (1024K)]
  0x0000016b2cd68270 WorkerThread "GC Thread#0"                     [id=18668, stack(0x000000489f200000,0x000000489f300000) (1024K)]
  0x0000016b64505ca0 WorkerThread "GC Thread#1"                     [id=19000, stack(0x00000048a0300000,0x00000048a0400000) (1024K)]
  0x0000016b64506050 WorkerThread "GC Thread#2"                     [id=19004, stack(0x00000048a0400000,0x00000048a0500000) (1024K)]
  0x0000016b64506400 WorkerThread "GC Thread#3"                     [id=19008, stack(0x00000048a0500000,0x00000048a0600000) (1024K)]
  0x0000016b645067b0 WorkerThread "GC Thread#4"                     [id=19012, stack(0x00000048a0600000,0x00000048a0700000) (1024K)]
  0x0000016b64506b60 WorkerThread "GC Thread#5"                     [id=19016, stack(0x00000048a0700000,0x00000048a0800000) (1024K)]
  0x0000016b65c313a0 WorkerThread "GC Thread#6"                     [id=18480, stack(0x00000048a1700000,0x00000048a1800000) (1024K)]
  0x0000016b65c31b00 WorkerThread "GC Thread#7"                     [id=16996, stack(0x00000048a1800000,0x00000048a1900000) (1024K)]
  0x0000016b2cd79070 ConcurrentGCThread "G1 Main Marker"            [id=18672, stack(0x000000489f300000,0x000000489f400000) (1024K)]
  0x0000016b2cd79990 WorkerThread "G1 Conc#0"                       [id=18676, stack(0x000000489f400000,0x000000489f500000) (1024K)]
  0x0000016b65c31eb0 WorkerThread "G1 Conc#1"                       [id=10232, stack(0x00000048a1900000,0x00000048a1a00000) (1024K)]
  0x0000016b4439c010 ConcurrentGCThread "G1 Refine#0"               [id=18680, stack(0x000000489f500000,0x000000489f600000) (1024K)]
  0x0000016b4439e860 ConcurrentGCThread "G1 Service"                [id=18684, stack(0x000000489f600000,0x000000489f700000) (1024K)]
Total: 15

Threads with active compile tasks:
C2 CompilerThread0  292434 17001       4       org.gradle.util.Path::getPath (20 bytes)
Total: 1

VM state: not at safepoint (normal execution)

VM Mutex/Monitor currently owned by a thread: None

Heap address: 0x0000000080000000, size: 2048 MB, Compressed Oops mode: 32-bit

CDS archive(s) mapped at: [0x0000016b45000000-0x0000016b45ba0000-0x0000016b45ba0000), size 12189696, SharedBaseAddress: 0x0000016b45000000, ArchiveRelocationMode: 1.
Compressed class space mapped at: 0x0000016b46000000-0x0000016b60000000, reserved size: 436207616
Narrow klass base: 0x0000016b45000000, Narrow klass shift: 0, Narrow klass range: 0x100000000

GC Precious Log:
 CardTable entry size: 512
 Card Set container configuration: InlinePtr #cards 5 size 8 Array Of Cards #cards 12 size 40 Howl #buckets 4 coarsen threshold 1843 Howl Bitmap #cards 512 size 80 coarsen threshold 460 Card regions per heap region 1 cards per card region 2048
 CPUs: 8 total, 8 available
 Memory: 16165M
 Large Page Support: Disabled
 NUMA Support: Disabled
 Compressed Oops: Enabled (32-bit)
 Heap Region Size: 1M
 Heap Min Capacity: 8M
 Heap Initial Capacity: 254M
 Heap Max Capacity: 2G
 Pre-touch: Disabled
 Parallel Workers: 8
 Concurrent Workers: 2
 Concurrent Refinement Workers: 8
 Periodic GC: Disabled

Heap:
 garbage-first heap   total 339968K, used 259836K [0x0000000080000000, 0x0000000100000000)
  region size 1024K, 48 young (49152K), 7 survivors (7168K)
 Metaspace       used 114623K, committed 117504K, reserved 557056K
  class space    used 16310K, committed 17664K, reserved 425984K

Heap Regions: E=young(eden), S=young(survivor), O=old, HS=humongous(starts), HC=humongous(continues), CS=collection set, F=free, TAMS=top-at-mark-start, PB=parsable bottom
|   0|0x0000000080000000, 0x0000000080100000, 0x0000000080100000|100%|HS|  |TAMS 0x0000000080000000| PB 0x0000000080000000| Complete 
|   1|0x0000000080100000, 0x0000000080200000, 0x0000000080200000|100%|HC|  |TAMS 0x0000000080100000| PB 0x0000000080100000| Complete 
|   2|0x0000000080200000, 0x0000000080300000, 0x0000000080300000|100%|HC|  |TAMS 0x0000000080200000| PB 0x0000000080200000| Complete 
|   3|0x0000000080300000, 0x0000000080400000, 0x0000000080400000|100%|HC|  |TAMS 0x0000000080300000| PB 0x0000000080300000| Complete 
|   4|0x0000000080400000, 0x0000000080500000, 0x0000000080500000|100%| O|  |TAMS 0x0000000080400000| PB 0x0000000080400000| Untracked 
|   5|0x0000000080500000, 0x0000000080600000, 0x0000000080600000|100%| O|  |TAMS 0x0000000080500000| PB 0x0000000080500000| Untracked 
|   6|0x0000000080600000, 0x0000000080700000, 0x0000000080700000|100%| O|  |TAMS 0x0000000080600000| PB 0x0000000080600000| Untracked 
|   7|0x0000000080700000, 0x0000000080800000, 0x0000000080800000|100%| O|  |TAMS 0x0000000080700000| PB 0x0000000080700000| Untracked 
|   8|0x0000000080800000, 0x0000000080900000, 0x0000000080900000|100%| O|  |TAMS 0x0000000080800000| PB 0x0000000080800000| Untracked 
|   9|0x0000000080900000, 0x0000000080a00000, 0x0000000080a00000|100%| O|  |TAMS 0x0000000080900000| PB 0x0000000080900000| Untracked 
|  10|0x0000000080a00000, 0x0000000080b00000, 0x0000000080b00000|100%| O|  |TAMS 0x0000000080a00000| PB 0x0000000080a00000| Untracked 
|  11|0x0000000080b00000, 0x0000000080c00000, 0x0000000080c00000|100%| O|  |TAMS 0x0000000080b00000| PB 0x0000000080b00000| Untracked 
|  12|0x0000000080c00000, 0x0000000080d00000, 0x0000000080d00000|100%| O|  |TAMS 0x0000000080c00000| PB 0x0000000080c00000| Untracked 
|  13|0x0000000080d00000, 0x0000000080e00000, 0x0000000080e00000|100%| O|  |TAMS 0x0000000080d00000| PB 0x0000000080d00000| Untracked 
|  14|0x0000000080e00000, 0x0000000080f00000, 0x0000000080f00000|100%| O|  |TAMS 0x0000000080e00000| PB 0x0000000080e00000| Untracked 
|  15|0x0000000080f00000, 0x0000000081000000, 0x0000000081000000|100%| O|  |TAMS 0x0000000080f00000| PB 0x0000000080f00000| Untracked 
|  16|0x0000000081000000, 0x0000000081100000, 0x0000000081100000|100%| O|  |TAMS 0x0000000081000000| PB 0x0000000081000000| Untracked 
|  17|0x0000000081100000, 0x0000000081200000, 0x0000000081200000|100%| O|  |TAMS 0x0000000081100000| PB 0x0000000081100000| Untracked 
|  18|0x0000000081200000, 0x0000000081300000, 0x0000000081300000|100%| O|  |TAMS 0x0000000081200000| PB 0x0000000081200000| Untracked 
|  19|0x0000000081300000, 0x0000000081400000, 0x0000000081400000|100%| O|  |TAMS 0x0000000081300000| PB 0x0000000081300000| Untracked 
|  20|0x0000000081400000, 0x0000000081500000, 0x0000000081500000|100%| O|  |TAMS 0x0000000081400000| PB 0x0000000081400000| Untracked 
|  21|0x0000000081500000, 0x0000000081600000, 0x0000000081600000|100%| O|  |TAMS 0x0000000081500000| PB 0x0000000081500000| Untracked 
|  22|0x0000000081600000, 0x0000000081700000, 0x0000000081700000|100%| O|  |TAMS 0x0000000081600000| PB 0x0000000081600000| Untracked 
|  23|0x0000000081700000, 0x0000000081800000, 0x0000000081800000|100%| O|  |TAMS 0x0000000081700000| PB 0x0000000081700000| Untracked 
|  24|0x0000000081800000, 0x0000000081900000, 0x0000000081900000|100%| O|  |TAMS 0x0000000081800000| PB 0x0000000081800000| Untracked 
|  25|0x0000000081900000, 0x0000000081a00000, 0x0000000081a00000|100%| O|  |TAMS 0x0000000081900000| PB 0x0000000081900000| Untracked 
|  26|0x0000000081a00000, 0x0000000081b00000, 0x0000000081b00000|100%| O|  |TAMS 0x0000000081a00000| PB 0x0000000081a00000| Untracked 
|  27|0x0000000081b00000, 0x0000000081c00000, 0x0000000081c00000|100%| O|  |TAMS 0x0000000081b00000| PB 0x0000000081b00000| Untracked 
|  28|0x0000000081c00000, 0x0000000081d00000, 0x0000000081d00000|100%| O|  |TAMS 0x0000000081c00000| PB 0x0000000081c00000| Untracked 
|  29|0x0000000081d00000, 0x0000000081e00000, 0x0000000081e00000|100%| O|  |TAMS 0x0000000081d00000| PB 0x0000000081d00000| Untracked 
|  30|0x0000000081e00000, 0x0000000081f00000, 0x0000000081f00000|100%| O|  |TAMS 0x0000000081e00000| PB 0x0000000081e00000| Untracked 
|  31|0x0000000081f00000, 0x0000000082000000, 0x0000000082000000|100%| O|  |TAMS 0x0000000081f00000| PB 0x0000000081f00000| Untracked 
|  32|0x0000000082000000, 0x0000000082100000, 0x0000000082100000|100%| O|  |TAMS 0x0000000082000000| PB 0x0000000082000000| Untracked 
|  33|0x0000000082100000, 0x0000000082200000, 0x0000000082200000|100%| O|  |TAMS 0x0000000082100000| PB 0x0000000082100000| Untracked 
|  34|0x0000000082200000, 0x0000000082300000, 0x0000000082300000|100%| O|  |TAMS 0x0000000082200000| PB 0x0000000082200000| Untracked 
|  35|0x0000000082300000, 0x0000000082400000, 0x0000000082400000|100%| O|  |TAMS 0x0000000082300000| PB 0x0000000082300000| Untracked 
|  36|0x0000000082400000, 0x0000000082500000, 0x0000000082500000|100%| O|  |TAMS 0x0000000082400000| PB 0x0000000082400000| Untracked 
|  37|0x0000000082500000, 0x0000000082600000, 0x0000000082600000|100%| O|  |TAMS 0x0000000082500000| PB 0x0000000082500000| Untracked 
|  38|0x0000000082600000, 0x0000000082700000, 0x0000000082700000|100%|HS|  |TAMS 0x0000000082600000| PB 0x0000000082600000| Complete 
|  39|0x0000000082700000, 0x0000000082800000, 0x0000000082800000|100%|HC|  |TAMS 0x0000000082700000| PB 0x0000000082700000| Complete 
|  40|0x0000000082800000, 0x0000000082900000, 0x0000000082900000|100%|HS|  |TAMS 0x0000000082800000| PB 0x0000000082800000| Complete 
|  41|0x0000000082900000, 0x0000000082a00000, 0x0000000082a00000|100%|HC|  |TAMS 0x0000000082900000| PB 0x0000000082900000| Complete 
|  42|0x0000000082a00000, 0x0000000082b00000, 0x0000000082b00000|100%| O|  |TAMS 0x0000000082a00000| PB 0x0000000082a00000| Untracked 
|  43|0x0000000082b00000, 0x0000000082c00000, 0x0000000082c00000|100%| O|  |TAMS 0x0000000082b00000| PB 0x0000000082b00000| Untracked 
|  44|0x0000000082c00000, 0x0000000082d00000, 0x0000000082d00000|100%| O|  |TAMS 0x0000000082c00000| PB 0x0000000082c00000| Untracked 
|  45|0x0000000082d00000, 0x0000000082e00000, 0x0000000082e00000|100%| O|  |TAMS 0x0000000082d00000| PB 0x0000000082d00000| Untracked 
|  46|0x0000000082e00000, 0x0000000082f00000, 0x0000000082f00000|100%| O|  |TAMS 0x0000000082e00000| PB 0x0000000082e00000| Untracked 
|  47|0x0000000082f00000, 0x0000000083000000, 0x0000000083000000|100%| O|  |TAMS 0x0000000082f00000| PB 0x0000000082f00000| Untracked 
|  48|0x0000000083000000, 0x0000000083100000, 0x0000000083100000|100%| O|  |TAMS 0x0000000083000000| PB 0x0000000083000000| Untracked 
|  49|0x0000000083100000, 0x0000000083200000, 0x0000000083200000|100%|HS|  |TAMS 0x0000000083100000| PB 0x0000000083100000| Complete 
|  50|0x0000000083200000, 0x0000000083300000, 0x0000000083300000|100%|HC|  |TAMS 0x0000000083200000| PB 0x0000000083200000| Complete 
|  51|0x0000000083300000, 0x0000000083400000, 0x0000000083400000|100%|HC|  |TAMS 0x0000000083300000| PB 0x0000000083300000| Complete 
|  52|0x0000000083400000, 0x0000000083500000, 0x0000000083500000|100%|HC|  |TAMS 0x0000000083400000| PB 0x0000000083400000| Complete 
|  53|0x0000000083500000, 0x0000000083600000, 0x0000000083600000|100%|HS|  |TAMS 0x0000000083500000| PB 0x0000000083500000| Complete 
|  54|0x0000000083600000, 0x0000000083700000, 0x0000000083700000|100%|HC|  |TAMS 0x0000000083600000| PB 0x0000000083600000| Complete 
|  55|0x0000000083700000, 0x0000000083800000, 0x0000000083800000|100%|HC|  |TAMS 0x0000000083700000| PB 0x0000000083700000| Complete 
|  56|0x0000000083800000, 0x0000000083900000, 0x0000000083900000|100%|HC|  |TAMS 0x0000000083800000| PB 0x0000000083800000| Complete 
|  57|0x0000000083900000, 0x0000000083a00000, 0x0000000083a00000|100%| O|  |TAMS 0x0000000083900000| PB 0x0000000083900000| Untracked 
|  58|0x0000000083a00000, 0x0000000083b00000, 0x0000000083b00000|100%| O|  |TAMS 0x0000000083a00000| PB 0x0000000083a00000| Untracked 
|  59|0x0000000083b00000, 0x0000000083c00000, 0x0000000083c00000|100%| O|  |TAMS 0x0000000083b00000| PB 0x0000000083b00000| Untracked 
|  60|0x0000000083c00000, 0x0000000083d00000, 0x0000000083d00000|100%| O|  |TAMS 0x0000000083c00000| PB 0x0000000083c00000| Untracked 
|  61|0x0000000083d00000, 0x0000000083e00000, 0x0000000083e00000|100%| O|  |TAMS 0x0000000083d00000| PB 0x0000000083d00000| Untracked 
|  62|0x0000000083e00000, 0x0000000083f00000, 0x0000000083f00000|100%| O|  |TAMS 0x0000000083e00000| PB 0x0000000083e00000| Untracked 
|  63|0x0000000083f00000, 0x0000000084000000, 0x0000000084000000|100%| O|  |TAMS 0x0000000083f00000| PB 0x0000000083f00000| Untracked 
|  64|0x0000000084000000, 0x0000000084100000, 0x0000000084100000|100%| O|  |TAMS 0x0000000084000000| PB 0x0000000084000000| Untracked 
|  65|0x0000000084100000, 0x0000000084200000, 0x0000000084200000|100%| O|  |TAMS 0x0000000084100000| PB 0x0000000084100000| Untracked 
|  66|0x0000000084200000, 0x0000000084300000, 0x0000000084300000|100%| O|  |TAMS 0x0000000084200000| PB 0x0000000084200000| Untracked 
|  67|0x0000000084300000, 0x0000000084400000, 0x0000000084400000|100%| O|  |TAMS 0x0000000084300000| PB 0x0000000084300000| Untracked 
|  68|0x0000000084400000, 0x0000000084500000, 0x0000000084500000|100%| O|  |TAMS 0x0000000084400000| PB 0x0000000084400000| Untracked 
|  69|0x0000000084500000, 0x0000000084600000, 0x0000000084600000|100%| O|  |TAMS 0x0000000084500000| PB 0x0000000084500000| Untracked 
|  70|0x0000000084600000, 0x0000000084700000, 0x0000000084700000|100%| O|  |TAMS 0x0000000084600000| PB 0x0000000084600000| Untracked 
|  71|0x0000000084700000, 0x0000000084800000, 0x0000000084800000|100%| O|  |TAMS 0x0000000084700000| PB 0x0000000084700000| Untracked 
|  72|0x0000000084800000, 0x0000000084900000, 0x0000000084900000|100%| O|  |TAMS 0x0000000084800000| PB 0x0000000084800000| Untracked 
|  73|0x0000000084900000, 0x0000000084a00000, 0x0000000084a00000|100%| O|  |TAMS 0x0000000084900000| PB 0x0000000084900000| Untracked 
|  74|0x0000000084a00000, 0x0000000084b00000, 0x0000000084b00000|100%|HS|  |TAMS 0x0000000084a00000| PB 0x0000000084a00000| Complete 
|  75|0x0000000084b00000, 0x0000000084c00000, 0x0000000084c00000|100%|HC|  |TAMS 0x0000000084b00000| PB 0x0000000084b00000| Complete 
|  76|0x0000000084c00000, 0x0000000084d00000, 0x0000000084d00000|100%|HS|  |TAMS 0x0000000084c00000| PB 0x0000000084c00000| Complete 
|  77|0x0000000084d00000, 0x0000000084e00000, 0x0000000084e00000|100%|HS|  |TAMS 0x0000000084d00000| PB 0x0000000084d00000| Complete 
|  78|0x0000000084e00000, 0x0000000084f00000, 0x0000000084f00000|100%|HS|  |TAMS 0x0000000084e00000| PB 0x0000000084e00000| Complete 
|  79|0x0000000084f00000, 0x0000000085000000, 0x0000000085000000|100%| O|  |TAMS 0x0000000084f00000| PB 0x0000000084f00000| Untracked 
|  80|0x0000000085000000, 0x0000000085100000, 0x0000000085100000|100%|HS|  |TAMS 0x0000000085000000| PB 0x0000000085000000| Complete 
|  81|0x0000000085100000, 0x0000000085200000, 0x0000000085200000|100%|HS|  |TAMS 0x0000000085100000| PB 0x0000000085100000| Complete 
|  82|0x0000000085200000, 0x0000000085300000, 0x0000000085300000|100%|HC|  |TAMS 0x0000000085200000| PB 0x0000000085200000| Complete 
|  83|0x0000000085300000, 0x0000000085400000, 0x0000000085400000|100%|HS|  |TAMS 0x0000000085300000| PB 0x0000000085300000| Complete 
|  84|0x0000000085400000, 0x0000000085500000, 0x0000000085500000|100%| O|  |TAMS 0x0000000085400000| PB 0x0000000085400000| Untracked 
|  85|0x0000000085500000, 0x0000000085600000, 0x0000000085600000|100%| O|  |TAMS 0x0000000085500000| PB 0x0000000085500000| Untracked 
|  86|0x0000000085600000, 0x0000000085700000, 0x0000000085700000|100%| O|  |TAMS 0x0000000085600000| PB 0x0000000085600000| Untracked 
|  87|0x0000000085700000, 0x0000000085800000, 0x0000000085800000|100%|HS|  |TAMS 0x0000000085700000| PB 0x0000000085700000| Complete 
|  88|0x0000000085800000, 0x0000000085900000, 0x0000000085900000|100%|HC|  |TAMS 0x0000000085800000| PB 0x0000000085800000| Complete 
|  89|0x0000000085900000, 0x0000000085a00000, 0x0000000085a00000|100%|HC|  |TAMS 0x0000000085900000| PB 0x0000000085900000| Complete 
|  90|0x0000000085a00000, 0x0000000085b00000, 0x0000000085b00000|100%| O|  |TAMS 0x0000000085a00000| PB 0x0000000085a00000| Untracked 
|  91|0x0000000085b00000, 0x0000000085c00000, 0x0000000085c00000|100%| O|  |TAMS 0x0000000085b00000| PB 0x0000000085b00000| Untracked 
|  92|0x0000000085c00000, 0x0000000085d00000, 0x0000000085d00000|100%| O|  |TAMS 0x0000000085c00000| PB 0x0000000085c00000| Untracked 
|  93|0x0000000085d00000, 0x0000000085e00000, 0x0000000085e00000|100%| O|  |TAMS 0x0000000085d00000| PB 0x0000000085d00000| Untracked 
|  94|0x0000000085e00000, 0x0000000085f00000, 0x0000000085f00000|100%| O|  |TAMS 0x0000000085e00000| PB 0x0000000085e00000| Untracked 
|  95|0x0000000085f00000, 0x0000000086000000, 0x0000000086000000|100%| O|  |TAMS 0x0000000085f00000| PB 0x0000000085f00000| Untracked 
|  96|0x0000000086000000, 0x0000000086100000, 0x0000000086100000|100%| O|  |TAMS 0x0000000086000000| PB 0x0000000086000000| Untracked 
|  97|0x0000000086100000, 0x0000000086200000, 0x0000000086200000|100%| O|  |TAMS 0x0000000086100000| PB 0x0000000086100000| Untracked 
|  98|0x0000000086200000, 0x0000000086300000, 0x0000000086300000|100%|HS|  |TAMS 0x0000000086200000| PB 0x0000000086200000| Complete 
|  99|0x0000000086300000, 0x0000000086400000, 0x0000000086400000|100%| O|  |TAMS 0x0000000086300000| PB 0x0000000086300000| Untracked 
| 100|0x0000000086400000, 0x0000000086500000, 0x0000000086500000|100%| O|  |TAMS 0x0000000086400000| PB 0x0000000086400000| Untracked 
| 101|0x0000000086500000, 0x0000000086600000, 0x0000000086600000|100%| O|  |TAMS 0x0000000086500000| PB 0x0000000086500000| Untracked 
| 102|0x0000000086600000, 0x0000000086700000, 0x0000000086700000|100%| O|  |TAMS 0x0000000086600000| PB 0x0000000086600000| Untracked 
| 103|0x0000000086700000, 0x0000000086800000, 0x0000000086800000|100%| O|  |TAMS 0x0000000086700000| PB 0x0000000086700000| Untracked 
| 104|0x0000000086800000, 0x0000000086900000, 0x0000000086900000|100%| O|  |TAMS 0x0000000086800000| PB 0x0000000086800000| Untracked 
| 105|0x0000000086900000, 0x0000000086a00000, 0x0000000086a00000|100%| O|  |TAMS 0x0000000086900000| PB 0x0000000086900000| Untracked 
| 106|0x0000000086a00000, 0x0000000086b00000, 0x0000000086b00000|100%| O|  |TAMS 0x0000000086a00000| PB 0x0000000086a00000| Untracked 
| 107|0x0000000086b00000, 0x0000000086c00000, 0x0000000086c00000|100%|HS|  |TAMS 0x0000000086b00000| PB 0x0000000086b00000| Complete 
| 108|0x0000000086c00000, 0x0000000086d00000, 0x0000000086d00000|100%| O|  |TAMS 0x0000000086c00000| PB 0x0000000086c00000| Untracked 
| 109|0x0000000086d00000, 0x0000000086e00000, 0x0000000086e00000|100%| O|  |TAMS 0x0000000086d00000| PB 0x0000000086d00000| Untracked 
| 110|0x0000000086e00000, 0x0000000086f00000, 0x0000000086f00000|100%|HS|  |TAMS 0x0000000086e00000| PB 0x0000000086e00000| Complete 
| 111|0x0000000086f00000, 0x0000000087000000, 0x0000000087000000|100%|HC|  |TAMS 0x0000000086f00000| PB 0x0000000086f00000| Complete 
| 112|0x0000000087000000, 0x0000000087100000, 0x0000000087100000|100%|HC|  |TAMS 0x0000000087000000| PB 0x0000000087000000| Complete 
| 113|0x0000000087100000, 0x0000000087200000, 0x0000000087200000|100%| O|  |TAMS 0x0000000087100000| PB 0x0000000087100000| Untracked 
| 114|0x0000000087200000, 0x0000000087300000, 0x0000000087300000|100%| O|  |TAMS 0x0000000087200000| PB 0x0000000087200000| Untracked 
| 115|0x0000000087300000, 0x0000000087400000, 0x0000000087400000|100%| O|  |TAMS 0x0000000087300000| PB 0x0000000087300000| Untracked 
| 116|0x0000000087400000, 0x0000000087500000, 0x0000000087500000|100%| O|  |TAMS 0x0000000087400000| PB 0x0000000087400000| Untracked 
| 117|0x0000000087500000, 0x0000000087600000, 0x0000000087600000|100%| O|  |TAMS 0x0000000087500000| PB 0x0000000087500000| Untracked 
| 118|0x0000000087600000, 0x0000000087700000, 0x0000000087700000|100%| O|  |TAMS 0x0000000087600000| PB 0x0000000087600000| Untracked 
| 119|0x0000000087700000, 0x0000000087800000, 0x0000000087800000|100%| O|  |TAMS 0x0000000087700000| PB 0x0000000087700000| Untracked 
| 120|0x0000000087800000, 0x0000000087900000, 0x0000000087900000|100%| O|  |TAMS 0x0000000087800000| PB 0x0000000087800000| Untracked 
| 121|0x0000000087900000, 0x0000000087a00000, 0x0000000087a00000|100%| O|  |TAMS 0x0000000087900000| PB 0x0000000087900000| Untracked 
| 122|0x0000000087a00000, 0x0000000087b00000, 0x0000000087b00000|100%| O|  |TAMS 0x0000000087a00000| PB 0x0000000087a00000| Untracked 
| 123|0x0000000087b00000, 0x0000000087c00000, 0x0000000087c00000|100%| O|  |TAMS 0x0000000087b00000| PB 0x0000000087b00000| Untracked 
| 124|0x0000000087c00000, 0x0000000087d00000, 0x0000000087d00000|100%| O|  |TAMS 0x0000000087c00000| PB 0x0000000087c00000| Untracked 
| 125|0x0000000087d00000, 0x0000000087e00000, 0x0000000087e00000|100%| O|  |TAMS 0x0000000087d00000| PB 0x0000000087d00000| Untracked 
| 126|0x0000000087e00000, 0x0000000087f00000, 0x0000000087f00000|100%| O|  |TAMS 0x0000000087e00000| PB 0x0000000087e00000| Untracked 
| 127|0x0000000087f00000, 0x0000000088000000, 0x0000000088000000|100%| O|  |TAMS 0x0000000087f00000| PB 0x0000000087f00000| Untracked 
| 128|0x0000000088000000, 0x0000000088100000, 0x0000000088100000|100%| O|  |TAMS 0x0000000088000000| PB 0x0000000088000000| Untracked 
| 129|0x0000000088100000, 0x0000000088200000, 0x0000000088200000|100%| O|  |TAMS 0x0000000088100000| PB 0x0000000088100000| Untracked 
| 130|0x0000000088200000, 0x0000000088300000, 0x0000000088300000|100%|HS|  |TAMS 0x0000000088200000| PB 0x0000000088200000| Complete 
| 131|0x0000000088300000, 0x0000000088400000, 0x0000000088400000|100%|HS|  |TAMS 0x0000000088300000| PB 0x0000000088300000| Complete 
| 132|0x0000000088400000, 0x0000000088500000, 0x0000000088500000|100%|HS|  |TAMS 0x0000000088400000| PB 0x0000000088400000| Complete 
| 133|0x0000000088500000, 0x0000000088600000, 0x0000000088600000|100%| O|  |TAMS 0x0000000088500000| PB 0x0000000088500000| Untracked 
| 134|0x0000000088600000, 0x0000000088700000, 0x0000000088700000|100%| O|  |TAMS 0x0000000088600000| PB 0x0000000088600000| Untracked 
| 135|0x0000000088700000, 0x0000000088800000, 0x0000000088800000|100%| O|  |TAMS 0x0000000088700000| PB 0x0000000088700000| Untracked 
| 136|0x0000000088800000, 0x0000000088900000, 0x0000000088900000|100%| O|  |TAMS 0x0000000088800000| PB 0x0000000088800000| Untracked 
| 137|0x0000000088900000, 0x0000000088a00000, 0x0000000088a00000|100%| O|  |TAMS 0x0000000088900000| PB 0x0000000088900000| Untracked 
| 138|0x0000000088a00000, 0x0000000088b00000, 0x0000000088b00000|100%| O|  |TAMS 0x0000000088a00000| PB 0x0000000088a00000| Untracked 
| 139|0x0000000088b00000, 0x0000000088c00000, 0x0000000088c00000|100%| O|  |TAMS 0x0000000088b00000| PB 0x0000000088b00000| Untracked 
| 140|0x0000000088c00000, 0x0000000088d00000, 0x0000000088d00000|100%| O|  |TAMS 0x0000000088c00000| PB 0x0000000088c00000| Untracked 
| 141|0x0000000088d00000, 0x0000000088e00000, 0x0000000088e00000|100%| O|  |TAMS 0x0000000088d00000| PB 0x0000000088d00000| Untracked 
| 142|0x0000000088e00000, 0x0000000088f00000, 0x0000000088f00000|100%|HS|  |TAMS 0x0000000088e00000| PB 0x0000000088e00000| Complete 
| 143|0x0000000088f00000, 0x0000000089000000, 0x0000000089000000|100%|HS|  |TAMS 0x0000000088f00000| PB 0x0000000088f00000| Complete 
| 144|0x0000000089000000, 0x0000000089100000, 0x0000000089100000|100%|HS|  |TAMS 0x0000000089000000| PB 0x0000000089000000| Complete 
| 145|0x0000000089100000, 0x0000000089200000, 0x0000000089200000|100%|HS|  |TAMS 0x0000000089100000| PB 0x0000000089100000| Complete 
| 146|0x0000000089200000, 0x0000000089300000, 0x0000000089300000|100%|HC|  |TAMS 0x0000000089200000| PB 0x0000000089200000| Complete 
| 147|0x0000000089300000, 0x0000000089400000, 0x0000000089400000|100%|HC|  |TAMS 0x0000000089300000| PB 0x0000000089300000| Complete 
| 148|0x0000000089400000, 0x0000000089500000, 0x0000000089500000|100%|HS|  |TAMS 0x0000000089400000| PB 0x0000000089400000| Complete 
| 149|0x0000000089500000, 0x0000000089600000, 0x0000000089600000|100%|HS|  |TAMS 0x0000000089500000| PB 0x0000000089500000| Complete 
| 150|0x0000000089600000, 0x0000000089700000, 0x0000000089700000|100%|HC|  |TAMS 0x0000000089600000| PB 0x0000000089600000| Complete 
| 151|0x0000000089700000, 0x0000000089800000, 0x0000000089800000|100%| O|Cm|TAMS 0x0000000089700000| PB 0x0000000089700000| Complete 
| 152|0x0000000089800000, 0x0000000089900000, 0x0000000089900000|100%| O|  |TAMS 0x0000000089800000| PB 0x0000000089800000| Untracked 
| 153|0x0000000089900000, 0x0000000089a00000, 0x0000000089a00000|100%| O|  |TAMS 0x0000000089900000| PB 0x0000000089900000| Untracked 
| 154|0x0000000089a00000, 0x0000000089b00000, 0x0000000089b00000|100%| O|  |TAMS 0x0000000089a00000| PB 0x0000000089a00000| Untracked 
| 155|0x0000000089b00000, 0x0000000089c00000, 0x0000000089c00000|100%| O|  |TAMS 0x0000000089b00000| PB 0x0000000089b00000| Untracked 
| 156|0x0000000089c00000, 0x0000000089d00000, 0x0000000089d00000|100%| O|  |TAMS 0x0000000089c00000| PB 0x0000000089c00000| Untracked 
| 157|0x0000000089d00000, 0x0000000089e00000, 0x0000000089e00000|100%| O|  |TAMS 0x0000000089d00000| PB 0x0000000089d00000| Untracked 
| 158|0x0000000089e00000, 0x0000000089f00000, 0x0000000089f00000|100%| O|  |TAMS 0x0000000089e00000| PB 0x0000000089e00000| Untracked 
| 159|0x0000000089f00000, 0x000000008a000000, 0x000000008a000000|100%| O|Cm|TAMS 0x0000000089f00000| PB 0x0000000089f00000| Complete 
| 160|0x000000008a000000, 0x000000008a100000, 0x000000008a100000|100%| O|Cm|TAMS 0x000000008a000000| PB 0x000000008a000000| Complete 
| 161|0x000000008a100000, 0x000000008a200000, 0x000000008a200000|100%| O|  |TAMS 0x000000008a100000| PB 0x000000008a100000| Untracked 
| 162|0x000000008a200000, 0x000000008a300000, 0x000000008a300000|100%| O|  |TAMS 0x000000008a200000| PB 0x000000008a200000| Untracked 
| 163|0x000000008a300000, 0x000000008a400000, 0x000000008a400000|100%|HS|  |TAMS 0x000000008a300000| PB 0x000000008a300000| Complete 
| 164|0x000000008a400000, 0x000000008a500000, 0x000000008a500000|100%|HS|  |TAMS 0x000000008a400000| PB 0x000000008a400000| Complete 
| 165|0x000000008a500000, 0x000000008a600000, 0x000000008a600000|100%| O|  |TAMS 0x000000008a500000| PB 0x000000008a500000| Untracked 
| 166|0x000000008a600000, 0x000000008a700000, 0x000000008a700000|100%| O|  |TAMS 0x000000008a600000| PB 0x000000008a600000| Untracked 
| 167|0x000000008a700000, 0x000000008a800000, 0x000000008a800000|100%| O|  |TAMS 0x000000008a700000| PB 0x000000008a700000| Untracked 
| 168|0x000000008a800000, 0x000000008a900000, 0x000000008a900000|100%| O|  |TAMS 0x000000008a800000| PB 0x000000008a800000| Untracked 
| 169|0x000000008a900000, 0x000000008aa00000, 0x000000008aa00000|100%| O|  |TAMS 0x000000008a900000| PB 0x000000008a900000| Untracked 
| 170|0x000000008aa00000, 0x000000008ab00000, 0x000000008ab00000|100%| O|  |TAMS 0x000000008aa00000| PB 0x000000008aa00000| Untracked 
| 171|0x000000008ab00000, 0x000000008ac00000, 0x000000008ac00000|100%| O|  |TAMS 0x000000008ab00000| PB 0x000000008ab00000| Untracked 
| 172|0x000000008ac00000, 0x000000008ad00000, 0x000000008ad00000|100%| O|  |TAMS 0x000000008ac00000| PB 0x000000008ac00000| Untracked 
| 173|0x000000008ad00000, 0x000000008ae00000, 0x000000008ae00000|100%| O|  |TAMS 0x000000008ad00000| PB 0x000000008ad00000| Untracked 
| 174|0x000000008ae00000, 0x000000008af00000, 0x000000008af00000|100%| O|  |TAMS 0x000000008ae00000| PB 0x000000008ae00000| Untracked 
| 175|0x000000008af00000, 0x000000008b000000, 0x000000008b000000|100%| O|  |TAMS 0x000000008af00000| PB 0x000000008af00000| Untracked 
| 176|0x000000008b000000, 0x000000008b100000, 0x000000008b100000|100%| O|Cm|TAMS 0x000000008b000000| PB 0x000000008b000000| Complete 
| 177|0x000000008b100000, 0x000000008b200000, 0x000000008b200000|100%| O|Cm|TAMS 0x000000008b100000| PB 0x000000008b100000| Complete 
| 178|0x000000008b200000, 0x000000008b300000, 0x000000008b300000|100%| O|  |TAMS 0x000000008b200000| PB 0x000000008b200000| Untracked 
| 179|0x000000008b300000, 0x000000008b400000, 0x000000008b400000|100%| O|  |TAMS 0x000000008b300000| PB 0x000000008b300000| Untracked 
| 180|0x000000008b400000, 0x000000008b500000, 0x000000008b500000|100%| O|  |TAMS 0x000000008b400000| PB 0x000000008b400000| Untracked 
| 181|0x000000008b500000, 0x000000008b600000, 0x000000008b600000|100%| O|  |TAMS 0x000000008b500000| PB 0x000000008b500000| Untracked 
| 182|0x000000008b600000, 0x000000008b700000, 0x000000008b700000|100%| O|  |TAMS 0x000000008b600000| PB 0x000000008b600000| Untracked 
| 183|0x000000008b700000, 0x000000008b800000, 0x000000008b800000|100%| O|  |TAMS 0x000000008b700000| PB 0x000000008b700000| Untracked 
| 184|0x000000008b800000, 0x000000008b900000, 0x000000008b900000|100%| O|  |TAMS 0x000000008b800000| PB 0x000000008b800000| Untracked 
| 185|0x000000008b900000, 0x000000008ba00000, 0x000000008ba00000|100%| O|  |TAMS 0x000000008b900000| PB 0x000000008b900000| Untracked 
| 186|0x000000008ba00000, 0x000000008bad1c20, 0x000000008bb00000| 81%| O|  |TAMS 0x000000008ba00000| PB 0x000000008ba00000| Untracked 
| 187|0x000000008bb00000, 0x000000008bc00000, 0x000000008bc00000|100%|HS|  |TAMS 0x000000008bb00000| PB 0x000000008bb00000| Complete 
| 188|0x000000008bc00000, 0x000000008bd00000, 0x000000008bd00000|100%|HS|  |TAMS 0x000000008bc00000| PB 0x000000008bc00000| Complete 
| 189|0x000000008bd00000, 0x000000008be00000, 0x000000008be00000|100%|HC|  |TAMS 0x000000008bd00000| PB 0x000000008bd00000| Complete 
| 190|0x000000008be00000, 0x000000008bf00000, 0x000000008bf00000|100%| O|  |TAMS 0x000000008be00000| PB 0x000000008be00000| Untracked 
| 191|0x000000008bf00000, 0x000000008c000000, 0x000000008c000000|100%| O|  |TAMS 0x000000008bf00000| PB 0x000000008bf00000| Untracked 
| 192|0x000000008c000000, 0x000000008c100000, 0x000000008c100000|100%| O|  |TAMS 0x000000008c000000| PB 0x000000008c000000| Untracked 
| 193|0x000000008c100000, 0x000000008c200000, 0x000000008c200000|100%| O|  |TAMS 0x000000008c100000| PB 0x000000008c100000| Untracked 
| 194|0x000000008c200000, 0x000000008c300000, 0x000000008c300000|100%| O|  |TAMS 0x000000008c200000| PB 0x000000008c200000| Untracked 
| 195|0x000000008c300000, 0x000000008c400000, 0x000000008c400000|100%|HS|  |TAMS 0x000000008c300000| PB 0x000000008c300000| Complete 
| 196|0x000000008c400000, 0x000000008c500000, 0x000000008c500000|100%|HS|  |TAMS 0x000000008c400000| PB 0x000000008c400000| Complete 
| 197|0x000000008c500000, 0x000000008c600000, 0x000000008c600000|100%|HC|  |TAMS 0x000000008c500000| PB 0x000000008c500000| Complete 
| 198|0x000000008c600000, 0x000000008c700000, 0x000000008c700000|100%|HC|  |TAMS 0x000000008c600000| PB 0x000000008c600000| Complete 
| 199|0x000000008c700000, 0x000000008c800000, 0x000000008c800000|100%|HC|  |TAMS 0x000000008c700000| PB 0x000000008c700000| Complete 
| 200|0x000000008c800000, 0x000000008c900000, 0x000000008c900000|100%|HS|  |TAMS 0x000000008c800000| PB 0x000000008c800000| Complete 
| 201|0x000000008c900000, 0x000000008c900000, 0x000000008ca00000|  0%| F|  |TAMS 0x000000008c900000| PB 0x000000008c900000| Untracked 
| 202|0x000000008ca00000, 0x000000008ca00000, 0x000000008cb00000|  0%| F|  |TAMS 0x000000008ca00000| PB 0x000000008ca00000| Untracked 
| 203|0x000000008cb00000, 0x000000008cb00000, 0x000000008cc00000|  0%| F|  |TAMS 0x000000008cb00000| PB 0x000000008cb00000| Untracked 
| 204|0x000000008cc00000, 0x000000008cc00000, 0x000000008cd00000|  0%| F|  |TAMS 0x000000008cc00000| PB 0x000000008cc00000| Untracked 
| 205|0x000000008cd00000, 0x000000008cd00000, 0x000000008ce00000|  0%| F|  |TAMS 0x000000008cd00000| PB 0x000000008cd00000| Untracked 
| 206|0x000000008ce00000, 0x000000008ce00000, 0x000000008cf00000|  0%| F|  |TAMS 0x000000008ce00000| PB 0x000000008ce00000| Untracked 
| 207|0x000000008cf00000, 0x000000008cf00000, 0x000000008d000000|  0%| F|  |TAMS 0x000000008cf00000| PB 0x000000008cf00000| Untracked 
| 208|0x000000008d000000, 0x000000008d000000, 0x000000008d100000|  0%| F|  |TAMS 0x000000008d000000| PB 0x000000008d000000| Untracked 
| 209|0x000000008d100000, 0x000000008d100000, 0x000000008d200000|  0%| F|  |TAMS 0x000000008d100000| PB 0x000000008d100000| Untracked 
| 210|0x000000008d200000, 0x000000008d200000, 0x000000008d300000|  0%| F|  |TAMS 0x000000008d200000| PB 0x000000008d200000| Untracked 
| 211|0x000000008d300000, 0x000000008d300000, 0x000000008d400000|  0%| F|  |TAMS 0x000000008d300000| PB 0x000000008d300000| Untracked 
| 212|0x000000008d400000, 0x000000008d400000, 0x000000008d500000|  0%| F|  |TAMS 0x000000008d400000| PB 0x000000008d400000| Untracked 
| 213|0x000000008d500000, 0x000000008d500000, 0x000000008d600000|  0%| F|  |TAMS 0x000000008d500000| PB 0x000000008d500000| Untracked 
| 214|0x000000008d600000, 0x000000008d600000, 0x000000008d700000|  0%| F|  |TAMS 0x000000008d600000| PB 0x000000008d600000| Untracked 
| 215|0x000000008d700000, 0x000000008d700000, 0x000000008d800000|  0%| F|  |TAMS 0x000000008d700000| PB 0x000000008d700000| Untracked 
| 216|0x000000008d800000, 0x000000008d800000, 0x000000008d900000|  0%| F|  |TAMS 0x000000008d800000| PB 0x000000008d800000| Untracked 
| 217|0x000000008d900000, 0x000000008d900000, 0x000000008da00000|  0%| F|  |TAMS 0x000000008d900000| PB 0x000000008d900000| Untracked 
| 218|0x000000008da00000, 0x000000008da00000, 0x000000008db00000|  0%| F|  |TAMS 0x000000008da00000| PB 0x000000008da00000| Untracked 
| 219|0x000000008db00000, 0x000000008db00000, 0x000000008dc00000|  0%| F|  |TAMS 0x000000008db00000| PB 0x000000008db00000| Untracked 
| 220|0x000000008dc00000, 0x000000008dc00000, 0x000000008dd00000|  0%| F|  |TAMS 0x000000008dc00000| PB 0x000000008dc00000| Untracked 
| 221|0x000000008dd00000, 0x000000008dd00000, 0x000000008de00000|  0%| F|  |TAMS 0x000000008dd00000| PB 0x000000008dd00000| Untracked 
| 222|0x000000008de00000, 0x000000008de00000, 0x000000008df00000|  0%| F|  |TAMS 0x000000008de00000| PB 0x000000008de00000| Untracked 
| 223|0x000000008df00000, 0x000000008df00000, 0x000000008e000000|  0%| F|  |TAMS 0x000000008df00000| PB 0x000000008df00000| Untracked 
| 224|0x000000008e000000, 0x000000008e000000, 0x000000008e100000|  0%| F|  |TAMS 0x000000008e000000| PB 0x000000008e000000| Untracked 
| 225|0x000000008e100000, 0x000000008e100000, 0x000000008e200000|  0%| F|  |TAMS 0x000000008e100000| PB 0x000000008e100000| Untracked 
| 226|0x000000008e200000, 0x000000008e200000, 0x000000008e300000|  0%| F|  |TAMS 0x000000008e200000| PB 0x000000008e200000| Untracked 
| 227|0x000000008e300000, 0x000000008e300000, 0x000000008e400000|  0%| F|  |TAMS 0x000000008e300000| PB 0x000000008e300000| Untracked 
| 228|0x000000008e400000, 0x000000008e400000, 0x000000008e500000|  0%| F|  |TAMS 0x000000008e400000| PB 0x000000008e400000| Untracked 
| 229|0x000000008e500000, 0x000000008e500000, 0x000000008e600000|  0%| F|  |TAMS 0x000000008e500000| PB 0x000000008e500000| Untracked 
| 230|0x000000008e600000, 0x000000008e600000, 0x000000008e700000|  0%| F|  |TAMS 0x000000008e600000| PB 0x000000008e600000| Untracked 
| 231|0x000000008e700000, 0x000000008e700000, 0x000000008e800000|  0%| F|  |TAMS 0x000000008e700000| PB 0x000000008e700000| Untracked 
| 232|0x000000008e800000, 0x000000008e800000, 0x000000008e900000|  0%| F|  |TAMS 0x000000008e800000| PB 0x000000008e800000| Untracked 
| 233|0x000000008e900000, 0x000000008e900000, 0x000000008ea00000|  0%| F|  |TAMS 0x000000008e900000| PB 0x000000008e900000| Untracked 
| 234|0x000000008ea00000, 0x000000008ea00000, 0x000000008eb00000|  0%| F|  |TAMS 0x000000008ea00000| PB 0x000000008ea00000| Untracked 
| 235|0x000000008eb00000, 0x000000008eb00000, 0x000000008ec00000|  0%| F|  |TAMS 0x000000008eb00000| PB 0x000000008eb00000| Untracked 
| 236|0x000000008ec00000, 0x000000008ec00000, 0x000000008ed00000|  0%| F|  |TAMS 0x000000008ec00000| PB 0x000000008ec00000| Untracked 
| 237|0x000000008ed00000, 0x000000008ed00000, 0x000000008ee00000|  0%| F|  |TAMS 0x000000008ed00000| PB 0x000000008ed00000| Untracked 
| 238|0x000000008ee00000, 0x000000008ee00000, 0x000000008ef00000|  0%| F|  |TAMS 0x000000008ee00000| PB 0x000000008ee00000| Untracked 
| 239|0x000000008ef00000, 0x000000008ef00000, 0x000000008f000000|  0%| F|  |TAMS 0x000000008ef00000| PB 0x000000008ef00000| Untracked 
| 240|0x000000008f000000, 0x000000008f000000, 0x000000008f100000|  0%| F|  |TAMS 0x000000008f000000| PB 0x000000008f000000| Untracked 
| 241|0x000000008f100000, 0x000000008f100000, 0x000000008f200000|  0%| F|  |TAMS 0x000000008f100000| PB 0x000000008f100000| Untracked 
| 242|0x000000008f200000, 0x000000008f200000, 0x000000008f300000|  0%| F|  |TAMS 0x000000008f200000| PB 0x000000008f200000| Untracked 
| 243|0x000000008f300000, 0x000000008f300000, 0x000000008f400000|  0%| F|  |TAMS 0x000000008f300000| PB 0x000000008f300000| Untracked 
| 244|0x000000008f400000, 0x000000008f400000, 0x000000008f500000|  0%| F|  |TAMS 0x000000008f400000| PB 0x000000008f400000| Untracked 
| 245|0x000000008f500000, 0x000000008f500000, 0x000000008f600000|  0%| F|  |TAMS 0x000000008f500000| PB 0x000000008f500000| Untracked 
| 246|0x000000008f600000, 0x000000008f600000, 0x000000008f700000|  0%| F|  |TAMS 0x000000008f600000| PB 0x000000008f600000| Untracked 
| 247|0x000000008f700000, 0x000000008f700000, 0x000000008f800000|  0%| F|  |TAMS 0x000000008f700000| PB 0x000000008f700000| Untracked 
| 248|0x000000008f800000, 0x000000008f800000, 0x000000008f900000|  0%| F|  |TAMS 0x000000008f800000| PB 0x000000008f800000| Untracked 
| 249|0x000000008f900000, 0x000000008f900000, 0x000000008fa00000|  0%| F|  |TAMS 0x000000008f900000| PB 0x000000008f900000| Untracked 
| 250|0x000000008fa00000, 0x000000008fa00000, 0x000000008fb00000|  0%| F|  |TAMS 0x000000008fa00000| PB 0x000000008fa00000| Untracked 
| 251|0x000000008fb00000, 0x000000008fb00000, 0x000000008fc00000|  0%| F|  |TAMS 0x000000008fb00000| PB 0x000000008fb00000| Untracked 
| 252|0x000000008fc00000, 0x000000008fc00000, 0x000000008fd00000|  0%| F|  |TAMS 0x000000008fc00000| PB 0x000000008fc00000| Untracked 
| 253|0x000000008fd00000, 0x000000008fd00000, 0x000000008fe00000|  0%| F|  |TAMS 0x000000008fd00000| PB 0x000000008fd00000| Untracked 
| 254|0x000000008fe00000, 0x000000008fe00000, 0x000000008ff00000|  0%| F|  |TAMS 0x000000008fe00000| PB 0x000000008fe00000| Untracked 
| 255|0x000000008ff00000, 0x000000008ff00000, 0x0000000090000000|  0%| F|  |TAMS 0x000000008ff00000| PB 0x000000008ff00000| Untracked 
| 256|0x0000000090000000, 0x0000000090000000, 0x0000000090100000|  0%| F|  |TAMS 0x0000000090000000| PB 0x0000000090000000| Untracked 
| 257|0x0000000090100000, 0x0000000090100000, 0x0000000090200000|  0%| F|  |TAMS 0x0000000090100000| PB 0x0000000090100000| Untracked 
| 258|0x0000000090200000, 0x0000000090200000, 0x0000000090300000|  0%| F|  |TAMS 0x0000000090200000| PB 0x0000000090200000| Untracked 
| 259|0x0000000090300000, 0x0000000090300000, 0x0000000090400000|  0%| F|  |TAMS 0x0000000090300000| PB 0x0000000090300000| Untracked 
| 260|0x0000000090400000, 0x0000000090400000, 0x0000000090500000|  0%| F|  |TAMS 0x0000000090400000| PB 0x0000000090400000| Untracked 
| 261|0x0000000090500000, 0x0000000090500000, 0x0000000090600000|  0%| F|  |TAMS 0x0000000090500000| PB 0x0000000090500000| Untracked 
| 262|0x0000000090600000, 0x0000000090600000, 0x0000000090700000|  0%| F|  |TAMS 0x0000000090600000| PB 0x0000000090600000| Untracked 
| 263|0x0000000090700000, 0x0000000090700000, 0x0000000090800000|  0%| F|  |TAMS 0x0000000090700000| PB 0x0000000090700000| Untracked 
| 264|0x0000000090800000, 0x0000000090800000, 0x0000000090900000|  0%| F|  |TAMS 0x0000000090800000| PB 0x0000000090800000| Untracked 
| 265|0x0000000090900000, 0x0000000090900000, 0x0000000090a00000|  0%| F|  |TAMS 0x0000000090900000| PB 0x0000000090900000| Untracked 
| 266|0x0000000090a00000, 0x0000000090a00000, 0x0000000090b00000|  0%| F|  |TAMS 0x0000000090a00000| PB 0x0000000090a00000| Untracked 
| 267|0x0000000090b00000, 0x0000000090b00000, 0x0000000090c00000|  0%| F|  |TAMS 0x0000000090b00000| PB 0x0000000090b00000| Untracked 
| 268|0x0000000090c00000, 0x0000000090c00000, 0x0000000090d00000|  0%| F|  |TAMS 0x0000000090c00000| PB 0x0000000090c00000| Untracked 
| 269|0x0000000090d00000, 0x0000000090d00000, 0x0000000090e00000|  0%| F|  |TAMS 0x0000000090d00000| PB 0x0000000090d00000| Untracked 
| 270|0x0000000090e00000, 0x0000000090e00000, 0x0000000090f00000|  0%| F|  |TAMS 0x0000000090e00000| PB 0x0000000090e00000| Untracked 
| 271|0x0000000090f00000, 0x0000000090f00000, 0x0000000091000000|  0%| F|  |TAMS 0x0000000090f00000| PB 0x0000000090f00000| Untracked 
| 272|0x0000000091000000, 0x0000000091000000, 0x0000000091100000|  0%| F|  |TAMS 0x0000000091000000| PB 0x0000000091000000| Untracked 
| 273|0x0000000091100000, 0x0000000091100000, 0x0000000091200000|  0%| F|  |TAMS 0x0000000091100000| PB 0x0000000091100000| Untracked 
| 274|0x0000000091200000, 0x0000000091200000, 0x0000000091300000|  0%| F|  |TAMS 0x0000000091200000| PB 0x0000000091200000| Untracked 
| 275|0x0000000091300000, 0x0000000091300000, 0x0000000091400000|  0%| F|  |TAMS 0x0000000091300000| PB 0x0000000091300000| Untracked 
| 276|0x0000000091400000, 0x00000000914ed4b8, 0x0000000091500000| 92%| S|CS|TAMS 0x0000000091400000| PB 0x0000000091400000| Complete 
| 277|0x0000000091500000, 0x0000000091600000, 0x0000000091600000|100%| S|CS|TAMS 0x0000000091500000| PB 0x0000000091500000| Complete 
| 278|0x0000000091600000, 0x0000000091700000, 0x0000000091700000|100%| S|CS|TAMS 0x0000000091600000| PB 0x0000000091600000| Complete 
| 279|0x0000000091700000, 0x0000000091800000, 0x0000000091800000|100%| S|CS|TAMS 0x0000000091700000| PB 0x0000000091700000| Complete 
| 280|0x0000000091800000, 0x0000000091900000, 0x0000000091900000|100%| S|CS|TAMS 0x0000000091800000| PB 0x0000000091800000| Complete 
| 281|0x0000000091900000, 0x0000000091a00000, 0x0000000091a00000|100%| S|CS|TAMS 0x0000000091900000| PB 0x0000000091900000| Complete 
| 282|0x0000000091a00000, 0x0000000091b00000, 0x0000000091b00000|100%| S|CS|TAMS 0x0000000091a00000| PB 0x0000000091a00000| Complete 
| 283|0x0000000091b00000, 0x0000000091b00000, 0x0000000091c00000|  0%| F|  |TAMS 0x0000000091b00000| PB 0x0000000091b00000| Untracked 
| 284|0x0000000091c00000, 0x0000000091c00000, 0x0000000091d00000|  0%| F|  |TAMS 0x0000000091c00000| PB 0x0000000091c00000| Untracked 
| 285|0x0000000091d00000, 0x0000000091d321b0, 0x0000000091e00000| 19%| E|  |TAMS 0x0000000091d00000| PB 0x0000000091d00000| Complete 
| 286|0x0000000091e00000, 0x0000000091f00000, 0x0000000091f00000|100%| E|CS|TAMS 0x0000000091e00000| PB 0x0000000091e00000| Complete 
| 287|0x0000000091f00000, 0x0000000092000000, 0x0000000092000000|100%| E|CS|TAMS 0x0000000091f00000| PB 0x0000000091f00000| Complete 
| 288|0x0000000092000000, 0x0000000092100000, 0x0000000092100000|100%| E|CS|TAMS 0x0000000092000000| PB 0x0000000092000000| Complete 
| 289|0x0000000092100000, 0x0000000092200000, 0x0000000092200000|100%| E|CS|TAMS 0x0000000092100000| PB 0x0000000092100000| Complete 
| 290|0x0000000092200000, 0x0000000092300000, 0x0000000092300000|100%| E|CS|TAMS 0x0000000092200000| PB 0x0000000092200000| Complete 
| 291|0x0000000092300000, 0x0000000092400000, 0x0000000092400000|100%| E|CS|TAMS 0x0000000092300000| PB 0x0000000092300000| Complete 
| 292|0x0000000092400000, 0x0000000092500000, 0x0000000092500000|100%| E|CS|TAMS 0x0000000092400000| PB 0x0000000092400000| Complete 
| 293|0x0000000092500000, 0x0000000092600000, 0x0000000092600000|100%| E|CS|TAMS 0x0000000092500000| PB 0x0000000092500000| Complete 
| 294|0x0000000092600000, 0x0000000092700000, 0x0000000092700000|100%| E|CS|TAMS 0x0000000092600000| PB 0x0000000092600000| Complete 
| 295|0x0000000092700000, 0x0000000092800000, 0x0000000092800000|100%| E|CS|TAMS 0x0000000092700000| PB 0x0000000092700000| Complete 
| 296|0x0000000092800000, 0x0000000092900000, 0x0000000092900000|100%| E|CS|TAMS 0x0000000092800000| PB 0x0000000092800000| Complete 
| 297|0x0000000092900000, 0x0000000092a00000, 0x0000000092a00000|100%| E|CS|TAMS 0x0000000092900000| PB 0x0000000092900000| Complete 
| 298|0x0000000092a00000, 0x0000000092b00000, 0x0000000092b00000|100%| E|CS|TAMS 0x0000000092a00000| PB 0x0000000092a00000| Complete 
| 299|0x0000000092b00000, 0x0000000092c00000, 0x0000000092c00000|100%| E|CS|TAMS 0x0000000092b00000| PB 0x0000000092b00000| Complete 
| 300|0x0000000092c00000, 0x0000000092d00000, 0x0000000092d00000|100%| E|CS|TAMS 0x0000000092c00000| PB 0x0000000092c00000| Complete 
| 301|0x0000000092d00000, 0x0000000092e00000, 0x0000000092e00000|100%| E|CS|TAMS 0x0000000092d00000| PB 0x0000000092d00000| Complete 
| 302|0x0000000092e00000, 0x0000000092f00000, 0x0000000092f00000|100%| E|CS|TAMS 0x0000000092e00000| PB 0x0000000092e00000| Complete 
| 303|0x0000000092f00000, 0x0000000093000000, 0x0000000093000000|100%| E|CS|TAMS 0x0000000092f00000| PB 0x0000000092f00000| Complete 
| 304|0x0000000093000000, 0x0000000093100000, 0x0000000093100000|100%| E|CS|TAMS 0x0000000093000000| PB 0x0000000093000000| Complete 
| 305|0x0000000093100000, 0x0000000093200000, 0x0000000093200000|100%| E|CS|TAMS 0x0000000093100000| PB 0x0000000093100000| Complete 
| 306|0x0000000093200000, 0x0000000093300000, 0x0000000093300000|100%| E|CS|TAMS 0x0000000093200000| PB 0x0000000093200000| Complete 
| 307|0x0000000093300000, 0x0000000093400000, 0x0000000093400000|100%| E|CS|TAMS 0x0000000093300000| PB 0x0000000093300000| Complete 
| 308|0x0000000093400000, 0x0000000093500000, 0x0000000093500000|100%| E|CS|TAMS 0x0000000093400000| PB 0x0000000093400000| Complete 
| 309|0x0000000093500000, 0x0000000093600000, 0x0000000093600000|100%| E|CS|TAMS 0x0000000093500000| PB 0x0000000093500000| Complete 
| 310|0x0000000093600000, 0x0000000093700000, 0x0000000093700000|100%| E|CS|TAMS 0x0000000093600000| PB 0x0000000093600000| Complete 
| 311|0x0000000093700000, 0x0000000093800000, 0x0000000093800000|100%| E|CS|TAMS 0x0000000093700000| PB 0x0000000093700000| Complete 
| 312|0x0000000093800000, 0x0000000093900000, 0x0000000093900000|100%| E|CS|TAMS 0x0000000093800000| PB 0x0000000093800000| Complete 
| 313|0x0000000093900000, 0x0000000093a00000, 0x0000000093a00000|100%| E|CS|TAMS 0x0000000093900000| PB 0x0000000093900000| Complete 
| 314|0x0000000093a00000, 0x0000000093b00000, 0x0000000093b00000|100%| E|CS|TAMS 0x0000000093a00000| PB 0x0000000093a00000| Complete 
| 315|0x0000000093b00000, 0x0000000093c00000, 0x0000000093c00000|100%| E|CS|TAMS 0x0000000093b00000| PB 0x0000000093b00000| Complete 
| 316|0x0000000093c00000, 0x0000000093d00000, 0x0000000093d00000|100%| E|CS|TAMS 0x0000000093c00000| PB 0x0000000093c00000| Complete 
| 317|0x0000000093d00000, 0x0000000093e00000, 0x0000000093e00000|100%| E|CS|TAMS 0x0000000093d00000| PB 0x0000000093d00000| Complete 
| 318|0x0000000093e00000, 0x0000000093f00000, 0x0000000093f00000|100%| E|CS|TAMS 0x0000000093e00000| PB 0x0000000093e00000| Complete 
| 319|0x0000000093f00000, 0x0000000094000000, 0x0000000094000000|100%| E|CS|TAMS 0x0000000093f00000| PB 0x0000000093f00000| Complete 
| 320|0x0000000094000000, 0x0000000094100000, 0x0000000094100000|100%| E|CS|TAMS 0x0000000094000000| PB 0x0000000094000000| Complete 
|2037|0x00000000ff500000, 0x00000000ff600000, 0x00000000ff600000|100%| O|  |TAMS 0x00000000ff500000| PB 0x00000000ff500000| Untracked 
|2038|0x00000000ff600000, 0x00000000ff700000, 0x00000000ff700000|100%| E|CS|TAMS 0x00000000ff600000| PB 0x00000000ff600000| Complete 
|2039|0x00000000ff700000, 0x00000000ff800000, 0x00000000ff800000|100%| E|CS|TAMS 0x00000000ff700000| PB 0x00000000ff700000| Complete 
|2040|0x00000000ff800000, 0x00000000ff900000, 0x00000000ff900000|100%| E|CS|TAMS 0x00000000ff800000| PB 0x00000000ff800000| Complete 
|2041|0x00000000ff900000, 0x00000000ffa00000, 0x00000000ffa00000|100%| E|CS|TAMS 0x00000000ff900000| PB 0x00000000ff900000| Complete 
|2042|0x00000000ffa00000, 0x00000000ffb00000, 0x00000000ffb00000|100%| O|  |TAMS 0x00000000ffa00000| PB 0x00000000ffa00000| Untracked 
|2043|0x00000000ffb00000, 0x00000000ffc00000, 0x00000000ffc00000|100%| O|  |TAMS 0x00000000ffb00000| PB 0x00000000ffb00000| Untracked 
|2044|0x00000000ffc00000, 0x00000000ffd00000, 0x00000000ffd00000|100%| E|CS|TAMS 0x00000000ffc00000| PB 0x00000000ffc00000| Complete 
|2045|0x00000000ffd00000, 0x00000000ffe00000, 0x00000000ffe00000|100%| O|  |TAMS 0x00000000ffd00000| PB 0x00000000ffd00000| Untracked 
|2046|0x00000000ffe00000, 0x00000000fff00000, 0x00000000fff00000|100%| O|  |TAMS 0x00000000ffe00000| PB 0x00000000ffe00000| Untracked 
|2047|0x00000000fff00000, 0x0000000100000000, 0x0000000100000000|100%| O|  |TAMS 0x00000000fff00000| PB 0x00000000fff00000| Untracked 

Card table byte_map: [0x0000016b3f640000,0x0000016b3fa40000] _byte_map_base: 0x0000016b3f240000

Marking Bits: (CMBitMap*) 0x0000016b2cd68790
 Bits: [0x0000016b3fa40000, 0x0000016b41a40000)

Polling page: 0x0000016b2aac0000

Metaspace:

Usage:
  Non-class:     96.01 MB used.
      Class:     15.93 MB used.
       Both:    111.94 MB used.

Virtual space:
  Non-class space:      128.00 MB reserved,      97.50 MB ( 76%) committed,  2 nodes.
      Class space:      416.00 MB reserved,      17.25 MB (  4%) committed,  1 nodes.
             Both:      544.00 MB reserved,     114.75 MB ( 21%) committed. 

Chunk freelists:
   Non-Class:  14.55 MB
       Class:  14.76 MB
        Both:  29.31 MB

MaxMetaspaceSize: 512.00 MB
CompressedClassSpaceSize: 416.00 MB
Initial GC threshold: 21.00 MB
Current GC threshold: 190.25 MB
CDS: on
 - commit_granule_bytes: 65536.
 - commit_granule_words: 8192.
 - virtual_space_node_default_size: 8388608.
 - enlarge_chunks_in_place: 1.
 - use_allocation_guard: 0.


Internal statistics:

num_allocs_failed_limit: 6.
num_arena_births: 4632.
num_arena_deaths: 0.
num_vsnodes_births: 3.
num_vsnodes_deaths: 0.
num_space_committed: 1836.
num_space_uncommitted: 0.
num_chunks_returned_to_freelist: 6.
num_chunks_taken_from_freelist: 10045.
num_chunk_merges: 6.
num_chunk_splits: 6477.
num_chunks_enlarged: 3950.
num_inconsistent_stats: 0.

CodeHeap 'non-profiled nmethods': size=120000Kb used=9388Kb max_used=9388Kb free=110611Kb
 bounds [0x0000016b379e0000, 0x0000016b38310000, 0x0000016b3ef10000]
CodeHeap 'profiled nmethods': size=120000Kb used=28579Kb max_used=28579Kb free=91420Kb
 bounds [0x0000016b2ff10000, 0x0000016b31b00000, 0x0000016b37440000]
CodeHeap 'non-nmethods': size=5760Kb used=2828Kb max_used=2898Kb free=2931Kb
 bounds [0x0000016b37440000, 0x0000016b37730000, 0x0000016b379e0000]
CodeCache: size=245760Kb, used=40795Kb, max_used=40865Kb, free=204962Kb
 total_blobs=15364, nmethods=14293, adapters=974, full_count=0
Compilation: enabled, stopped_count=0, restarted_count=0

Compilation events (20 events):
Event: 292.335 Thread 0x0000016b4450aff0 nmethod 16986 0x0000016b38307e10 code [0x0000016b38308060, 0x0000016b38308c98]
Event: 292.335 Thread 0x0000016b4450aff0 16990       4       java.lang.StringLatin1::lastIndexOf (125 bytes)
Event: 292.336 Thread 0x0000016b44515690 16999   !   3       jdk.proxy1.$Proxy52::equals (39 bytes)
Event: 292.337 Thread 0x0000016b44515690 nmethod 16999 0x0000016b31af7a90 code [0x0000016b31af7c80, 0x0000016b31af82b8]
Event: 292.339 Thread 0x0000016b4450aff0 nmethod 16990 0x0000016b38309110 code [0x0000016b383092a0, 0x0000016b38309598]
Event: 292.341 Thread 0x0000016b4450aff0 17000       4       org.codehaus.groovy.util.LockableObject::tryRelease (45 bytes)
Event: 292.342 Thread 0x0000016b4450aff0 nmethod 17000 0x0000016b38309810 code [0x0000016b383099a0, 0x0000016b38309af0]
Event: 292.342 Thread 0x0000016b4450aff0 17002   !   4       jdk.internal.reflect.DirectMethodHandleAccessor::invoke (92 bytes)
Event: 292.353 Thread 0x0000016b4450aff0 nmethod 17002 0x0000016b38309b90 code [0x0000016b38309e80, 0x0000016b3830a9c0]
Event: 292.353 Thread 0x0000016b4450aff0 17001       4       org.gradle.util.Path::getPath (20 bytes)
Event: 292.353 Thread 0x0000016b44515690 17003  s!   3       org.codehaus.groovy.runtime.metaclass.ClosureMetaClass::initialize (97 bytes)
Event: 292.354 Thread 0x0000016b44515690 nmethod 17003 0x0000016b31af8590 code [0x0000016b31af87c0, 0x0000016b31af9060]
Event: 292.354 Thread 0x0000016b44515690 17004       3       org.gradle.api.internal.artifacts.dependencies.DefaultProjectDependency_Decorated::setCapabilityNotationParser (12 bytes)
Event: 292.354 Thread 0x0000016b44515690 nmethod 17004 0x0000016b31af9490 code [0x0000016b31af9640, 0x0000016b31af97b0]
Event: 292.358 Thread 0x0000016b44515690 17005       3       org.gradle.api.internal.artifacts.dependencies.DefaultExternalModuleDependency_Decorated::setAttributesFactory (12 bytes)
Event: 292.358 Thread 0x0000016b44515690 nmethod 17005 0x0000016b31af9890 code [0x0000016b31af9a40, 0x0000016b31af9bb0]
Event: 292.358 Thread 0x0000016b44515690 17006       3       org.gradle.api.internal.artifacts.dependencies.DefaultExternalModuleDependency_Decorated::setObjectFactory (12 bytes)
Event: 292.358 Thread 0x0000016b44515690 nmethod 17006 0x0000016b31af9c90 code [0x0000016b31af9e40, 0x0000016b31af9fb0]
Event: 292.359 Thread 0x0000016b44515690 17007       3       org.gradle.internal.resource.UriTextResource$UriResourceLocation::getFile (8 bytes)
Event: 292.360 Thread 0x0000016b44515690 nmethod 17007 0x0000016b30b56090 code [0x0000016b30b56220, 0x0000016b30b56348]

GC Heap History (20 events):
Event: 173.321 GC heap before
{Heap before GC invocations=43 (full 0):
 garbage-first heap   total 219136K, used 179312K [0x0000000080000000, 0x0000000100000000)
  region size 1024K, 54 young (55296K), 7 survivors (7168K)
 Metaspace       used 102218K, committed 104640K, reserved 557056K
  class space    used 14532K, committed 15744K, reserved 425984K
}
Event: 173.328 GC heap after
{Heap after GC invocations=44 (full 0):
 garbage-first heap   total 219136K, used 132246K [0x0000000080000000, 0x0000000100000000)
  region size 1024K, 2 young (2048K), 2 survivors (2048K)
 Metaspace       used 102218K, committed 104640K, reserved 557056K
  class space    used 14532K, committed 15744K, reserved 425984K
}
Event: 178.588 GC heap before
{Heap before GC invocations=44 (full 0):
 garbage-first heap   total 219136K, used 200854K [0x0000000080000000, 0x0000000100000000)
  region size 1024K, 69 young (70656K), 2 survivors (2048K)
 Metaspace       used 106916K, committed 109440K, reserved 557056K
  class space    used 15263K, committed 16512K, reserved 425984K
}
Event: 178.592 GC heap after
{Heap after GC invocations=45 (full 0):
 garbage-first heap   total 219136K, used 133546K [0x0000000080000000, 0x0000000100000000)
  region size 1024K, 4 young (4096K), 4 survivors (4096K)
 Metaspace       used 106916K, committed 109440K, reserved 557056K
  class space    used 15263K, committed 16512K, reserved 425984K
}
Event: 180.497 GC heap before
{Heap before GC invocations=45 (full 0):
 garbage-first heap   total 219136K, used 203178K [0x0000000080000000, 0x0000000100000000)
  region size 1024K, 72 young (73728K), 4 survivors (4096K)
 Metaspace       used 109310K, committed 111872K, reserved 557056K
  class space    used 15609K, committed 16832K, reserved 425984K
}
Event: 180.503 GC heap after
{Heap after GC invocations=46 (full 0):
 garbage-first heap   total 219136K, used 139519K [0x0000000080000000, 0x0000000100000000)
  region size 1024K, 9 young (9216K), 9 survivors (9216K)
 Metaspace       used 109310K, committed 111872K, reserved 557056K
  class space    used 15609K, committed 16832K, reserved 425984K
}
Event: 188.048 GC heap before
{Heap before GC invocations=47 (full 0):
 garbage-first heap   total 234496K, used 201983K [0x0000000080000000, 0x0000000100000000)
  region size 1024K, 71 young (72704K), 9 survivors (9216K)
 Metaspace       used 110481K, committed 113088K, reserved 557056K
  class space    used 15767K, committed 17024K, reserved 425984K
}
Event: 188.058 GC heap after
{Heap after GC invocations=48 (full 0):
 garbage-first heap   total 234496K, used 149077K [0x0000000080000000, 0x0000000100000000)
  region size 1024K, 9 young (9216K), 9 survivors (9216K)
 Metaspace       used 110481K, committed 113088K, reserved 557056K
  class space    used 15767K, committed 17024K, reserved 425984K
}
Event: 217.728 GC heap before
{Heap before GC invocations=48 (full 0):
 garbage-first heap   total 234496K, used 219733K [0x0000000080000000, 0x0000000100000000)
  region size 1024K, 74 young (75776K), 9 survivors (9216K)
 Metaspace       used 111901K, committed 114560K, reserved 557056K
  class space    used 15991K, committed 17280K, reserved 425984K
}
Event: 217.739 GC heap after
{Heap after GC invocations=49 (full 0):
 garbage-first heap   total 241664K, used 160944K [0x0000000080000000, 0x0000000100000000)
  region size 1024K, 10 young (10240K), 10 survivors (10240K)
 Metaspace       used 111901K, committed 114560K, reserved 557056K
  class space    used 15991K, committed 17280K, reserved 425984K
}
Event: 218.674 GC heap before
{Heap before GC invocations=49 (full 0):
 garbage-first heap   total 241664K, used 173232K [0x0000000080000000, 0x0000000100000000)
  region size 1024K, 23 young (23552K), 10 survivors (10240K)
 Metaspace       used 111991K, committed 114688K, reserved 557056K
  class space    used 15998K, committed 17344K, reserved 425984K
}
Event: 218.679 GC heap after
{Heap after GC invocations=50 (full 0):
 garbage-first heap   total 241664K, used 161962K [0x0000000080000000, 0x0000000100000000)
  region size 1024K, 2 young (2048K), 2 survivors (2048K)
 Metaspace       used 111991K, committed 114688K, reserved 557056K
  class space    used 15998K, committed 17344K, reserved 425984K
}
Event: 233.255 GC heap before
{Heap before GC invocations=51 (full 0):
 garbage-first heap   total 270336K, used 226474K [0x0000000080000000, 0x0000000100000000)
  region size 1024K, 58 young (59392K), 2 survivors (2048K)
 Metaspace       used 113206K, committed 115904K, reserved 557056K
  class space    used 16157K, committed 17472K, reserved 425984K
}
Event: 233.262 GC heap after
{Heap after GC invocations=52 (full 0):
 garbage-first heap   total 270336K, used 181912K [0x0000000080000000, 0x0000000100000000)
  region size 1024K, 8 young (8192K), 8 survivors (8192K)
 Metaspace       used 113206K, committed 115904K, reserved 557056K
  class space    used 16157K, committed 17472K, reserved 425984K
}
Event: 250.339 GC heap before
{Heap before GC invocations=52 (full 0):
 garbage-first heap   total 270336K, used 244376K [0x0000000080000000, 0x0000000100000000)
  region size 1024K, 66 young (67584K), 8 survivors (8192K)
 Metaspace       used 113745K, committed 116544K, reserved 557056K
  class space    used 16226K, committed 17600K, reserved 425984K
}
Event: 250.350 GC heap after
{Heap after GC invocations=53 (full 0):
 garbage-first heap   total 270336K, used 195234K [0x0000000080000000, 0x0000000100000000)
  region size 1024K, 9 young (9216K), 9 survivors (9216K)
 Metaspace       used 113745K, committed 116544K, reserved 557056K
  class space    used 16226K, committed 17600K, reserved 425984K
}
Event: 265.185 GC heap before
{Heap before GC invocations=53 (full 0):
 garbage-first heap   total 270336K, used 245410K [0x0000000080000000, 0x0000000100000000)
  region size 1024K, 59 young (60416K), 9 survivors (9216K)
 Metaspace       used 114135K, committed 116864K, reserved 557056K
  class space    used 16260K, committed 17600K, reserved 425984K
}
Event: 265.195 GC heap after
{Heap after GC invocations=54 (full 0):
 garbage-first heap   total 270336K, used 204235K [0x0000000080000000, 0x0000000100000000)
  region size 1024K, 8 young (8192K), 8 survivors (8192K)
 Metaspace       used 114135K, committed 116864K, reserved 557056K
  class space    used 16260K, committed 17600K, reserved 425984K
}
Event: 270.618 GC heap before
{Heap before GC invocations=55 (full 0):
 garbage-first heap   total 339968K, used 246219K [0x0000000080000000, 0x0000000100000000)
  region size 1024K, 51 young (52224K), 8 survivors (8192K)
 Metaspace       used 114285K, committed 117184K, reserved 557056K
  class space    used 16276K, committed 17664K, reserved 425984K
}
Event: 270.626 GC heap after
{Heap after GC invocations=56 (full 0):
 garbage-first heap   total 339968K, used 209660K [0x0000000080000000, 0x0000000100000000)
  region size 1024K, 7 young (7168K), 7 survivors (7168K)
 Metaspace       used 114285K, committed 117184K, reserved 557056K
  class space    used 16276K, committed 17664K, reserved 425984K
}

Dll operation events (20 events):
Event: 1.532 Attempting to load shared library C:\Users\USER\.antigravity-ide\extensions\redhat.java-1.56.0-win32-x64\jre\21.0.12.1-win32-x86_64\bin\jimage.dll
Event: 1.532 Loaded shared library C:\Users\USER\.antigravity-ide\extensions\redhat.java-1.56.0-win32-x64\jre\21.0.12.1-win32-x86_64\bin\jimage.dll
Event: 1.598 Attempting to load shared library C:\Users\USER\.antigravity-ide\extensions\redhat.java-1.56.0-win32-x64\jre\21.0.12.1-win32-x86_64\bin\verify.dll
Event: 1.599 Loaded shared library C:\Users\USER\.antigravity-ide\extensions\redhat.java-1.56.0-win32-x64\jre\21.0.12.1-win32-x86_64\bin\verify.dll
Event: 2.303 Attempting to load shared library D:\gradle_cache\native\c067742578af261105cb4f569cf0c3c89f3d7b1fecec35dd04571415982c5e48\windows-amd64\native-platform.dll
Event: 2.304 Loaded shared library D:\gradle_cache\native\c067742578af261105cb4f569cf0c3c89f3d7b1fecec35dd04571415982c5e48\windows-amd64\native-platform.dll
Event: 2.310 Attempting to load shared library D:\gradle_cache\native\38dada09dfb8b06ba9b0570ebf7e218e3eb74d4ef43ca46872605cf95ebc2f47\windows-amd64\native-platform-file-events.dll
Event: 2.311 Loaded shared library D:\gradle_cache\native\38dada09dfb8b06ba9b0570ebf7e218e3eb74d4ef43ca46872605cf95ebc2f47\windows-amd64\native-platform-file-events.dll
Event: 4.386 Attempting to load shared library C:\Users\USER\.antigravity-ide\extensions\redhat.java-1.56.0-win32-x64\jre\21.0.12.1-win32-x86_64\bin\management.dll
Event: 4.386 Loaded shared library C:\Users\USER\.antigravity-ide\extensions\redhat.java-1.56.0-win32-x64\jre\21.0.12.1-win32-x86_64\bin\management.dll
Event: 4.388 Attempting to load shared library C:\Users\USER\.antigravity-ide\extensions\redhat.java-1.56.0-win32-x64\jre\21.0.12.1-win32-x86_64\bin\management_ext.dll
Event: 4.389 Loaded shared library C:\Users\USER\.antigravity-ide\extensions\redhat.java-1.56.0-win32-x64\jre\21.0.12.1-win32-x86_64\bin\management_ext.dll
Event: 5.047 Attempting to load shared library C:\Users\USER\.antigravity-ide\extensions\redhat.java-1.56.0-win32-x64\jre\21.0.12.1-win32-x86_64\bin\extnet.dll
Event: 5.047 Loaded shared library C:\Users\USER\.antigravity-ide\extensions\redhat.java-1.56.0-win32-x64\jre\21.0.12.1-win32-x86_64\bin\extnet.dll
Event: 6.814 Attempting to load shared library C:\Users\USER\.antigravity-ide\extensions\redhat.java-1.56.0-win32-x64\jre\21.0.12.1-win32-x86_64\bin\sunmscapi.dll
Event: 6.816 Loaded shared library C:\Users\USER\.antigravity-ide\extensions\redhat.java-1.56.0-win32-x64\jre\21.0.12.1-win32-x86_64\bin\sunmscapi.dll
Event: 80.114 Attempting to load shared library C:\Users\USER\AppData\Local\Temp\native-platform1481220007667275854dir\native-platform.dll
Event: 80.164 Loaded shared library C:\Users\USER\AppData\Local\Temp\native-platform1481220007667275854dir\native-platform.dll
Event: 83.861 Attempting to load shared library C:\Users\USER\.antigravity-ide\extensions\redhat.java-1.56.0-win32-x64\jre\21.0.12.1-win32-x86_64\bin\rmi.dll
Event: 83.861 Loaded shared library C:\Users\USER\.antigravity-ide\extensions\redhat.java-1.56.0-win32-x64\jre\21.0.12.1-win32-x86_64\bin\rmi.dll

Deoptimization events (20 events):
Event: 260.191 Thread 0x0000016b65b75f20 Uncommon trap: trap_request=0xffffffbe fr.pc=0x0000016b382a8f28 relative=0x0000000000001108
Event: 260.191 Thread 0x0000016b65b75f20 Uncommon trap: reason=profile_predicate action=maybe_recompile pc=0x0000016b382a8f28 method=java.util.TimSort.reverseRange([Ljava/lang/Object;II)V @ 5 c2
Event: 260.191 Thread 0x0000016b65b75f20 DEOPT PACKING pc=0x0000016b382a8f28 sp=0x00000048a0ef8010
Event: 260.191 Thread 0x0000016b65b75f20 DEOPT UNPACKING pc=0x0000016b37494422 sp=0x00000048a0ef7eb0 mode 2
Event: 262.182 Thread 0x0000016b65b75f20 DEOPT PACKING pc=0x0000016b3180c7ca sp=0x00000048a0ef6ab0
Event: 262.182 Thread 0x0000016b65b75f20 DEOPT UNPACKING pc=0x0000016b37494bc2 sp=0x00000048a0ef5fc0 mode 0
Event: 265.242 Thread 0x0000016b65b75f20 Uncommon trap: trap_request=0xffffffd6 fr.pc=0x0000016b382c8c24 relative=0x0000000000001304
Event: 265.242 Thread 0x0000016b65b75f20 Uncommon trap: reason=array_check action=maybe_recompile pc=0x0000016b382c8c24 method=java.util.TimSort.reverseRange([Ljava/lang/Object;II)V @ 27 c2
Event: 265.242 Thread 0x0000016b65b75f20 DEOPT PACKING pc=0x0000016b382c8c24 sp=0x00000048a0ef8000
Event: 265.242 Thread 0x0000016b65b75f20 DEOPT UNPACKING pc=0x0000016b37494422 sp=0x00000048a0ef7ea8 mode 2
Event: 265.369 Thread 0x0000016b65b75f20 Uncommon trap: trap_request=0xffffffd6 fr.pc=0x0000016b382c8c24 relative=0x0000000000001304
Event: 265.369 Thread 0x0000016b65b75f20 Uncommon trap: reason=array_check action=maybe_recompile pc=0x0000016b382c8c24 method=java.util.TimSort.reverseRange([Ljava/lang/Object;II)V @ 27 c2
Event: 265.369 Thread 0x0000016b65b75f20 DEOPT PACKING pc=0x0000016b382c8c24 sp=0x00000048a0ef8000
Event: 265.369 Thread 0x0000016b65b75f20 DEOPT UNPACKING pc=0x0000016b37494422 sp=0x00000048a0ef7ea8 mode 2
Event: 277.278 Thread 0x0000016b6aad5fb0 Uncommon trap: trap_request=0xffffffde fr.pc=0x0000016b37d405a0 relative=0x0000000000000180
Event: 277.278 Thread 0x0000016b6aad5fb0 Uncommon trap: reason=class_check action=maybe_recompile pc=0x0000016b37d405a0 method=java.lang.reflect.Array.newInstance(Ljava/lang/Class;I)Ljava/lang/Object; @ 2 c2
Event: 277.278 Thread 0x0000016b6aad5fb0 DEOPT PACKING pc=0x0000016b37d405a0 sp=0x00000048a88fe010
Event: 277.278 Thread 0x0000016b6aad5fb0 DEOPT UNPACKING pc=0x0000016b37494422 sp=0x00000048a88fdfa8 mode 2
Event: 285.776 Thread 0x0000016b65b75f20 DEOPT PACKING pc=0x0000016b315c50a0 sp=0x00000048a0ef8e30
Event: 285.776 Thread 0x0000016b65b75f20 DEOPT UNPACKING pc=0x0000016b37494bc2 sp=0x00000048a0ef82b8 mode 0

Classes loaded (20 events):
Event: 246.952 Loading class java/io/LineNumberReader
Event: 246.953 Loading class java/io/LineNumberReader done
Event: 246.964 Loading class java/util/regex/PatternBeanInfo
Event: 246.964 Loading class java/util/regex/PatternBeanInfo done
Event: 246.965 Loading class java/util/regex/PatternBeanInfo
Event: 246.965 Loading class java/util/regex/PatternBeanInfo done
Event: 246.965 Loading class java/util/regex/PatternCustomizer
Event: 246.965 Loading class java/util/regex/PatternCustomizer done
Event: 246.965 Loading class java/util/regex/PatternCustomizer
Event: 246.965 Loading class java/util/regex/PatternCustomizer done
Event: 246.969 Loading class java/util/regex/MatcherBeanInfo
Event: 246.969 Loading class java/util/regex/MatcherBeanInfo done
Event: 246.969 Loading class java/util/regex/MatcherBeanInfo
Event: 246.969 Loading class java/util/regex/MatcherBeanInfo done
Event: 246.969 Loading class java/util/regex/MatcherCustomizer
Event: 246.969 Loading class java/util/regex/MatcherCustomizer done
Event: 246.970 Loading class java/util/regex/MatcherCustomizer
Event: 246.970 Loading class java/util/regex/MatcherCustomizer done
Event: 277.284 Loading class java/rmi/server/Unreferenced
Event: 277.284 Loading class java/rmi/server/Unreferenced done

Classes unloaded (0 events):
No events

Classes redefined (0 events):
No events

Internal exceptions (20 events):
Event: 265.125 Thread 0x0000016b65b75f20 Exception <a 'java/lang/ClassNotFoundException'{0x000000008d376268}: build_cgejvzym8eebahlnhz6ds6hnjBeanInfo> (0x000000008d376268) 
thrown [s\src\hotspot\share\classfile\systemDictionary.cpp, line 313]
Event: 265.125 Thread 0x0000016b65b75f20 Exception <a 'java/lang/ClassNotFoundException'{0x000000008d37c810}: build_cgejvzym8eebahlnhz6ds6hnjCustomizer> (0x000000008d37c810) 
thrown [s\src\hotspot\share\classfile\systemDictionary.cpp, line 313]
Event: 266.866 Thread 0x0000016b65b75f20 Exception <a 'java/lang/ClassNotFoundException'{0x0000000093411d10}: build_cgejvzym8eebahlnhz6ds6hnjBeanInfo> (0x0000000093411d10) 
thrown [s\src\hotspot\share\classfile\systemDictionary.cpp, line 313]
Event: 266.867 Thread 0x0000016b65b75f20 Exception <a 'java/lang/ClassNotFoundException'{0x0000000093418258}: build_cgejvzym8eebahlnhz6ds6hnjCustomizer> (0x0000000093418258) 
thrown [s\src\hotspot\share\classfile\systemDictionary.cpp, line 313]
Event: 268.467 Thread 0x0000016b65b75f20 Exception <a 'java/lang/ClassNotFoundException'{0x0000000092ee00d8}: build_cody53bv2363q54enn2w8vcd8BeanInfo> (0x0000000092ee00d8) 
thrown [s\src\hotspot\share\classfile\systemDictionary.cpp, line 313]
Event: 268.467 Thread 0x0000016b65b75f20 Exception <a 'java/lang/ClassNotFoundException'{0x0000000092d0fa40}: build_cody53bv2363q54enn2w8vcd8Customizer> (0x0000000092d0fa40) 
thrown [s\src\hotspot\share\classfile\systemDictionary.cpp, line 313]
Event: 271.802 Thread 0x0000016b65b75f20 Exception <a 'java/lang/ClassNotFoundException'{0x0000000093ceb7e8}: build_cody53bv2363q54enn2w8vcd8BeanInfo> (0x0000000093ceb7e8) 
thrown [s\src\hotspot\share\classfile\systemDictionary.cpp, line 313]
Event: 271.803 Thread 0x0000016b65b75f20 Exception <a 'java/lang/ClassNotFoundException'{0x0000000093cf1d30}: build_cody53bv2363q54enn2w8vcd8Customizer> (0x0000000093cf1d30) 
thrown [s\src\hotspot\share\classfile\systemDictionary.cpp, line 313]
Event: 278.683 Thread 0x0000016b65b75f20 Exception <a 'java/lang/ClassNotFoundException'{0x00000000934fc640}: local_config_3eue9zrrt7upqadysxto1vfknBeanInfo> (0x00000000934fc640) 
thrown [s\src\hotspot\share\classfile\systemDictionary.cpp, line 313]
Event: 278.684 Thread 0x0000016b65b75f20 Exception <a 'java/lang/ClassNotFoundException'{0x0000000093307000}: local_config_3eue9zrrt7upqadysxto1vfknCustomizer> (0x0000000093307000) 
thrown [s\src\hotspot\share\classfile\systemDictionary.cpp, line 313]
Event: 278.749 Thread 0x0000016b65b75f20 Exception <a 'java/lang/ClassNotFoundException'{0x00000000931cd720}: build_cody53bv2363q54enn2w8vcd8$_run_closure2BeanInfo> (0x00000000931cd720) 
thrown [s\src\hotspot\share\classfile\systemDictionary.cpp, line 313]
Event: 278.749 Thread 0x0000016b65b75f20 Exception <a 'java/lang/ClassNotFoundException'{0x00000000931d8740}: build_cody53bv2363q54enn2w8vcd8$_run_closure2Customizer> (0x00000000931d8740) 
thrown [s\src\hotspot\share\classfile\systemDictionary.cpp, line 313]
Event: 285.777 Thread 0x0000016b65b75f20 Exception <a 'java/lang/ClassNotFoundException'{0x0000000092db8368}: user_agent_dtk5kieywub2i1it695f0numkBeanInfo> (0x0000000092db8368) 
thrown [s\src\hotspot\share\classfile\systemDictionary.cpp, line 313]
Event: 285.778 Thread 0x0000016b65b75f20 Exception <a 'java/lang/ClassNotFoundException'{0x0000000092dc29e8}: user_agent_dtk5kieywub2i1it695f0numkCustomizer> (0x0000000092dc29e8) 
thrown [s\src\hotspot\share\classfile\systemDictionary.cpp, line 313]
Event: 291.394 Thread 0x0000016b65b75f20 Exception <a 'java/lang/ClassNotFoundException'{0x00000000922ddab0}: build_8p4rlj8zn77jlkmkn0q3qbhn8BeanInfo> (0x00000000922ddab0) 
thrown [s\src\hotspot\share\classfile\systemDictionary.cpp, line 313]
Event: 291.394 Thread 0x0000016b65b75f20 Exception <a 'java/lang/ClassNotFoundException'{0x00000000922e4058}: build_8p4rlj8zn77jlkmkn0q3qbhn8Customizer> (0x00000000922e4058) 
thrown [s\src\hotspot\share\classfile\systemDictionary.cpp, line 313]
Event: 292.325 Thread 0x0000016b65b75f20 Exception <a 'java/lang/ClassNotFoundException'{0x00000000920a6390}: build_8p4rlj8zn77jlkmkn0q3qbhn8BeanInfo> (0x00000000920a6390) 
thrown [s\src\hotspot\share\classfile\systemDictionary.cpp, line 313]
Event: 292.325 Thread 0x0000016b65b75f20 Exception <a 'java/lang/ClassNotFoundException'{0x00000000920ac8d8}: build_8p4rlj8zn77jlkmkn0q3qbhn8Customizer> (0x00000000920ac8d8) 
thrown [s\src\hotspot\share\classfile\systemDictionary.cpp, line 313]
Event: 292.356 Thread 0x0000016b65b75f20 Exception <a 'java/lang/ClassNotFoundException'{0x0000000091e70f70}: build_8p4rlj8zn77jlkmkn0q3qbhn8$_run_closure2BeanInfo> (0x0000000091e70f70) 
thrown [s\src\hotspot\share\classfile\systemDictionary.cpp, line 313]
Event: 292.356 Thread 0x0000016b65b75f20 Exception <a 'java/lang/ClassNotFoundException'{0x0000000091e79f38}: build_8p4rlj8zn77jlkmkn0q3qbhn8$_run_closure2Customizer> (0x0000000091e79f38) 
thrown [s\src\hotspot\share\classfile\systemDictionary.cpp, line 313]

ZGC Phase Switch (0 events):
No events

VM Operations (20 events):
Event: 270.617 Executing safepoint VM operation: G1CollectForAllocation (G1 Evacuation Pause)
Event: 270.630 Executing safepoint VM operation: G1CollectForAllocation (G1 Evacuation Pause) done
Event: 271.631 Executing safepoint VM operation: Cleanup
Event: 271.631 Executing safepoint VM operation: Cleanup done
Event: 272.632 Executing safepoint VM operation: Cleanup
Event: 272.632 Executing safepoint VM operation: Cleanup done
Event: 277.638 Executing safepoint VM operation: Cleanup
Event: 277.640 Executing safepoint VM operation: Cleanup done
Event: 279.642 Executing safepoint VM operation: Cleanup
Event: 279.642 Executing safepoint VM operation: Cleanup done
Event: 280.642 Executing safepoint VM operation: Cleanup
Event: 280.642 Executing safepoint VM operation: Cleanup done
Event: 281.643 Executing safepoint VM operation: Cleanup
Event: 281.643 Executing safepoint VM operation: Cleanup done
Event: 286.646 Executing safepoint VM operation: Cleanup
Event: 286.646 Executing safepoint VM operation: Cleanup done
Event: 290.648 Executing safepoint VM operation: Cleanup
Event: 290.648 Executing safepoint VM operation: Cleanup done
Event: 291.648 Executing safepoint VM operation: Cleanup
Event: 291.648 Executing safepoint VM operation: Cleanup done

Memory protections (0 events):
No events

Nmethod flushes (20 events):
Event: 265.357 Thread 0x0000016b444d9ae0 flushing  nmethod 0x0000016b3802a990
Event: 265.357 Thread 0x0000016b444d9ae0 flushing  nmethod 0x0000016b38064390
Event: 265.357 Thread 0x0000016b444d9ae0 flushing  nmethod 0x0000016b2ff64a10
Event: 265.357 Thread 0x0000016b444d9ae0 flushing  nmethod 0x0000016b300bf810
Event: 265.357 Thread 0x0000016b444d9ae0 flushing  nmethod 0x0000016b301c2310
Event: 265.357 Thread 0x0000016b444d9ae0 flushing  nmethod 0x0000016b30359490
Event: 265.357 Thread 0x0000016b444d9ae0 flushing  nmethod 0x0000016b303bb390
Event: 265.357 Thread 0x0000016b444d9ae0 flushing  nmethod 0x0000016b3060da10
Event: 265.357 Thread 0x0000016b444d9ae0 flushing  nmethod 0x0000016b30644010
Event: 265.357 Thread 0x0000016b444d9ae0 flushing  nmethod 0x0000016b30a06c10
Event: 265.357 Thread 0x0000016b444d9ae0 flushing  nmethod 0x0000016b30a7a210
Event: 265.357 Thread 0x0000016b444d9ae0 flushing  nmethod 0x0000016b30a7af90
Event: 265.357 Thread 0x0000016b444d9ae0 flushing  nmethod 0x0000016b30a7df10
Event: 265.357 Thread 0x0000016b444d9ae0 flushing  nmethod 0x0000016b30a7f790
Event: 265.357 Thread 0x0000016b444d9ae0 flushing  nmethod 0x0000016b30a80090
Event: 265.357 Thread 0x0000016b444d9ae0 flushing  nmethod 0x0000016b30a85990
Event: 265.357 Thread 0x0000016b444d9ae0 flushing  nmethod 0x0000016b30b56090
Event: 265.357 Thread 0x0000016b444d9ae0 flushing  nmethod 0x0000016b31179490
Event: 265.357 Thread 0x0000016b444d9ae0 flushing  nmethod 0x0000016b31179810
Event: 265.357 Thread 0x0000016b444d9ae0 flushing  nmethod 0x0000016b316caa10

Events (20 events):
Event: 218.292 Thread 0x0000016b675b60e0 Thread exited: 0x0000016b675b60e0
Event: 223.384 Thread 0x0000016b44515690 Thread added: 0x0000016b675b67b0
Event: 223.744 Thread 0x0000016b675b67b0 Thread exited: 0x0000016b675b67b0
Event: 226.497 Thread 0x0000016b44515690 Thread added: 0x0000016b675b67b0
Event: 230.779 Thread 0x0000016b675b67b0 Thread exited: 0x0000016b675b67b0
Event: 233.186 Thread 0x0000016b4450aff0 Thread added: 0x0000016b675b67b0
Event: 233.686 Thread 0x0000016b675b67b0 Thread exited: 0x0000016b675b67b0
Event: 237.363 Thread 0x0000016b4450aff0 Thread added: 0x0000016b675b67b0
Event: 237.527 Thread 0x0000016b675b67b0 Thread exited: 0x0000016b675b67b0
Event: 237.727 Thread 0x0000016b44515690 Thread added: 0x0000016b6acadb10
Event: 238.673 Thread 0x0000016b6acadb10 Thread exited: 0x0000016b6acadb10
Event: 250.160 Thread 0x0000016b44515690 Thread added: 0x0000016b6acaf650
Event: 252.050 Thread 0x0000016b6acaf650 Thread exited: 0x0000016b6acaf650
Event: 259.790 Thread 0x0000016b4450aff0 Thread added: 0x0000016b6acafd20
Event: 259.980 Thread 0x0000016b6acafd20 Thread exited: 0x0000016b6acafd20
Event: 262.556 Thread 0x0000016b44515690 Thread added: 0x0000016b6acae8b0
Event: 263.170 Thread 0x0000016b6acae8b0 Thread exited: 0x0000016b6acae8b0
Event: 268.756 Thread 0x0000016b4450aff0 Thread added: 0x0000016b6acafd20
Event: 269.144 Thread 0x0000016b6acafd20 Thread exited: 0x0000016b6acafd20
Event: 277.265 Thread 0x0000016b66f9bcd0 Thread added: 0x0000016b6aad5fb0


Dynamic libraries:
0x00007ff7d2e90000 - 0x00007ff7d2e9e000 	C:\Users\USER\.antigravity-ide\extensions\redhat.java-1.56.0-win32-x64\jre\21.0.12.1-win32-x86_64\bin\java.exe
0x00007ff995f60000 - 0x00007ff9961c7000 	C:\WINDOWS\SYSTEM32\ntdll.dll
0x00007ff995170000 - 0x00007ff995239000 	C:\WINDOWS\System32\KERNEL32.DLL
0x00007ff992e80000 - 0x00007ff993277000 	C:\WINDOWS\System32\KERNELBASE.dll
0x00007ff992d30000 - 0x00007ff992e7b000 	C:\WINDOWS\System32\ucrtbase.dll
0x00007ff96f100000 - 0x00007ff96f118000 	C:\Users\USER\.antigravity-ide\extensions\redhat.java-1.56.0-win32-x64\jre\21.0.12.1-win32-x86_64\bin\jli.dll
0x00007ff993db0000 - 0x00007ff993f76000 	C:\WINDOWS\System32\USER32.dll
0x00007ff992c70000 - 0x00007ff992c97000 	C:\WINDOWS\System32\win32u.dll
0x00007ff995a90000 - 0x00007ff995abb000 	C:\WINDOWS\System32\GDI32.dll
0x00007ff993280000 - 0x00007ff9933ac000 	C:\WINDOWS\System32\gdi32full.dll
0x00007ff992bc0000 - 0x00007ff992c63000 	C:\WINDOWS\System32\msvcp_win.dll
0x00007ff974d30000 - 0x00007ff974d4e000 	C:\Users\USER\.antigravity-ide\extensions\redhat.java-1.56.0-win32-x64\jre\21.0.12.1-win32-x86_64\bin\VCRUNTIME140.dll
0x00007ff980750000 - 0x00007ff9809e2000 	C:\WINDOWS\WinSxS\amd64_microsoft.windows.common-controls_6595b64144ccf1df_6.0.26100.8457_none_3e0b2faee331e92d\COMCTL32.dll
0x00007ff9959e0000 - 0x00007ff995a89000 	C:\WINDOWS\System32\msvcrt.dll
0x00007ff995ac0000 - 0x00007ff995af2000 	C:\WINDOWS\System32\IMM32.DLL
0x00007ff98ed30000 - 0x00007ff98ed3c000 	C:\Users\USER\.antigravity-ide\extensions\redhat.java-1.56.0-win32-x64\jre\21.0.12.1-win32-x86_64\bin\vcruntime140_1.dll
0x00007ff968700000 - 0x00007ff96878d000 	C:\Users\USER\.antigravity-ide\extensions\redhat.java-1.56.0-win32-x64\jre\21.0.12.1-win32-x86_64\bin\msvcp140.dll
0x00007ff8d3000000 - 0x00007ff8d3da2000 	C:\Users\USER\.antigravity-ide\extensions\redhat.java-1.56.0-win32-x64\jre\21.0.12.1-win32-x86_64\bin\server\jvm.dll
0x00007ff993ce0000 - 0x00007ff993d96000 	C:\WINDOWS\System32\ADVAPI32.dll
0x00007ff995c00000 - 0x00007ff995ca7000 	C:\WINDOWS\System32\sechost.dll
0x00007ff9952d0000 - 0x00007ff9953e8000 	C:\WINDOWS\System32\RPCRT4.dll
0x00007ff995240000 - 0x00007ff9952c0000 	C:\WINDOWS\System32\WS2_32.dll
0x00007ff9927f0000 - 0x00007ff99284e000 	C:\WINDOWS\SYSTEM32\POWRPROF.dll
0x00007ff977860000 - 0x00007ff977896000 	C:\WINDOWS\SYSTEM32\WINMM.dll
0x00007ff987410000 - 0x00007ff98741b000 	C:\WINDOWS\SYSTEM32\VERSION.dll
0x00007ff9927d0000 - 0x00007ff9927e4000 	C:\WINDOWS\SYSTEM32\UMPDC.dll
0x00007ff9916e0000 - 0x00007ff9916fb000 	C:\WINDOWS\SYSTEM32\kernel.appcore.dll
0x00007ff97d550000 - 0x00007ff97d55a000 	C:\Users\USER\.antigravity-ide\extensions\redhat.java-1.56.0-win32-x64\jre\21.0.12.1-win32-x86_64\bin\jimage.dll
0x00007ff9778a0000 - 0x00007ff977ae2000 	C:\WINDOWS\SYSTEM32\DBGHELP.DLL
0x00007ff9949d0000 - 0x00007ff994d53000 	C:\WINDOWS\System32\combase.dll
0x00007ff994d60000 - 0x00007ff994e39000 	C:\WINDOWS\System32\OLEAUT32.dll
0x00007ff98ed80000 - 0x00007ff98edbb000 	C:\WINDOWS\SYSTEM32\dbgcore.DLL
0x00007ff992b10000 - 0x00007ff992bb8000 	C:\WINDOWS\System32\bcryptPrimitives.dll
0x00007ff97d3e0000 - 0x00007ff97d3ef000 	C:\Users\USER\.antigravity-ide\extensions\redhat.java-1.56.0-win32-x64\jre\21.0.12.1-win32-x86_64\bin\instrument.dll
0x00007ff96b550000 - 0x00007ff96b570000 	C:\Users\USER\.antigravity-ide\extensions\redhat.java-1.56.0-win32-x64\jre\21.0.12.1-win32-x86_64\bin\java.dll
0x00007ff994150000 - 0x00007ff9948be000 	C:\WINDOWS\System32\SHELL32.dll
0x00007ff9933b0000 - 0x00007ff993c1c000 	C:\WINDOWS\System32\windows.storage.dll
0x00007ff9948d0000 - 0x00007ff9949c6000 	C:\WINDOWS\System32\SHCORE.dll
0x00007ff995440000 - 0x00007ff9954a6000 	C:\WINDOWS\System32\shlwapi.dll
0x00007ff9928b0000 - 0x00007ff9928d9000 	C:\WINDOWS\SYSTEM32\profapi.dll
0x00007ff969240000 - 0x00007ff969258000 	C:\Users\USER\.antigravity-ide\extensions\redhat.java-1.56.0-win32-x64\jre\21.0.12.1-win32-x86_64\bin\zip.dll
0x00007ff977af0000 - 0x00007ff977b00000 	C:\Users\USER\.antigravity-ide\extensions\redhat.java-1.56.0-win32-x64\jre\21.0.12.1-win32-x86_64\bin\net.dll
0x00007ff98cc30000 - 0x00007ff98cd59000 	C:\WINDOWS\SYSTEM32\WINHTTP.dll
0x00007ff991c30000 - 0x00007ff991c9c000 	C:\WINDOWS\system32\mswsock.dll
0x00007ff9630b0000 - 0x00007ff9630c6000 	C:\Users\USER\.antigravity-ide\extensions\redhat.java-1.56.0-win32-x64\jre\21.0.12.1-win32-x86_64\bin\nio.dll
0x00007ff974d80000 - 0x00007ff974d90000 	C:\Users\USER\.antigravity-ide\extensions\redhat.java-1.56.0-win32-x64\jre\21.0.12.1-win32-x86_64\bin\verify.dll
0x00007ff9687a0000 - 0x00007ff9687c7000 	D:\gradle_cache\native\c067742578af261105cb4f569cf0c3c89f3d7b1fecec35dd04571415982c5e48\windows-amd64\native-platform.dll
0x00007ff92ce20000 - 0x00007ff92cf64000 	D:\gradle_cache\native\38dada09dfb8b06ba9b0570ebf7e218e3eb74d4ef43ca46872605cf95ebc2f47\windows-amd64\native-platform-file-events.dll
0x00007ff9900d0000 - 0x00007ff9900da000 	C:\Users\USER\.antigravity-ide\extensions\redhat.java-1.56.0-win32-x64\jre\21.0.12.1-win32-x86_64\bin\management.dll
0x00007ff98e060000 - 0x00007ff98e06c000 	C:\Users\USER\.antigravity-ide\extensions\redhat.java-1.56.0-win32-x64\jre\21.0.12.1-win32-x86_64\bin\management_ext.dll
0x00007ff995bf0000 - 0x00007ff995bf8000 	C:\WINDOWS\System32\PSAPI.DLL
0x00007ff992030000 - 0x00007ff99204b000 	C:\WINDOWS\SYSTEM32\CRYPTSP.dll
0x00007ff991640000 - 0x00007ff991679000 	C:\WINDOWS\system32\rsaenh.dll
0x00007ff991ce0000 - 0x00007ff991d13000 	C:\WINDOWS\SYSTEM32\USERENV.dll
0x00007ff992880000 - 0x00007ff9928aa000 	C:\WINDOWS\SYSTEM32\bcrypt.dll
0x00007ff991e90000 - 0x00007ff991e9c000 	C:\WINDOWS\SYSTEM32\CRYPTBASE.dll
0x00007ff9910d0000 - 0x00007ff991102000 	C:\WINDOWS\SYSTEM32\IPHLPAPI.DLL
0x00007ff993da0000 - 0x00007ff993daa000 	C:\WINDOWS\System32\NSI.dll
0x00007ff9900e0000 - 0x00007ff9900e9000 	C:\Users\USER\.antigravity-ide\extensions\redhat.java-1.56.0-win32-x64\jre\21.0.12.1-win32-x86_64\bin\extnet.dll
0x00007ff9900f0000 - 0x00007ff9900fe000 	C:\Users\USER\.antigravity-ide\extensions\redhat.java-1.56.0-win32-x64\jre\21.0.12.1-win32-x86_64\bin\sunmscapi.dll
0x00007ff992990000 - 0x00007ff992b08000 	C:\WINDOWS\System32\CRYPT32.dll
0x00007ff992190000 - 0x00007ff9921c0000 	C:\WINDOWS\SYSTEM32\ncrypt.dll
0x00007ff992140000 - 0x00007ff99217f000 	C:\WINDOWS\SYSTEM32\NTASN1.dll
0x00007ff93c270000 - 0x00007ff93c278000 	C:\WINDOWS\system32\wshunix.dll
0x00007ff92e0f0000 - 0x00007ff92e108000 	C:\WINDOWS\system32\napinsp.dll
0x00007ff991110000 - 0x00007ff991242000 	C:\WINDOWS\SYSTEM32\DNSAPI.dll
0x00007ff92e230000 - 0x00007ff92e243000 	C:\WINDOWS\System32\winrnr.dll
0x00007ff92e110000 - 0x00007ff92e132000 	C:\WINDOWS\system32\nlansp_c.dll
0x00007ff97cb20000 - 0x00007ff97cb36000 	C:\WINDOWS\system32\wshbth.dll
0x00007ff9837c0000 - 0x00007ff9837cb000 	C:\Windows\System32\rasadhlp.dll
0x00007ff98ad60000 - 0x00007ff98ade6000 	C:\WINDOWS\System32\fwpuclnt.dll
0x00007ff974130000 - 0x00007ff97414e000 	C:\Users\USER\AppData\Local\Temp\native-platform1481220007667275854dir\native-platform.dll
0x00007ff974f80000 - 0x00007ff974f87000 	C:\Users\USER\.antigravity-ide\extensions\redhat.java-1.56.0-win32-x64\jre\21.0.12.1-win32-x86_64\bin\rmi.dll

JVMTI agents:
D:\gradle_cache\wrapper\dists\gradle-8.7-bin\bhs2wmbdwecv87pi65oeuq5iu\gradle-8.7\lib\agents\gradle-instrumentation-agent-8.7.jar path:C:\Users\USER\.antigravity-ide\extensions\redhat.java-1.56.0-win32-x64\jre\21.0.12.1-win32-x86_64\bin\instrument.dll, loaded, initialized, instrumentlib options:none

dbghelp: loaded successfully - version: 4.0.5 - missing functions: none
symbol engine: initialized successfully - sym options: 0x614 - pdb path: .;C:\Users\USER\.antigravity-ide\extensions\redhat.java-1.56.0-win32-x64\jre\21.0.12.1-win32-x86_64\bin;C:\WINDOWS\SYSTEM32;C:\WINDOWS\WinSxS\amd64_microsoft.windows.common-controls_6595b64144ccf1df_6.0.26100.8457_none_3e0b2faee331e92d;C:\Users\USER\.antigravity-ide\extensions\redhat.java-1.56.0-win32-x64\jre\21.0.12.1-win32-x86_64\bin\server;D:\gradle_cache\native\c067742578af261105cb4f569cf0c3c89f3d7b1fecec35dd04571415982c5e48\windows-amd64;D:\gradle_cache\native\38dada09dfb8b06ba9b0570ebf7e218e3eb74d4ef43ca46872605cf95ebc2f47\windows-amd64;C:\Users\USER\AppData\Local\Temp\native-platform1481220007667275854dir

VM Arguments:
jvm_args: -XX:MaxMetaspaceSize=512m --add-opens=java.base/java.util=ALL-UNNAMED --add-opens=java.base/java.lang=ALL-UNNAMED --add-opens=java.base/java.lang.invoke=ALL-UNNAMED --add-opens=java.prefs/java.util.prefs=ALL-UNNAMED --add-opens=java.base/java.nio.charset=ALL-UNNAMED --add-opens=java.base/java.net=ALL-UNNAMED --add-opens=java.base/java.util.concurrent.atomic=ALL-UNNAMED -Xmx2048m -Dfile.encoding=utf8 -Duser.country=US -Duser.language=en -Duser.variant -javaagent:D:\gradle_cache\wrapper\dists\gradle-8.7-bin\bhs2wmbdwecv87pi65oeuq5iu\gradle-8.7\lib\agents\gradle-instrumentation-agent-8.7.jar 
java_command: org.gradle.launcher.daemon.bootstrap.GradleDaemon 8.7
java_class_path (initial): D:\gradle_cache\wrapper\dists\gradle-8.7-bin\bhs2wmbdwecv87pi65oeuq5iu\gradle-8.7\lib\gradle-launcher-8.7.jar
Launcher Type: SUN_STANDARD

[Global flags]
     intx CICompilerCount                          = 4                                         {product} {ergonomic}
   size_t CompressedClassSpaceSize                 = 436207616                                 {product} {ergonomic}
     uint ConcGCThreads                            = 2                                         {product} {ergonomic}
     uint G1ConcRefinementThreads                  = 8                                         {product} {ergonomic}
   size_t G1HeapRegionSize                         = 1048576                                   {product} {ergonomic}
    uintx GCDrainStackTargetSize                   = 64                                        {product} {ergonomic}
   size_t InitialHeapSize                          = 266338304                                 {product} {ergonomic}
   size_t MarkStackSize                            = 4194304                                   {product} {ergonomic}
   size_t MaxHeapSize                              = 2147483648                                {product} {command line}
   size_t MaxMetaspaceSize                         = 536870912                                 {product} {command line}
   size_t MaxNewSize                               = 1287651328                                {product} {ergonomic}
   size_t MinHeapDeltaBytes                        = 1048576                                   {product} {ergonomic}
   size_t MinHeapSize                              = 8388608                                   {product} {ergonomic}
    uintx NonNMethodCodeHeapSize                   = 5839372                                {pd product} {ergonomic}
    uintx NonProfiledCodeHeapSize                  = 122909434                              {pd product} {ergonomic}
    uintx ProfiledCodeHeapSize                     = 122909434                              {pd product} {ergonomic}
    uintx ReservedCodeCacheSize                    = 251658240                              {pd product} {ergonomic}
     bool SegmentedCodeCache                       = true                                      {product} {ergonomic}
   size_t SoftMaxHeapSize                          = 2147483648                             {manageable} {ergonomic}
     bool UseCompressedOops                        = true                           {product lp64_product} {ergonomic}
     bool UseG1GC                                  = true                                      {product} {ergonomic}
     bool UseLargePagesIndividualAllocation        = false                                  {pd product} {ergonomic}

Logging:
Log output configuration:
 #0: stdout all=warning uptime,level,tags foldmultilines=false
 #1: stderr all=off uptime,level,tags foldmultilines=false

Release file:
JAVA_VERSION="21.0.12.1" 
MODULES="java.base java.compiler java.datatransfer java.xml java.prefs java.desktop java.instrument java.logging java.management java.security.sasl java.naming java.rmi java.management.rmi java.net.http java.scripting java.security.jgss java.transaction.xa java.sql java.sql.rowset java.xml.crypto java.se java.smartcardio jdk.accessibility jdk.internal.jvmstat jdk.attach jdk.charsets jdk.internal.opt jdk.zipfs jdk.compiler jdk.crypto.ec jdk.crypto.cryptoki jdk.crypto.mscapi jdk.dynalink jdk.internal.ed jdk.editpad jdk.hotspot.agent jdk.httpserver jdk.internal.le jdk.internal.vm.ci jdk.internal.vm.compiler jdk.internal.vm.compiler.management jdk.jartool jdk.javadoc jdk.jcmd jdk.management jdk.management.agent jdk.jconsole jdk.jdeps jdk.jdwp.agent jdk.jdi jdk.jfr jdk.jshell jdk.jsobject jdk.jstatd jdk.localedata jdk.management.jfr jdk.naming.dns jdk.naming.rmi jdk.net jdk.nio.mapmode jdk.random jdk.sctp jdk.security.auth jdk.security.jgss jdk.unsupported jdk.unsupported.desktop jdk.xml.dom" 

Environment Variables:
PATH=C:\Program Files\Common Files\Oracle\Java\javapath;C:\Program Files (x86)\Common Files\Intel\Shared Libraries\redist\intel64\compiler;C:\WINDOWS\system32;C:\WINDOWS;C:\WINDOWS\System32\Wbem;C:\WINDOWS\System32\WindowsPowerShell\v1.0\;C:\WINDOWS\System32\OpenSSH\;C:\ProgramData\chocolatey\bin;C:\Program Files\Git\cmd;C:\Users\USER\AppData\Roaming\nvm;C:\Program Files\nodejs;C:\Program Files\nodejs\;D:\flutter\bin;C:\Users\USER\AppData\Local\Android\Sdk\platform-tools;D:\Java;C:\Users\USER\AppData\Local\Android\Sdk\tools\bin;C:\Users\USER\AppData\Local\Microsoft\WindowsApps;C:\Users\USER\AppData\Local\Programs\Microsoft VS Code\bin;C:\Program Files\Git\bin;C:\Users\USER\AppData\Roaming\npm;C:\Users\USER\AppData\Local\Pub\Cache\bin;C:\Program Files\Android\Android Studio\bin;D:\cursor\resources\app\bin;C:\Users\USER\AppData\Local\PowerToys\;C:\Users\USER\AppData\Local\Programs\Antigravity IDE\bin
USERNAME=USER
OS=Windows_NT
PROCESSOR_IDENTIFIER=Intel64 Family 6 Model 165 Stepping 3, GenuineIntel
TMP=C:\Users\USER\AppData\Local\Temp
TEMP=C:\Users\USER\AppData\Local\Temp




Periodic native trim disabled

---------------  S Y S T E M  ---------------

OS:
 Windows 11 , 64 bit Build 26100 (10.0.26100.8328)
OS uptime: 0 days 1:14 hours
Hyper-V role detected

CPU: total 8 (initial active 8) (4 cores per cpu, 2 threads per core) family 6 model 165 stepping 3 microcode 0xea, cx8, cmov, fxsr, ht, mmx, 3dnowpref, sse, sse2, sse3, ssse3, sse4.1, sse4.2, popcnt, lzcnt, tsc, tscinvbit, avx, avx2, aes, erms, clmul, bmi1, bmi2, adx, fma, vzeroupper, clflush, clflushopt, hv, rdtscp, f16c
Processor Information for the first 8 processors :
  Max Mhz: 3696, Current Mhz: 3696, Mhz Limit: 3696

Memory: 4k page, system-wide physical 16165M (410M free)
TotalPageFile size 28700M (AvailPageFile size 0M)
current process WorkingSet (physical memory assigned to process): 455M, peak: 471M
current process commit charge ("private bytes"): 688M, peak: 689M

vm_info: OpenJDK 64-Bit Server VM (21.0.12.1+1-LTS) for windows-amd64 JRE (21.0.12.1+1-LTS), built on 2026-08-18T00:00:00Z by "admin" with MS VC++ 17.12 (VS2022)

END.
